case_id,crosscoder_run,model_pair,model_side,model,benchmark,layer,token_scope,n_solutions,n_failures,failure_prevalence,permutations,seed,minimum_latent_activation,fraction_below_minus_1e_8,legacy_masks_reconstructed,nonprefix_legacy_masks,skipped_solutions,skipped_solution_reasons,degenerate_features,lowest_features,highest_features
deepseek_base_finetuned_layer16__a_deepseek_base__humanevalplus__layer16__evaluated_tokens,deepseek_base_finetuned_layer16,deepseek_base vs deepseek_finetuned,a,deepseek_base,humanevalplus,16,evaluated_tokens,23,5,0.21739130434782608,200,42,0.0,0.0,23,0,1,"[{""label_key"": ""('deepseek_base', 'humanevalplus', '14', 0)"", ""reason"": ""ValueError: Token mask selects zero paired token positions""}]",4297,12680 (0.0111); 9732 (0.0444); 12817 (0.0444); 15428 (0.0444); 10999 (0.0556),5818 (0.9111); 222 (0.9222); 5592 (0.9222); 14577 (0.9222); 8914 (0.9778)
deepseek_base_finetuned_layer16__b_deepseek_finetuned__humanevalplus__layer16__evaluated_tokens,deepseek_base_finetuned_layer16,deepseek_base vs deepseek_finetuned,b,deepseek_finetuned,humanevalplus,16,evaluated_tokens,12,1,0.08333333333333333,200,42,0.0,0.0,12,0,12,"[{""label_key"": ""('deepseek_finetuned', 'humanevalplus', '0', 0)"", ""reason"": ""ValueError: Token mask selects zero paired token positions""}, {""label_key"": ""('deepseek_finetuned', 'humanevalplus', '1', 0)"", ""reason"": ""ValueError: Token mask selects zero paired token positions""}, {""label_key"": ""('deepseek_finetuned', 'humanevalplus', '2', 0)"", ""reason"": ""ValueError: Token mask selects zero paired token positions""}, {""label_key"": ""('deepseek_finetuned', 'humanevalplus', '3', 0)"", ""reason"": ""ValueError: Token mask selects zero paired token positions""}, {""label_key"": ""('deepseek_finetuned', 'humanevalplus', '5', 0)"", ""reason"": ""ValueError: Token mask selects zero paired token positions""}, {""label_key"": ""('deepseek_finetuned', 'humanevalplus', '6', 0)"", ""reason"": ""ValueError: Token mask selects zero paired token positions""}, {""label_key"": ""('deepseek_finetuned', 'humanevalplus', '7', 0)"", ""reason"": ""ValueError: Token mask selects zero paired token positions""}, {""label_key"": ""('deepseek_finetuned', 'humanevalplus', '8', 0)"", ""reason"": ""ValueError: Token mask selects zero paired token positions""}, {""label_key"": ""('deepseek_finetuned', 'humanevalplus', '9', 0)"", ""reason"": ""ValueError: Token mask selects zero paired token positions""}, {""label_key"": ""('deepseek_finetuned', 'humanevalplus', '10', 0)"", ""reason"": ""ValueError: Token mask selects zero paired token positions""}, {""label_key"": ""('deepseek_finetuned', 'humanevalplus', '13', 0)"", ""reason"": ""ValueError: Token mask selects zero paired token positions""}, {""label_key"": ""('deepseek_finetuned', 'humanevalplus', '17', 0)"", ""reason"": ""ValueError: Token mask selects zero paired token positions""}]",4342,149 (0.0000); 182 (0.0000); 263 (0.0000); 350 (0.0000); 599 (0.0000),16329 (1.0000); 16333 (1.0000); 16343 (1.0000); 16355 (1.0000); 16362 (1.0000)
deepseek_base_finetuned_layer16__a_deepseek_base__bigcodebench__layer16__evaluated_tokens,deepseek_base_finetuned_layer16,deepseek_base vs deepseek_finetuned,a,deepseek_base,bigcodebench,16,evaluated_tokens,24,19,0.7916666666666666,200,42,0.0,0.0,24,0,0,[],4223,699 (0.1053); 2196 (0.1053); 1863 (0.1263); 12889 (0.1368); 16052 (0.1368),7881 (1.0000); 8461 (1.0000); 9201 (1.0000); 10416 (1.0000); 13765 (1.0000)
deepseek_base_finetuned_layer16__b_deepseek_finetuned__bigcodebench__layer16__evaluated_tokens,deepseek_base_finetuned_layer16,deepseek_base vs deepseek_finetuned,b,deepseek_finetuned,bigcodebench,16,evaluated_tokens,21,13,0.6190476190476191,200,42,0.0,0.0,21,5,3,"[{""label_key"": ""('deepseek_finetuned', 'bigcodebench', '2', 0)"", ""reason"": ""ValueError: Token mask selects zero paired token positions""}, {""label_key"": ""('deepseek_finetuned', 'bigcodebench', '20', 0)"", ""reason"": ""ValueError: Token mask selects zero paired token positions""}, {""label_key"": ""('deepseek_finetuned', 'bigcodebench', '21', 0)"", ""reason"": ""ValueError: Token mask selects zero paired token positions""}]",4271,5824 (0.0673); 4262 (0.1346); 5759 (0.1538); 6623 (0.1635); 12575 (0.1731),12060 (0.9712); 14800 (0.9712); 6007 (0.9808); 10491 (0.9904); 11362 (1.0000)
deepseek_base_merged_layer16__a_deepseek_base__humanevalplus__layer16__evaluated_tokens,deepseek_base_merged_layer16,deepseek_base vs deepseek_merged,a,deepseek_base,humanevalplus,16,evaluated_tokens,20,5,0.25,200,42,0.0,0.0,20,0,4,"[{""label_key"": ""('deepseek_base', 'humanevalplus', '4', 0)"", ""reason"": ""ValueError: Token mask selects zero paired token positions""}, {""label_key"": ""('deepseek_base', 'humanevalplus', '12', 0)"", ""reason"": ""ValueError: Token mask selects zero paired token positions""}, {""label_key"": ""('deepseek_base', 'humanevalplus', '18', 0)"", ""reason"": ""ValueError: Token mask selects zero paired token positions""}, {""label_key"": ""('deepseek_base', 'humanevalplus', '21', 0)"", ""reason"": ""ValueError: Token mask selects zero paired token positions""}]",5115,10532 (0.0267); 12061 (0.0267); 4442 (0.0400); 6073 (0.0400); 2227 (0.0533),14486 (0.9067); 11610 (0.9200); 15239 (0.9467); 8173 (0.9733); 14254 (0.9867)
deepseek_base_merged_layer16__a_deepseek_base__bigcodebench__layer16__evaluated_tokens,deepseek_base_merged_layer16,deepseek_base vs deepseek_merged,a,deepseek_base,bigcodebench,16,evaluated_tokens,24,19,0.7916666666666666,200,42,0.0,0.0,24,0,0,[],5054,6891 (0.0737); 5452 (0.0842); 10842 (0.0947); 12050 (0.0947); 3154 (0.1053),322 (1.0000); 2774 (1.0000); 3259 (1.0000); 5535 (1.0000); 10204 (1.0000)
deepseek_base_merged_layer16__b_deepseek_merged__bigcodebench__layer16__evaluated_tokens,deepseek_base_merged_layer16,deepseek_base vs deepseek_merged,b,deepseek_merged,bigcodebench,16,evaluated_tokens,19,8,0.42105263157894735,200,42,0.0,0.0,19,3,5,"[{""label_key"": ""('deepseek_merged', 'bigcodebench', '0', 0)"", ""reason"": ""ValueError: Token mask selects zero paired token positions""}, {""label_key"": ""('deepseek_merged', 'bigcodebench', '2', 0)"", ""reason"": ""ValueError: Token mask selects zero paired token positions""}, {""label_key"": ""('deepseek_merged', 'bigcodebench', '4', 0)"", ""reason"": ""ValueError: Token mask selects zero paired token positions""}, {""label_key"": ""('deepseek_merged', 'bigcodebench', '7', 0)"", ""reason"": ""ValueError: Token mask selects zero paired token positions""}, {""label_key"": ""('deepseek_merged', 'bigcodebench', '11', 0)"", ""reason"": ""ValueError: Token mask selects zero paired token positions""}]",5117,12689 (0.0568); 14215 (0.0909); 8136 (0.1364); 14392 (0.1364); 2522 (0.1477),9806 (0.9659); 2893 (0.9773); 7285 (0.9773); 3559 (1.0000); 7524 (1.0000)
codellama_base_finetuned_layer16__a_codellama_base__humanevalplus__layer16__evaluated_tokens,codellama_base_finetuned_layer16,codellama_base vs codellama_finetuned,a,codellama_base,humanevalplus,16,evaluated_tokens,24,11,0.4583333333333333,200,42,0.0,0.0,24,0,0,[],6097,3085 (0.0909); 9294 (0.1469); 9263 (0.1538); 9044 (0.1608); 1712 (0.1678),750 (0.8392); 11124 (0.8462); 1129 (0.8601); 9546 (0.8671); 1979 (0.9021)
codellama_base_finetuned_layer16__a_codellama_base__bigcodebench__layer16__evaluated_tokens,codellama_base_finetuned_layer16,codellama_base vs codellama_finetuned,a,codellama_base,bigcodebench,16,evaluated_tokens,24,17,0.7083333333333334,200,42,0.0,0.0,24,1,0,[],6085,2013 (0.1008); 13180 (0.1345); 2081 (0.1765); 3891 (0.1765); 14178 (0.1765),8488 (0.9076); 9933 (0.9076); 10448 (0.9076); 3422 (0.9160); 15479 (0.9748)
