case_id,feature_id,observed_roc_auc,signed_auc_effect,absolute_auc_effect,null_mean,null_sd,p_maxT,activation_count,activation_proportion,unique_aggregated_values,mean,median,maximum,q05,q25,q75,q95,pass_mean,pass_median,pass_maximum,fail_mean,fail_median,fail_maximum,outside_lower_ranked_envelope,outside_upper_ranked_envelope,direction
deepseek_base_finetuned_layer16__a_deepseek_base__humanevalplus__layer16__evaluated_tokens,12680,0.011111111111111112,-0.4888888888888889,0.4888888888888889,0.47488888888888914,0.14620398400273155,0.373134328358209,23,1.0,23,3.427865743637085,3.254452705383301,5.659904956817627,2.1748785972595215,2.909674644470215,4.037318229675293,4.759245872497559,3.728243827819824,3.4294180870056152,5.659904956817627,2.3465046882629395,2.2918853759765625,2.896531581878662,False,False,high_activation_associated_with_success
deepseek_base_finetuned_layer16__a_deepseek_base__humanevalplus__layer16__evaluated_tokens,8914,0.9777777777777777,0.47777777777777775,0.47777777777777775,0.49983333333333313,0.1474787178620103,0.5124378109452736,23,1.0,23,3.3223395347595215,3.2888662815093994,4.599800109863281,2.5268516540527344,2.887843608856201,3.6304783821105957,4.313577175140381,3.09342360496521,3.04508113861084,3.9755287170410156,4.146435737609863,4.1703691482543945,4.599800109863281,False,False,high_activation_associated_with_failure
deepseek_base_finetuned_layer16__a_deepseek_base__humanevalplus__layer16__evaluated_tokens,9732,0.044444444444444446,-0.45555555555555555,0.45555555555555555,0.4960555555555555,0.15539633716705875,0.8407960199004975,23,1.0,23,3.0650956630706787,3.091827869415283,4.097443103790283,2.044355630874634,2.7917635440826416,3.5240025520324707,4.026708602905273,3.2995314598083496,3.3030874729156494,4.097443103790283,2.221125841140747,2.0452396869659424,2.947633981704712,False,False,high_activation_associated_with_success
deepseek_base_finetuned_layer16__a_deepseek_base__humanevalplus__layer16__evaluated_tokens,12817,0.044444444444444446,-0.45555555555555555,0.45555555555555555,0.4784999999999999,0.1434671102671097,0.8407960199004975,23,1.0,23,3.6530864238739014,3.562178134918213,5.416481971740723,2.2124788761138916,3.2587356567382812,4.272805213928223,5.006933212280273,3.9745635986328125,3.9869778156280518,5.416481971740723,2.4957692623138428,2.4407713413238525,3.209589958190918,False,False,high_activation_associated_with_success
deepseek_base_finetuned_layer16__a_deepseek_base__humanevalplus__layer16__evaluated_tokens,15428,0.044444444444444446,-0.45555555555555555,0.45555555555555555,0.48444444444444484,0.1474097338360967,0.8407960199004975,23,1.0,23,3.2746405601501465,3.113133192062378,4.777168273925781,2.0364036560058594,2.7899866104125977,3.90841007232666,4.694941997528076,3.4833738803863525,3.3023934364318848,4.777168273925781,2.5232014656066895,2.679062604904175,2.7819581031799316,False,False,high_activation_associated_with_success
deepseek_base_finetuned_layer16__a_deepseek_base__humanevalplus__layer16__evaluated_tokens,10999,0.05555555555555555,-0.4444444444444444,0.4444444444444444,0.49000000000000005,0.14727148022916323,0.9303482587064676,23,1.0,23,3.8671646118164062,3.8152050971984863,5.8652167320251465,2.598649740219116,3.1987295150756836,4.540243148803711,5.248958110809326,4.149261951446533,4.141667366027832,5.8652167320251465,2.8516156673431396,2.8522160053253174,3.1073427200317383,False,False,high_activation_associated_with_success
deepseek_base_finetuned_layer16__a_deepseek_base__humanevalplus__layer16__evaluated_tokens,11777,0.05555555555555555,-0.4444444444444444,0.4444444444444444,0.492166666666667,0.15364620856827865,0.9303482587064676,23,1.0,23,4.9205474853515625,4.936633586883545,8.282146453857422,3.2934391498565674,3.9979991912841797,5.70088005065918,6.3761138916015625,5.338743209838867,5.14771842956543,8.282146453857422,3.4150454998016357,3.6733591556549072,4.293862342834473,False,False,high_activation_associated_with_success
deepseek_base_finetuned_layer16__a_deepseek_base__humanevalplus__layer16__evaluated_tokens,243,0.06666666666666667,-0.43333333333333335,0.43333333333333335,0.4851111111111107,0.1562541456240175,0.9800995024875622,23,1.0,23,3.1399986743927,3.12458872795105,5.178014755249023,2.196136951446533,2.4246826171875,3.7674436569213867,4.433549404144287,3.3979151248931885,3.343423843383789,5.178014755249023,2.211500644683838,2.270150899887085,2.699995517730713,False,False,high_activation_associated_with_success
deepseek_base_finetuned_layer16__a_deepseek_base__humanevalplus__layer16__evaluated_tokens,3156,0.06666666666666667,-0.43333333333333335,0.43333333333333335,0.4868333333333333,0.154520674632519,0.9800995024875622,23,1.0,23,3.3189449310302734,3.3012449741363525,4.249501705169678,2.2849347591400146,3.0131938457489014,3.8284764289855957,4.080978870391846,3.5561201572418213,3.6330504417419434,4.249501705169678,2.465116024017334,2.8506994247436523,3.0447535514831543,False,False,high_activation_associated_with_success
deepseek_base_finetuned_layer16__a_deepseek_base__humanevalplus__layer16__evaluated_tokens,3478,0.06666666666666667,-0.43333333333333335,0.43333333333333335,0.5034444444444444,0.14483447342175781,0.9800995024875622,23,1.0,23,7.7092671394348145,4.42417049407959,86.61165618896484,2.032104730606079,3.3669633865356445,5.122357368469238,6.9242777824401855,9.159442901611328,4.714208602905273,86.61165618896484,2.4886341094970703,2.4422547817230225,4.153454780578613,False,False,high_activation_associated_with_success
deepseek_base_finetuned_layer16__b_deepseek_finetuned__humanevalplus__layer16__evaluated_tokens,149,0.0,-0.5,0.5,0.5013636363636365,0.3004098440134163,1.0,12,1.0,12,3.680493116378784,3.7120578289031982,5.3188090324401855,2.832963228225708,2.9932634830474854,4.021352767944336,4.9436235427856445,3.771005392074585,3.7568891048431396,5.3188090324401855,2.6848573684692383,2.6848573684692383,2.6848573684692383,False,False,high_activation_associated_with_success
deepseek_base_finetuned_layer16__b_deepseek_finetuned__humanevalplus__layer16__evaluated_tokens,182,0.0,-0.5,0.5,0.49818181818181806,0.3032823194471719,1.0,12,1.0,12,3.767942190170288,3.779247522354126,5.116967678070068,2.863020896911621,3.154125213623047,4.26237678527832,4.867074012756348,3.852802038192749,3.8228116035461426,5.116967678070068,2.8344857692718506,2.8344857692718506,2.8344857692718506,False,False,high_activation_associated_with_success
deepseek_base_finetuned_layer16__b_deepseek_finetuned__humanevalplus__layer16__evaluated_tokens,263,0.0,-0.5,0.5,0.5359090909090907,0.31588750743796806,1.0,12,1.0,12,3.0716822147369385,3.1000261306762695,3.7847917079925537,2.0893077850341797,2.830380439758301,3.4777660369873047,3.7601380348205566,3.1635866165161133,3.1616830825805664,3.7847917079925537,2.060732364654541,2.060732364654541,2.060732364654541,False,False,high_activation_associated_with_success
deepseek_base_finetuned_layer16__b_deepseek_finetuned__humanevalplus__layer16__evaluated_tokens,350,0.0,-0.5,0.5,0.5309090909090909,0.32402938342427273,1.0,12,1.0,12,3.776007890701294,3.4695611000061035,5.359638214111328,2.846748113632202,3.199002981185913,4.152719020843506,5.247375011444092,3.8824539184570312,3.5958240032196045,5.359638214111328,2.605102062225342,2.605102062225342,2.605102062225342,False,False,high_activation_associated_with_success
deepseek_base_finetuned_layer16__b_deepseek_finetuned__humanevalplus__layer16__evaluated_tokens,599,0.0,-0.5,0.5,0.49636363636363634,0.31027047651209316,1.0,12,1.0,12,3.4562666416168213,3.3766121864318848,4.985585689544678,2.6052956581115723,2.862560749053955,3.7695274353027344,4.783507823944092,3.544739007949829,3.613323926925659,4.985585689544678,2.483069658279419,2.483069658279419,2.483069658279419,False,False,high_activation_associated_with_success
deepseek_base_finetuned_layer16__b_deepseek_finetuned__humanevalplus__layer16__evaluated_tokens,655,0.0,-0.5,0.5,0.5077272727272726,0.3137717099268405,1.0,12,1.0,12,3.4172351360321045,3.5330138206481934,5.114950656890869,2.126431465148926,2.840256690979004,3.927823543548584,4.49444055557251,3.558328866958618,3.5622828006744385,5.114950656890869,1.8652081489562988,1.8652081489562988,1.8652081489562988,False,False,high_activation_associated_with_success
deepseek_base_finetuned_layer16__b_deepseek_finetuned__humanevalplus__layer16__evaluated_tokens,735,0.0,-0.5,0.5,0.51,0.3127840857484927,1.0,12,1.0,12,3.4351723194122314,3.2343640327453613,4.582893371582031,2.5245842933654785,2.894801139831543,4.104653835296631,4.471546173095703,3.539125919342041,3.3908989429473877,4.582893371582031,2.291685104370117,2.291685104370117,2.291685104370117,False,False,high_activation_associated_with_success
deepseek_base_finetuned_layer16__b_deepseek_finetuned__humanevalplus__layer16__evaluated_tokens,815,0.0,-0.5,0.5,0.49590909090909085,0.3178956505334715,1.0,12,1.0,12,3.7567832469940186,3.5801196098327637,4.9544477462768555,2.855811357498169,3.1649322509765625,4.504463195800781,4.8610076904296875,3.857905387878418,3.7229743003845215,4.9544477462768555,2.6444406509399414,2.6444406509399414,2.6444406509399414,False,False,high_activation_associated_with_success
deepseek_base_finetuned_layer16__b_deepseek_finetuned__humanevalplus__layer16__evaluated_tokens,913,0.0,-0.5,0.5,0.5177272727272729,0.3195034241076746,1.0,12,1.0,12,3.40337872505188,3.451814889907837,4.6410908699035645,2.55208683013916,2.6896307468414307,3.6904940605163574,4.562699317932129,3.4808595180511475,3.5038394927978516,4.6410908699035645,2.5510940551757812,2.5510940551757812,2.5510940551757812,False,False,high_activation_associated_with_success
deepseek_base_finetuned_layer16__b_deepseek_finetuned__humanevalplus__layer16__evaluated_tokens,1168,0.0,-0.5,0.5,0.4968181818181821,0.3009458230807529,1.0,12,1.0,12,5.023674011230469,4.818033218383789,7.548953533172607,3.459519624710083,4.242605209350586,5.510522842407227,7.23153018951416,5.174493789672852,5.049057960510254,7.548953533172607,3.364654064178467,3.364654064178467,3.364654064178467,False,False,high_activation_associated_with_success
deepseek_base_finetuned_layer16__a_deepseek_base__bigcodebench__layer16__evaluated_tokens,2925,1.0,0.5,0.5,0.49442105263157893,0.1491876804193953,0.23880597014925373,24,1.0,24,15.871771812438965,20.221271514892578,23.293928146362305,3.289655923843384,4.7302141189575195,21.71076774597168,22.43393898010254,3.480693817138672,3.354722499847412,4.144559383392334,19.132579803466797,20.632661819458008,23.293928146362305,False,False,high_activation_associated_with_failure
deepseek_base_finetuned_layer16__a_deepseek_base__bigcodebench__layer16__evaluated_tokens,2941,1.0,0.5,0.5,0.49173684210526303,0.1498822344726897,0.23880597014925373,24,1.0,24,11.644988059997559,12.58320426940918,17.596343994140625,4.2449798583984375,6.145934104919434,16.73412322998047,17.38524055480957,4.536430358886719,4.378857612609863,5.154638290405273,13.515660285949707,13.206377029418945,17.596343994140625,False,False,high_activation_associated_with_failure
deepseek_base_finetuned_layer16__a_deepseek_base__bigcodebench__layer16__evaluated_tokens,3066,1.0,0.5,0.5,0.5066315789473681,0.15717488539311347,0.23880597014925373,24,1.0,24,3.7475662231445312,3.7452492713928223,4.776950836181641,3.024628162384033,3.2798755168914795,4.239871978759766,4.521492958068848,3.0604374408721924,3.085146903991699,3.12062668800354,3.92838978767395,3.8792107105255127,4.776950836181641,False,False,high_activation_associated_with_failure
deepseek_base_finetuned_layer16__a_deepseek_base__bigcodebench__layer16__evaluated_tokens,3359,1.0,0.5,0.5,0.5096842105263159,0.13904446368297624,0.23880597014925373,24,1.0,24,4.399784088134766,4.390638828277588,5.5367207527160645,3.450209617614746,3.9521806240081787,4.811197280883789,5.44288969039917,3.548194169998169,3.5882956981658936,3.78749942779541,4.623887062072754,4.707485675811768,5.5367207527160645,False,True,high_activation_associated_with_failure
deepseek_base_finetuned_layer16__a_deepseek_base__bigcodebench__layer16__evaluated_tokens,3578,1.0,0.5,0.5,0.4826842105263159,0.15249866263434309,0.23880597014925373,24,1.0,24,15.988198280334473,18.307823181152344,20.555498123168945,6.666291236877441,13.425358772277832,19.276371002197266,20.232067108154297,7.460391044616699,7.28804349899292,9.772205352783203,18.232357025146484,18.798839569091797,20.555498123168945,False,True,high_activation_associated_with_failure
deepseek_base_finetuned_layer16__a_deepseek_base__bigcodebench__layer16__evaluated_tokens,4532,1.0,0.5,0.5,0.4977894736842108,0.14592370791566342,0.23880597014925373,24,1.0,24,4.353922367095947,4.486464977264404,5.224140644073486,3.502450704574585,3.786229133605957,4.835879325866699,5.119510173797607,3.5195975303649902,3.5066847801208496,3.684962272644043,4.57348108291626,4.542593002319336,5.224140644073486,False,True,high_activation_associated_with_failure
deepseek_base_finetuned_layer16__a_deepseek_base__bigcodebench__layer16__evaluated_tokens,7074,1.0,0.5,0.5,0.505157894736842,0.14280525452595175,0.23880597014925373,24,1.0,24,17.80787467956543,26.30438232421875,29.196596145629883,4.524165630340576,5.486606121063232,27.530662536621094,28.969329833984375,4.5490899085998535,4.632632255554199,4.790917873382568,21.297025680541992,26.982704162597656,29.196596145629883,False,True,high_activation_associated_with_failure
deepseek_base_finetuned_layer16__a_deepseek_base__bigcodebench__layer16__evaluated_tokens,7881,1.0,0.5,0.5,0.4968947368421055,0.14839976517740533,0.23880597014925373,24,1.0,24,4.600958824157715,4.581924915313721,5.8428497314453125,3.6896727085113525,4.050167083740234,5.10105037689209,5.587916851043701,3.7662315368652344,3.7769219875335693,3.960679292678833,4.820623397827148,4.981017112731934,5.8428497314453125,False,True,high_activation_associated_with_failure
deepseek_base_finetuned_layer16__a_deepseek_base__bigcodebench__layer16__evaluated_tokens,8461,1.0,0.5,0.5,0.5077368421052634,0.1465691766563021,0.23880597014925373,24,1.0,24,4.690011501312256,4.490939140319824,6.809088230133057,3.7952494621276855,4.127110958099365,4.956259727478027,6.005024433135986,3.9104607105255127,3.8598642349243164,4.107066631317139,4.895155429840088,4.782743453979492,6.809088230133057,False,True,high_activation_associated_with_failure
deepseek_base_finetuned_layer16__a_deepseek_base__bigcodebench__layer16__evaluated_tokens,9201,1.0,0.5,0.5,0.49668421052631556,0.148790423171994,0.23880597014925373,24,1.0,24,5.872314929962158,6.125957012176514,8.057110786437988,3.753230571746826,5.0491623878479,6.72742223739624,7.768130779266357,4.095668792724609,4.330489158630371,4.856738090515137,6.339852809906006,6.401793479919434,8.057110786437988,False,True,high_activation_associated_with_failure
deepseek_base_finetuned_layer16__b_deepseek_finetuned__bigcodebench__layer16__evaluated_tokens,11362,1.0,0.5,0.5,0.4908173076923077,0.1405238294849183,0.09950248756218906,21,1.0,21,4.746653079986572,4.678398609161377,7.121194362640381,3.3992483615875244,4.014306545257568,5.351023197174072,6.574392795562744,3.6993260383605957,3.841540575027466,4.401500701904297,5.391161918640137,5.098942756652832,7.121194362640381,False,False,high_activation_associated_with_failure
deepseek_base_finetuned_layer16__b_deepseek_finetuned__bigcodebench__layer16__evaluated_tokens,10491,0.9903846153846154,0.4903846153846154,0.4903846153846154,0.49076923076923057,0.1344705264554555,0.13432835820895522,21,1.0,21,4.601975917816162,4.6571125984191895,6.330887794494629,3.516343116760254,4.322739601135254,5.050415992736816,5.419234275817871,3.838719606399536,3.842510223388672,4.566844940185547,5.071671485900879,5.028206825256348,6.330887794494629,False,True,high_activation_associated_with_failure
deepseek_base_finetuned_layer16__b_deepseek_finetuned__bigcodebench__layer16__evaluated_tokens,6007,0.9807692307692307,0.4807692307692307,0.4807692307692307,0.48778846153846184,0.1352413673430886,0.22885572139303484,21,1.0,21,4.3210129737854,4.411566257476807,6.007483005523682,3.1695964336395264,3.669725179672241,4.736659526824951,5.368119716644287,3.589574098587036,3.627472400665283,4.289851188659668,4.771129131317139,4.642580032348633,6.007483005523682,False,False,high_activation_associated_with_failure
deepseek_base_finetuned_layer16__b_deepseek_finetuned__bigcodebench__layer16__evaluated_tokens,1689,0.9711538461538461,0.47115384615384615,0.47115384615384615,0.5059615384615385,0.1436931003931355,0.2885572139303483,21,1.0,21,4.029361724853516,4.138193607330322,6.137300968170166,3.0403945446014404,3.5763628482818604,4.404257297515869,4.989792346954346,3.3746862411499023,3.27409029006958,4.043369770050049,4.432239055633545,4.275466442108154,6.137300968170166,False,False,high_activation_associated_with_failure
deepseek_base_finetuned_layer16__b_deepseek_finetuned__bigcodebench__layer16__evaluated_tokens,12060,0.9711538461538461,0.47115384615384615,0.47115384615384615,0.48456730769230766,0.13072290433659758,0.2885572139303483,21,1.0,21,3.958007335662842,4.119708061218262,5.510461807250977,2.595500946044922,3.3375630378723145,4.581872940063477,5.246396541595459,3.1049857139587402,3.0685341358184814,4.119708061218262,4.482944965362549,4.251761436462402,5.510461807250977,False,True,high_activation_associated_with_failure
deepseek_base_finetuned_layer16__b_deepseek_finetuned__bigcodebench__layer16__evaluated_tokens,14800,0.9711538461538461,0.47115384615384615,0.47115384615384615,0.4959615384615384,0.13623123615434934,0.2885572139303483,21,1.0,21,3.2904751300811768,3.2424228191375732,4.207248687744141,2.6049861907958984,3.0162298679351807,3.6137607097625732,4.142488479614258,2.8022546768188477,2.953184127807617,3.216278553009033,3.5909183025360107,3.587698221206665,4.207248687744141,False,False,high_activation_associated_with_failure
deepseek_base_finetuned_layer16__b_deepseek_finetuned__bigcodebench__layer16__evaluated_tokens,9009,0.9615384615384616,0.46153846153846156,0.46153846153846156,0.49129807692307703,0.14117139084791505,0.40298507462686567,21,1.0,21,4.034212589263916,4.2024641036987305,5.413594722747803,2.7368695735931396,3.614651918411255,4.662594795227051,4.870055198669434,3.2747416496276855,3.4753708839416504,4.339536190032959,4.501580238342285,4.505761623382568,5.413594722747803,False,True,high_activation_associated_with_failure
deepseek_base_finetuned_layer16__b_deepseek_finetuned__bigcodebench__layer16__evaluated_tokens,9076,0.9615384615384616,0.46153846153846156,0.46153846153846156,0.5023557692307697,0.13976912460041924,0.40298507462686567,21,1.0,21,4.231257438659668,4.41977596282959,5.024906635284424,2.604456663131714,4.112634658813477,4.7098388671875,4.948249340057373,3.6302783489227295,3.9318816661834717,4.1851935386657715,4.601089954376221,4.642150402069092,5.024906635284424,False,True,high_activation_associated_with_failure
deepseek_base_finetuned_layer16__b_deepseek_finetuned__bigcodebench__layer16__evaluated_tokens,9175,0.9615384615384616,0.46153846153846156,0.46153846153846156,0.4925961538461541,0.12318471091396996,0.40298507462686567,21,1.0,21,4.384941101074219,4.413412570953369,5.5744242668151855,3.4821724891662598,4.101689338684082,4.83928918838501,5.300108432769775,3.783897876739502,3.780819892883301,4.413412570953369,4.7548136711120605,4.743651866912842,5.5744242668151855,False,False,high_activation_associated_with_failure
deepseek_base_finetuned_layer16__b_deepseek_finetuned__bigcodebench__layer16__evaluated_tokens,11176,0.9615384615384616,0.46153846153846156,0.46153846153846156,0.48605769230769225,0.1360118161308757,0.40298507462686567,21,1.0,21,3.4858860969543457,3.5539448261260986,4.775627613067627,2.242115020751953,3.159562349319458,4.0692644119262695,4.177175998687744,2.8752856254577637,2.991964817047119,3.6076173782348633,3.8616394996643066,3.88754940032959,4.775627613067627,False,True,high_activation_associated_with_failure
deepseek_base_merged_layer16__a_deepseek_base__humanevalplus__layer16__evaluated_tokens,14254,0.9866666666666667,0.4866666666666667,0.4866666666666667,0.49519999999999975,0.1437654880545241,0.6268656716417911,20,1.0,20,4.136416435241699,4.233100414276123,5.984697341918945,2.675309419631958,3.15128231048584,4.958900451660156,5.681369304656982,3.6956307888031006,3.392076253890991,5.019988059997559,5.4587721824646,5.427630424499512,5.984697341918945,False,False,high_activation_associated_with_failure
deepseek_base_merged_layer16__a_deepseek_base__humanevalplus__layer16__evaluated_tokens,8173,0.9733333333333334,0.4733333333333334,0.4733333333333334,0.5045999999999995,0.15563545725687264,0.7810945273631841,20,1.0,20,3.902578353881836,3.894413471221924,5.5100932121276855,2.742811918258667,3.469799757003784,4.382839202880859,4.883880138397217,3.601372718811035,3.597417116165161,4.59506893157959,4.806197166442871,4.756078243255615,5.5100932121276855,False,False,high_activation_associated_with_failure
deepseek_base_merged_layer16__a_deepseek_base__humanevalplus__layer16__evaluated_tokens,10532,0.02666666666666667,-0.47333333333333333,0.47333333333333333,0.49833333333333313,0.14275036485650994,0.8557213930348259,20,1.0,20,4.429583549499512,4.3760600090026855,6.3103179931640625,2.597316026687622,3.6227262020111084,5.258029460906982,5.985979080200195,4.922216892242432,5.036342620849609,6.3103179931640625,2.951683521270752,2.7391560077667236,3.623769998550415,False,False,high_activation_associated_with_success
deepseek_base_merged_layer16__a_deepseek_base__humanevalplus__layer16__evaluated_tokens,12061,0.02666666666666667,-0.47333333333333333,0.47333333333333333,0.4857333333333333,0.14085144262267515,0.8557213930348259,20,1.0,20,3.4971346855163574,3.4933576583862305,5.119957447052002,2.6272237300872803,2.9236297607421875,3.920236349105835,4.834760665893555,3.8078980445861816,3.808250665664673,5.119957447052002,2.564845323562622,2.724271774291992,2.946826934814453,False,False,high_activation_associated_with_success
deepseek_base_merged_layer16__a_deepseek_base__humanevalplus__layer16__evaluated_tokens,4442,0.04,-0.46,0.46,0.49719999999999986,0.14401598676690205,0.8905472636815921,20,1.0,20,3.964097261428833,4.119101524353027,5.768143653869629,2.484201669692993,3.582251787185669,4.454853534698486,4.81057071685791,4.278253555297852,4.159463882446289,5.768143653869629,3.0216288566589355,3.0651485919952393,3.6500329971313477,False,False,high_activation_associated_with_success
deepseek_base_merged_layer16__a_deepseek_base__humanevalplus__layer16__evaluated_tokens,6073,0.04,-0.46,0.46,0.49079999999999996,0.14207597341641637,0.8905472636815921,20,1.0,20,3.723156690597534,3.5666303634643555,5.788113117218018,2.442657709121704,3.0701587200164795,4.474825382232666,5.435266971588135,4.102061748504639,4.0843377113342285,5.788113117218018,2.5864412784576416,2.6716692447662354,3.095026969909668,False,False,high_activation_associated_with_success
deepseek_base_merged_layer16__a_deepseek_base__humanevalplus__layer16__evaluated_tokens,2227,0.05333333333333334,-0.44666666666666666,0.44666666666666666,0.4889333333333335,0.1434254587659452,0.9900497512437811,20,1.0,20,3.7283618450164795,3.4351377487182617,5.829765796661377,2.473186731338501,3.1485743522644043,4.232823371887207,5.084027290344238,4.043105125427246,4.028976917266846,5.829765796661377,2.7841320037841797,2.656942844390869,3.2142627239227295,False,False,high_activation_associated_with_success
deepseek_base_merged_layer16__a_deepseek_base__humanevalplus__layer16__evaluated_tokens,3977,0.05333333333333334,-0.44666666666666666,0.44666666666666666,0.48760000000000014,0.14465597502734198,0.9900497512437811,20,1.0,20,3.2618911266326904,3.172821044921875,5.1811723709106445,1.9181995391845703,2.547898054122925,3.9465084075927734,4.939952850341797,3.6055855751037598,3.4044268131256104,5.1811723709106445,2.2308082580566406,2.0871474742889404,2.9699413776397705,False,False,high_activation_associated_with_success
deepseek_base_merged_layer16__a_deepseek_base__humanevalplus__layer16__evaluated_tokens,5986,0.05333333333333334,-0.44666666666666666,0.44666666666666666,0.4866,0.13479859873983172,0.9900497512437811,20,1.0,20,3.4414641857147217,3.3753161430358887,4.8445143699646,2.3913140296936035,2.900688886642456,3.9318575859069824,4.560298442840576,3.722560167312622,3.566211223602295,4.8445143699646,2.5981762409210205,2.7672977447509766,3.002753973007202,False,False,high_activation_associated_with_success
deepseek_base_merged_layer16__a_deepseek_base__humanevalplus__layer16__evaluated_tokens,15239,0.9466666666666667,0.44666666666666666,0.44666666666666666,0.4966666666666667,0.15872127911670889,0.9900497512437811,20,1.0,20,4.1116557121276855,3.972975730895996,7.245121479034424,2.18471097946167,3.4717764854431152,4.757758140563965,5.759890079498291,3.6536269187927246,3.882307291030884,5.681721210479736,5.485741138458252,5.193411350250244,7.245121479034424,False,False,high_activation_associated_with_failure
deepseek_base_merged_layer16__a_deepseek_base__bigcodebench__layer16__evaluated_tokens,322,1.0,0.5,0.5,0.5093684210526316,0.14866269988786743,0.21890547263681592,24,1.0,24,5.020984649658203,5.166400909423828,7.0656538009643555,3.587362289428711,4.288039207458496,5.623413562774658,6.535561561584473,3.6727123260498047,3.6860921382904053,3.886340856552124,5.37579345703125,5.50453519821167,7.0656538009643555,False,False,high_activation_associated_with_failure
deepseek_base_merged_layer16__a_deepseek_base__bigcodebench__layer16__evaluated_tokens,2774,1.0,0.5,0.5,0.5000526315789476,0.1464141944740671,0.21890547263681592,24,1.0,24,4.168842792510986,4.000689506530762,5.483462333679199,3.2753186225891113,3.7439684867858887,4.673295021057129,5.066290378570557,3.3868725299835205,3.4527242183685303,3.653930902481079,4.374624729156494,4.266549587249756,5.483462333679199,False,True,high_activation_associated_with_failure
deepseek_base_merged_layer16__a_deepseek_base__bigcodebench__layer16__evaluated_tokens,3259,1.0,0.5,0.5,0.5014736842105265,0.15012474960249905,0.21890547263681592,24,1.0,24,6.158553600311279,5.981524467468262,8.024847030639648,4.619786739349365,5.543430805206299,7.109889030456543,7.339367389678955,4.947030067443848,5.2410359382629395,5.4699015617370605,6.477376461029053,6.287208080291748,8.024847030639648,False,True,high_activation_associated_with_failure
deepseek_base_merged_layer16__a_deepseek_base__bigcodebench__layer16__evaluated_tokens,5535,1.0,0.5,0.5,0.5083157894736845,0.13750684697130042,0.21890547263681592,24,1.0,24,7.569614887237549,8.454415321350098,10.11677360534668,4.6515936851501465,5.693353652954102,9.236249923706055,9.587528228759766,4.663899898529053,4.995751857757568,5.005987167358398,8.334277153015137,8.862009048461914,10.11677360534668,False,False,high_activation_associated_with_failure
deepseek_base_merged_layer16__a_deepseek_base__bigcodebench__layer16__evaluated_tokens,10204,1.0,0.5,0.5,0.510157894736842,0.1414287111318287,0.21890547263681592,24,1.0,24,6.070703983306885,5.6133575439453125,10.522138595581055,4.314565658569336,4.996182441711426,6.704931259155273,9.128799438476562,4.39498233795166,4.4706950187683105,4.640726566314697,6.511684417724609,6.220374584197998,10.522138595581055,False,True,high_activation_associated_with_failure
deepseek_base_merged_layer16__a_deepseek_base__bigcodebench__layer16__evaluated_tokens,3407,0.9894736842105263,0.4894736842105263,0.4894736842105263,0.49184210526315775,0.14779238826035992,0.36318407960199006,24,1.0,24,4.077274799346924,3.9076359272003174,5.333201885223389,3.2654027938842773,3.6648831367492676,4.533810138702393,5.082836627960205,3.3430657386779785,3.2771401405334473,3.644094944000244,4.270488262176514,4.005136013031006,5.333201885223389,False,True,high_activation_associated_with_failure
deepseek_base_merged_layer16__a_deepseek_base__bigcodebench__layer16__evaluated_tokens,5265,0.9894736842105263,0.4894736842105263,0.4894736842105263,0.4981578947368421,0.14705959181810047,0.36318407960199006,24,1.0,24,9.414795875549316,8.078502655029297,14.386821746826172,4.757090091705322,6.068530082702637,13.461335182189941,13.945161819458008,4.706918239593506,4.826526165008545,5.709984302520752,10.653712272644043,12.722387313842773,14.386821746826172,False,True,high_activation_associated_with_failure
deepseek_base_merged_layer16__a_deepseek_base__bigcodebench__layer16__evaluated_tokens,5937,0.9894736842105263,0.4894736842105263,0.4894736842105263,0.4918421052631578,0.15073940566770389,0.36318407960199006,24,1.0,24,4.218997478485107,4.207573890686035,5.87205171585083,3.407123327255249,3.8526768684387207,4.434473037719727,5.278950214385986,3.4862804412841797,3.411015033721924,3.837801456451416,4.4118170738220215,4.2473835945129395,5.87205171585083,False,True,high_activation_associated_with_failure
deepseek_base_merged_layer16__a_deepseek_base__bigcodebench__layer16__evaluated_tokens,10090,0.9894736842105263,0.4894736842105263,0.4894736842105263,0.4936315789473683,0.14681624937428636,0.36318407960199006,24,1.0,24,8.086745262145996,6.607365608215332,14.668013572692871,3.6579129695892334,4.80592679977417,13.54275131225586,14.083340644836426,3.958075761795044,3.931344985961914,4.498682975769043,9.173236846923828,6.934356212615967,14.668013572692871,False,True,high_activation_associated_with_failure
deepseek_base_merged_layer16__a_deepseek_base__bigcodebench__layer16__evaluated_tokens,11239,0.9894736842105263,0.4894736842105263,0.4894736842105263,0.49947368421052607,0.15249267726844715,0.36318407960199006,24,1.0,24,2.6976890563964844,2.696563720703125,3.985255479812622,1.9225590229034424,2.4158105850219727,2.998779296875,3.3054356575012207,2.0513370037078857,2.007925271987915,2.407707929611206,2.8677818775177,2.785031795501709,3.985255479812622,False,True,high_activation_associated_with_failure
deepseek_base_merged_layer16__b_deepseek_merged__bigcodebench__layer16__evaluated_tokens,3559,1.0,0.5,0.5,0.5056818181818179,0.14797182555143756,0.19402985074626866,19,1.0,19,4.590514659881592,4.539783954620361,5.762112140655518,3.534546136856079,4.205874919891357,5.084771156311035,5.562014102935791,4.11378288269043,4.400396823883057,4.696302890777588,5.2460198402404785,5.145356178283691,5.762112140655518,False,False,high_activation_associated_with_failure
deepseek_base_merged_layer16__b_deepseek_merged__bigcodebench__layer16__evaluated_tokens,7524,1.0,0.5,0.5,0.5067613636363635,0.1481902600600087,0.19402985074626866,19,1.0,19,3.9163753986358643,4.004519939422607,4.909842014312744,2.7970988750457764,3.6786322593688965,4.312735080718994,4.780065536499023,3.5345566272735596,3.7371129989624023,4.098042011260986,4.441376686096191,4.366624355316162,4.909842014312744,False,False,high_activation_associated_with_failure
deepseek_base_merged_layer16__b_deepseek_merged__bigcodebench__layer16__evaluated_tokens,2893,0.9772727272727273,0.4772727272727273,0.4772727272727273,0.5197159090909089,0.14309826882352367,0.4129353233830846,19,1.0,19,3.7866897583007812,3.7073779106140137,5.013277053833008,2.84829044342041,3.5048980712890625,4.041415214538574,4.849090099334717,3.4358060359954834,3.512709140777588,3.8672900199890137,4.269155025482178,4.24342155456543,5.013277053833008,False,False,high_activation_associated_with_failure
deepseek_base_merged_layer16__b_deepseek_merged__bigcodebench__layer16__evaluated_tokens,7285,0.9772727272727273,0.4772727272727273,0.4772727272727273,0.5058522727272724,0.14224067267057336,0.4129353233830846,19,1.0,19,5.871349334716797,5.093414306640625,13.530460357666016,4.078352928161621,4.562946796417236,6.131402015686035,10.919143676757812,4.634214878082275,4.640336513519287,5.772369861602783,7.5724101066589355,6.293900966644287,13.530460357666016,False,False,high_activation_associated_with_failure
deepseek_base_merged_layer16__b_deepseek_merged__bigcodebench__layer16__evaluated_tokens,9806,0.9659090909090909,0.46590909090909094,0.46590909090909094,0.5065340909090906,0.13673924359391657,0.5572139303482587,19,1.0,19,4.137962818145752,3.9901928901672363,6.0881266593933105,3.4026713371276855,3.647613525390625,4.425863265991211,4.965056896209717,3.7524945735931396,3.6952874660491943,4.228418350219727,4.667981147766113,4.560166358947754,6.0881266593933105,False,False,high_activation_associated_with_failure
deepseek_base_merged_layer16__b_deepseek_merged__bigcodebench__layer16__evaluated_tokens,784,0.9431818181818182,0.44318181818181823,0.44318181818181823,0.5096022727272727,0.14028038582684038,0.7313432835820896,19,1.0,19,4.727608680725098,4.873948574066162,6.230079174041748,3.4553110599517822,4.190492153167725,5.142618179321289,6.090358257293701,4.217888355255127,4.198685646057129,5.0814528465271,5.428473472595215,5.234870910644531,6.230079174041748,False,False,high_activation_associated_with_failure
deepseek_base_merged_layer16__b_deepseek_merged__bigcodebench__layer16__evaluated_tokens,4663,0.9431818181818182,0.44318181818181823,0.44318181818181823,0.4972727272727274,0.14359266452637784,0.7313432835820896,19,1.0,19,4.600597381591797,4.474518775939941,6.4581451416015625,3.4676129817962646,4.087236404418945,5.012214183807373,6.10861349105835,4.099321365356445,4.171697616577148,5.038906574249268,5.289852142333984,5.155246257781982,6.4581451416015625,False,False,high_activation_associated_with_failure
deepseek_base_merged_layer16__b_deepseek_merged__bigcodebench__layer16__evaluated_tokens,5942,0.9431818181818182,0.44318181818181823,0.44318181818181823,0.506931818181818,0.13818289286364438,0.7313432835820896,19,1.0,19,4.700009346008301,4.372983455657959,6.696913719177246,3.379277229309082,4.24926233291626,5.432300090789795,5.757487773895264,4.1788434982299805,4.254683971405029,5.001718044281006,5.41661262512207,5.467767238616943,6.696913719177246,False,False,high_activation_associated_with_failure
deepseek_base_merged_layer16__b_deepseek_merged__bigcodebench__layer16__evaluated_tokens,6749,0.9431818181818182,0.44318181818181823,0.44318181818181823,0.5068181818181818,0.14197725635577677,0.7313432835820896,19,1.0,19,4.619506359100342,4.624457359313965,5.438106536865234,3.850724458694458,4.419621467590332,4.825504302978516,5.276458263397217,4.357184886932373,4.419918537139893,4.692527770996094,4.980197906494141,5.038784980773926,5.438106536865234,False,False,high_activation_associated_with_failure
deepseek_base_merged_layer16__b_deepseek_merged__bigcodebench__layer16__evaluated_tokens,12689,0.056818181818181816,-0.4431818181818182,0.4431818181818182,0.49426136363636347,0.13906879976908904,0.7960199004975125,19,1.0,19,4.209159851074219,4.126733779907227,5.668322563171387,3.4272537231445312,3.921109199523926,4.5799689292907715,5.14671516418457,4.54325532913208,4.5609660148620605,5.668322563171387,3.749779224395752,3.8072986602783203,4.126733779907227,False,False,high_activation_associated_with_success
codellama_base_finetuned_layer16__a_codellama_base__humanevalplus__layer16__evaluated_tokens,3085,0.09090909090909091,-0.40909090909090906,0.40909090909090906,0.49968531468531485,0.13135837800852393,0.5621890547263682,24,1.0,24,2.6220688819885254,2.623988389968872,3.4282734394073486,1.9335238933563232,2.4316163063049316,2.8309433460235596,3.291456937789917,2.8662240505218506,2.7464003562927246,3.4282734394073486,2.3335225582122803,2.4317402839660645,2.89328932762146,False,False,high_activation_associated_with_success
codellama_base_finetuned_layer16__a_codellama_base__humanevalplus__layer16__evaluated_tokens,1979,0.9020979020979021,0.4020979020979021,0.4020979020979021,0.5053846153846154,0.12746797825710024,0.6368159203980099,24,1.0,24,2.863908052444458,2.729304790496826,5.127243995666504,1.9587475061416626,2.297041416168213,3.282784938812256,4.317892074584961,2.4634616374969482,2.3062853813171387,5.127243995666504,3.337162733078003,3.253127336502075,4.32075834274292,False,False,high_activation_associated_with_failure
codellama_base_finetuned_layer16__a_codellama_base__humanevalplus__layer16__evaluated_tokens,9546,0.8671328671328671,0.3671328671328671,0.3671328671328671,0.5000000000000003,0.12565053957604053,0.9751243781094527,24,1.0,24,2.699986219406128,2.6267271041870117,3.897444248199463,1.914188027381897,2.4767367839813232,2.923229455947876,3.3039278984069824,2.429198980331421,2.4926512241363525,2.9834861755371094,3.020007848739624,2.8727447986602783,3.897444248199463,False,False,high_activation_associated_with_failure
codellama_base_finetuned_layer16__a_codellama_base__humanevalplus__layer16__evaluated_tokens,1129,0.8601398601398601,0.3601398601398601,0.3601398601398601,0.49797202797202816,0.12184216523039443,0.9950248756218906,24,1.0,24,2.6550540924072266,2.6546578407287598,3.5961434841156006,1.7808400392532349,2.366036891937256,3.0758864879608154,3.4288012981414795,2.3735766410827637,2.4421446323394775,3.162385940551758,2.9877090454101562,3.047053337097168,3.5961434841156006,False,False,high_activation_associated_with_failure
codellama_base_finetuned_layer16__a_codellama_base__humanevalplus__layer16__evaluated_tokens,9294,0.14685314685314685,-0.3531468531468531,0.3531468531468531,0.5080769230769233,0.1327209307879356,1.0,24,1.0,24,3.096240997314453,3.0001730918884277,4.095818519592285,2.3871302604675293,2.7646138668060303,3.4994375705718994,3.93691086769104,3.357876777648926,3.27150821685791,4.095818519592285,2.787034273147583,2.780648708343506,3.7129533290863037,False,False,high_activation_associated_with_success
codellama_base_finetuned_layer16__a_codellama_base__humanevalplus__layer16__evaluated_tokens,9263,0.15384615384615385,-0.34615384615384615,0.34615384615384615,0.4976223776223774,0.12421486025292455,1.0,24,1.0,24,2.418644428253174,2.4072628021240234,4.618500232696533,1.6171115636825562,2.2387523651123047,2.56691312789917,2.811016798019409,2.673542022705078,2.5602738857269287,4.618500232696533,2.1174025535583496,2.32987904548645,2.5187342166900635,False,False,high_activation_associated_with_success
codellama_base_finetuned_layer16__a_codellama_base__humanevalplus__layer16__evaluated_tokens,11124,0.8461538461538461,0.34615384615384615,0.34615384615384615,0.49559440559440565,0.1308165465426004,1.0,24,1.0,24,2.942101240158081,2.7220630645751953,6.175473690032959,2.0065956115722656,2.2756285667419434,3.057140588760376,5.396444797515869,2.3755197525024414,2.428331136703491,2.8269665241241455,3.6116974353790283,3.165804624557495,6.175473690032959,False,False,high_activation_associated_with_failure
codellama_base_finetuned_layer16__a_codellama_base__humanevalplus__layer16__evaluated_tokens,9044,0.16083916083916083,-0.33916083916083917,0.33916083916083917,0.5059440559440563,0.13123537948137137,1.0,24,1.0,24,3.2149226665496826,3.294477939605713,4.306829929351807,2.001431703567505,2.8532843589782715,3.6725826263427734,3.9999310970306396,3.5408644676208496,3.6448304653167725,4.306829929351807,2.8297197818756104,2.892174243927002,3.936979055404663,False,False,high_activation_associated_with_success
codellama_base_finetuned_layer16__a_codellama_base__humanevalplus__layer16__evaluated_tokens,750,0.8391608391608392,0.33916083916083917,0.33916083916083917,0.4946153846153846,0.13559711044377817,1.0,24,1.0,24,2.423362970352173,2.4684605598449707,3.4692273139953613,1.5535112619400024,2.233726978302002,2.6467843055725098,3.313061475753784,2.1842539310455322,2.308382511138916,2.706239700317383,2.705946207046509,2.6269657611846924,3.4692273139953613,False,False,high_activation_associated_with_failure
codellama_base_finetuned_layer16__a_codellama_base__humanevalplus__layer16__evaluated_tokens,1712,0.16783216783216784,-0.3321678321678322,0.3321678321678322,0.5153146853146854,0.12217043400306035,1.0,24,1.0,24,2.7003984451293945,2.7200353145599365,3.8261163234710693,2.019256830215454,2.316922664642334,2.9254796504974365,3.3461759090423584,2.9216299057006836,2.915863037109375,3.8261163234710693,2.438943862915039,2.64349102973938,2.7915074825286865,False,False,high_activation_associated_with_success
codellama_base_finetuned_layer16__a_codellama_base__bigcodebench__layer16__evaluated_tokens,15479,0.9747899159663865,0.47478991596638653,0.47478991596638653,0.48945378151260505,0.13799818110189135,0.22885572139303484,24,1.0,24,3.0458223819732666,3.04036808013916,3.9842629432678223,2.353475332260132,2.7806003093719482,3.346158266067505,3.54343318939209,2.578981637954712,2.5691568851470947,2.8929827213287354,3.238051176071167,3.3005285263061523,3.9842629432678223,False,False,high_activation_associated_with_failure
codellama_base_finetuned_layer16__a_codellama_base__bigcodebench__layer16__evaluated_tokens,3422,0.9159663865546218,0.4159663865546218,0.4159663865546218,0.5090756302521008,0.1282727348230177,0.9054726368159204,24,1.0,24,3.217115640640259,3.1379623413085938,4.291031360626221,2.667541027069092,2.8464596271514893,3.5242881774902344,3.815824508666992,2.7979321479797363,2.7832322120666504,3.1090476512908936,3.3897202014923096,3.4226057529449463,4.291031360626221,False,False,high_activation_associated_with_failure
codellama_base_finetuned_layer16__a_codellama_base__bigcodebench__layer16__evaluated_tokens,1534,0.907563025210084,0.40756302521008403,0.40756302521008403,0.48731092436974793,0.13642978133125386,0.9552238805970149,24,1.0,24,3.3496131896972656,3.3307080268859863,4.7378387451171875,2.528538703918457,3.003614664077759,3.7197773456573486,4.287994861602783,2.861973285675049,2.8498618602752686,3.085232734680176,3.550405502319336,3.4880406856536865,4.7378387451171875,False,False,high_activation_associated_with_failure
codellama_base_finetuned_layer16__a_codellama_base__bigcodebench__layer16__evaluated_tokens,8488,0.907563025210084,0.40756302521008403,0.40756302521008403,0.4934453781512606,0.13813030162634513,0.9552238805970149,24,1.0,24,3.287492513656616,3.209956645965576,4.576129913330078,2.5905086994171143,3.01074481010437,3.446704626083374,4.095184326171875,2.882889986038208,2.926215171813965,3.121675968170166,3.4540934562683105,3.4100353717803955,4.576129913330078,False,False,high_activation_associated_with_failure
codellama_base_finetuned_layer16__a_codellama_base__bigcodebench__layer16__evaluated_tokens,9933,0.907563025210084,0.40756302521008403,0.40756302521008403,0.5022689075630251,0.1320336551626695,0.9552238805970149,24,1.0,24,3.005521535873413,2.8872122764587402,3.9123051166534424,2.2710249423980713,2.719430685043335,3.378812789916992,3.8716416358947754,2.5800976753234863,2.7039694786071777,2.8014631271362305,3.1806957721710205,3.082979917526245,3.9123051166534424,False,False,high_activation_associated_with_failure
codellama_base_finetuned_layer16__a_codellama_base__bigcodebench__layer16__evaluated_tokens,10448,0.907563025210084,0.40756302521008403,0.40756302521008403,0.4905042016806721,0.13606261721191626,0.9552238805970149,24,1.0,24,2.998948335647583,2.930490016937256,4.537333011627197,2.1957478523254395,2.7604808807373047,3.105299711227417,3.870347499847412,2.546915292739868,2.7305004596710205,2.899078130722046,3.185080051422119,2.975877523422241,4.537333011627197,False,False,high_activation_associated_with_failure
codellama_base_finetuned_layer16__a_codellama_base__bigcodebench__layer16__evaluated_tokens,2013,0.10084033613445378,-0.39915966386554624,0.39915966386554624,0.484873949579832,0.13385106506680614,0.9900497512437811,24,1.0,24,3.0545613765716553,3.1221184730529785,3.6005003452301025,2.3230674266815186,2.7963998317718506,3.3187904357910156,3.59763765335083,3.415038585662842,3.4519662857055664,3.6005003452301025,2.9061295986175537,2.9990806579589844,3.599517583847046,False,False,high_activation_associated_with_success
codellama_base_finetuned_layer16__a_codellama_base__bigcodebench__layer16__evaluated_tokens,11160,0.8991596638655462,0.39915966386554624,0.39915966386554624,0.502563025210084,0.13433213378232947,0.9900497512437811,24,1.0,24,3.513831853866577,3.501455307006836,4.4675092697143555,2.999746561050415,3.245863676071167,3.8320841789245605,3.9884588718414307,3.143563747406006,3.0661864280700684,3.521653413772583,3.666295289993286,3.720776081085205,4.4675092697143555,False,False,high_activation_associated_with_failure
codellama_base_finetuned_layer16__a_codellama_base__bigcodebench__layer16__evaluated_tokens,12361,0.8991596638655462,0.39915966386554624,0.39915966386554624,0.49365546218487394,0.13348389020508633,0.9900497512437811,24,1.0,24,2.721536636352539,2.449134349822998,5.765224933624268,1.6614913940429688,2.1672451496124268,2.78640079498291,4.940179347991943,2.071201801300049,2.0769245624542236,2.6514813899993896,2.989320993423462,2.7208383083343506,5.765224933624268,False,False,high_activation_associated_with_failure
codellama_base_finetuned_layer16__a_codellama_base__bigcodebench__layer16__evaluated_tokens,14889,0.8991596638655462,0.39915966386554624,0.39915966386554624,0.48575630252100815,0.14402561556685411,0.9900497512437811,24,1.0,24,3.2774665355682373,3.301901340484619,4.197764873504639,2.3438148498535156,3.1425817012786865,3.519644260406494,4.041533946990967,2.892426013946533,2.9980781078338623,3.278489112854004,3.4360122680664062,3.396883487701416,4.197764873504639,False,False,high_activation_associated_with_failure
