transition,candidate_rank,benchmark,feature_id,aggregation,evidence_rank,task_id,base_text_score,finetuned_text_score,delta,base_text_tokens,finetuned_text_tokens
regression,1,bigcodebench,8587,max,1,BigCodeBench/140,0.0,42.135719299316406,42.135719299316406,147,209
regression,1,bigcodebench,8587,max,2,BigCodeBench/1032,0.0,41.21149826049805,41.21149826049805,195,513
regression,1,bigcodebench,8587,max,3,BigCodeBench/689,0.0,41.09513473510742,41.09513473510742,76,102
regression,1,bigcodebench,8587,max,4,BigCodeBench/133,0.0,40.34128952026367,40.34128952026367,233,285
regression,1,bigcodebench,8587,max,5,BigCodeBench/134,0.0,40.18962097167969,40.18962097167969,152,232
regression,1,bigcodebench,8587,max,6,BigCodeBench/136,0.0,39.83771514892578,39.83771514892578,283,316
regression,1,bigcodebench,8587,max,7,BigCodeBench/409,0.0,39.197017669677734,39.197017669677734,250,513
regression,1,bigcodebench,8587,max,8,BigCodeBench/607,0.0,39.12678146362305,39.12678146362305,148,297
regression,1,bigcodebench,8587,max,9,BigCodeBench/289,2.5963990688323975,41.234798431396484,38.63839936256409,318,369
regression,1,bigcodebench,8587,max,10,BigCodeBench/770,4.180500030517578,41.6842041015625,37.50370407104492,204,291
regression,2,bigcodebench,6404,max,1,BigCodeBench/1048,0.0,33.83833694458008,33.83833694458008,260,513
regression,2,bigcodebench,6404,max,2,BigCodeBench/622,2.491304636001587,35.86044692993164,33.369142293930054,252,504
regression,2,bigcodebench,6404,max,3,BigCodeBench/133,0.0,33.295509338378906,33.295509338378906,233,285
regression,2,bigcodebench,6404,max,4,BigCodeBench/476,0.0,32.98200607299805,32.98200607299805,180,513
regression,2,bigcodebench,6404,max,5,BigCodeBench/179,0.0,32.19526290893555,32.19526290893555,362,513
regression,2,bigcodebench,6404,max,6,BigCodeBench/623,0.0,32.12672805786133,32.12672805786133,142,237
regression,2,bigcodebench,6404,max,7,BigCodeBench/1047,0.0,32.01564025878906,32.01564025878906,97,136
regression,2,bigcodebench,6404,max,8,BigCodeBench/180,2.723191261291504,34.66856384277344,31.945372581481934,241,407
regression,2,bigcodebench,6404,max,9,BigCodeBench/470,0.0,31.785789489746094,31.785789489746094,193,194
regression,2,bigcodebench,6404,max,10,BigCodeBench/486,0.0,31.555057525634766,31.555057525634766,341,513
regression,3,humanevalplus,11785,max,1,HumanEval/49,0.0,3.218663454055786,3.218663454055786,11,46
regression,3,humanevalplus,11785,max,2,HumanEval/39,0.0,2.7866709232330322,2.7866709232330322,196,108
regression,3,humanevalplus,11785,max,3,HumanEval/127,0.0,2.706200122833252,2.706200122833252,198,184
regression,3,humanevalplus,11785,max,4,HumanEval/18,0.0,2.4794845581054688,2.4794845581054688,99,64
regression,3,humanevalplus,11785,max,5,HumanEval/82,0.0,0.0,0.0,104,47
regression,3,humanevalplus,11785,max,6,HumanEval/76,0.0,0.0,0.0,40,41
regression,3,humanevalplus,11785,max,7,HumanEval/70,0.0,0.0,0.0,141,35
regression,4,bigcodebench,12956,max,1,BigCodeBench/1047,0.0,35.57571029663086,35.57571029663086,97,136
regression,4,bigcodebench,12956,max,2,BigCodeBench/337,0.0,35.018333435058594,35.018333435058594,322,513
regression,4,bigcodebench,12956,max,3,BigCodeBench/133,0.0,34.83357620239258,34.83357620239258,233,285
regression,4,bigcodebench,12956,max,4,BigCodeBench/486,0.0,34.11085510253906,34.11085510253906,341,513
regression,4,bigcodebench,12956,max,5,BigCodeBench/1134,0.0,33.50741958618164,33.50741958618164,273,322
regression,4,bigcodebench,12956,max,6,BigCodeBench/756,0.0,33.115211486816406,33.115211486816406,173,513
regression,4,bigcodebench,12956,max,7,BigCodeBench/409,0.0,33.03377151489258,33.03377151489258,250,513
regression,4,bigcodebench,12956,max,8,BigCodeBench/470,2.516826629638672,34.717926025390625,32.20109939575195,193,194
regression,4,bigcodebench,12956,max,9,BigCodeBench/418,2.4788544178009033,34.6617431640625,32.1828887462616,509,490
regression,4,bigcodebench,12956,max,10,BigCodeBench/622,2.2439708709716797,33.994140625,31.75016975402832,252,504
regression,5,humanevalplus,8294,early_max,1,HumanEval/76,0.0,3.4226839542388916,3.4226839542388916,40,41
regression,5,humanevalplus,8294,early_max,2,HumanEval/82,0.0,2.610581874847412,2.610581874847412,104,47
regression,5,humanevalplus,8294,early_max,3,HumanEval/127,0.0,1.9711265563964844,1.9711265563964844,198,184
regression,5,humanevalplus,8294,early_max,4,HumanEval/70,0.0,0.0,0.0,141,35
regression,5,humanevalplus,8294,early_max,5,HumanEval/49,0.0,0.0,0.0,11,46
regression,5,humanevalplus,8294,early_max,6,HumanEval/39,0.0,0.0,0.0,196,108
regression,5,humanevalplus,8294,early_max,7,HumanEval/18,0.0,0.0,0.0,99,64
regression,6,bigcodebench,8959,max,1,BigCodeBench/1010,3.398439884185791,41.50859451293945,38.11015462875366,110,513
regression,6,bigcodebench,8959,max,2,BigCodeBench/713,0.0,23.36854362487793,23.36854362487793,245,174
regression,6,bigcodebench,8959,max,3,BigCodeBench/781,0.0,22.895631790161133,22.895631790161133,124,104
regression,6,bigcodebench,8959,max,4,BigCodeBench/891,0.0,22.02806854248047,22.02806854248047,178,210
regression,6,bigcodebench,8959,max,5,BigCodeBench/756,0.0,21.982425689697266,21.982425689697266,173,513
regression,6,bigcodebench,8959,max,6,BigCodeBench/1130,0.0,21.617544174194336,21.617544174194336,163,277
regression,6,bigcodebench,8959,max,7,BigCodeBench/216,0.0,21.020633697509766,21.020633697509766,207,317
regression,6,bigcodebench,8959,max,8,BigCodeBench/67,2.9012601375579834,21.386003494262695,18.484743356704712,512,145
regression,6,bigcodebench,8959,max,9,BigCodeBench/487,1.075933814048767,17.847917556762695,16.771983742713928,301,339
regression,6,bigcodebench,8959,max,10,BigCodeBench/953,0.0,16.401409149169922,16.401409149169922,360,513
regression,7,bigcodebench,6684,max,1,BigCodeBench/607,2.1270132064819336,33.09592819213867,30.96891498565674,148,297
regression,7,bigcodebench,6684,max,2,BigCodeBench/133,7.974289894104004,29.968185424804688,21.993895530700684,233,285
regression,7,bigcodebench,6684,max,3,BigCodeBench/136,9.749763488769531,31.73111343383789,21.98134994506836,283,316
regression,7,bigcodebench,6684,max,4,BigCodeBench/134,7.747433185577393,28.868515014648438,21.121081829071045,152,232
regression,7,bigcodebench,6684,max,5,BigCodeBench/140,5.259448051452637,22.383182525634766,17.12373447418213,147,209
regression,7,bigcodebench,6684,max,6,BigCodeBench/392,7.7054548263549805,22.190893173217773,14.485438346862793,238,252
regression,7,bigcodebench,6684,max,7,BigCodeBench/42,4.614434719085693,17.936689376831055,13.322254657745361,189,209
regression,7,bigcodebench,6684,max,8,BigCodeBench/418,5.966658115386963,19.077289581298828,13.110631465911865,509,490
regression,7,bigcodebench,6684,max,9,BigCodeBench/240,4.745285987854004,16.392166137695312,11.646880149841309,71,513
regression,7,bigcodebench,6684,max,10,BigCodeBench/1062,2.915908098220825,13.800971984863281,10.885063886642456,126,513
regression,8,humanevalplus,5500,early_max,1,HumanEval/76,0.0,30.725309371948242,30.725309371948242,40,41
regression,8,humanevalplus,5500,early_max,2,HumanEval/127,2.8730218410491943,29.840486526489258,26.967464685440063,198,184
regression,8,humanevalplus,5500,early_max,3,HumanEval/49,0.0,2.3221850395202637,2.3221850395202637,11,46
regression,8,humanevalplus,5500,early_max,4,HumanEval/82,0.0,0.0,0.0,104,47
regression,8,humanevalplus,5500,early_max,5,HumanEval/70,0.0,0.0,0.0,141,35
regression,8,humanevalplus,5500,early_max,6,HumanEval/39,0.0,0.0,0.0,196,108
regression,8,humanevalplus,5500,early_max,7,HumanEval/18,0.0,0.0,0.0,99,64
regression,9,humanevalplus,14895,max,1,HumanEval/39,0.0,7.433121204376221,7.433121204376221,196,108
regression,9,humanevalplus,14895,max,2,HumanEval/49,0.0,5.263860702514648,5.263860702514648,11,46
regression,9,humanevalplus,14895,max,3,HumanEval/18,0.0,2.3479368686676025,2.3479368686676025,99,64
regression,9,humanevalplus,14895,max,4,HumanEval/82,0.0,0.0,0.0,104,47
regression,9,humanevalplus,14895,max,5,HumanEval/76,0.0,0.0,0.0,40,41
regression,9,humanevalplus,14895,max,6,HumanEval/70,0.0,0.0,0.0,141,35
regression,9,humanevalplus,14895,max,7,HumanEval/127,0.0,0.0,0.0,198,184
regression,10,bigcodebench,9716,max,1,BigCodeBench/1130,0.0,33.52545928955078,33.52545928955078,163,277
regression,10,bigcodebench,9716,max,2,BigCodeBench/781,3.6725363731384277,34.170448303222656,30.49791193008423,124,104
regression,10,bigcodebench,9716,max,3,BigCodeBench/953,1.571189284324646,32.02529525756836,30.454105973243713,360,513
regression,10,bigcodebench,9716,max,4,BigCodeBench/487,1.458308458328247,31.692827224731445,30.2345187664032,301,339
regression,10,bigcodebench,9716,max,5,BigCodeBench/67,3.331495761871338,33.46117401123047,30.12967824935913,512,145
regression,10,bigcodebench,9716,max,6,BigCodeBench/713,2.7344658374786377,32.304283142089844,29.569817304611206,245,174
regression,10,bigcodebench,9716,max,7,BigCodeBench/216,2.20174503326416,31.710208892822266,29.508463859558105,207,317
regression,10,bigcodebench,9716,max,8,BigCodeBench/756,3.873833417892456,29.24281883239746,25.368985414505005,173,513
regression,10,bigcodebench,9716,max,9,BigCodeBench/891,7.233096122741699,32.30108642578125,25.06799030303955,178,210
regression,10,bigcodebench,9716,max,10,BigCodeBench/1017,9.42074203491211,32.66534423828125,23.24460220336914,261,347
regression,11,bigcodebench,14818,max,1,BigCodeBench/623,0.0,39.44252014160156,39.44252014160156,142,237
regression,11,bigcodebench,14818,max,2,BigCodeBench/180,0.0,39.08503723144531,39.08503723144531,241,407
regression,11,bigcodebench,14818,max,3,BigCodeBench/1062,0.0,38.15764236450195,38.15764236450195,126,513
regression,11,bigcodebench,14818,max,4,BigCodeBench/908,0.0,38.11417007446289,38.11417007446289,286,362
regression,11,bigcodebench,14818,max,5,BigCodeBench/476,0.0,37.02030944824219,37.02030944824219,180,513
regression,11,bigcodebench,14818,max,6,BigCodeBench/179,0.0,36.40971374511719,36.40971374511719,362,513
regression,11,bigcodebench,14818,max,7,BigCodeBench/1010,2.3912651538848877,38.03900146484375,35.64773631095886,110,513
regression,11,bigcodebench,14818,max,8,BigCodeBench/953,4.695535659790039,37.854061126708984,33.158525466918945,360,513
regression,11,bigcodebench,14818,max,9,BigCodeBench/259,0.0,30.047956466674805,30.047956466674805,206,513
regression,11,bigcodebench,14818,max,10,BigCodeBench/57,0.0,30.012351989746094,30.012351989746094,115,513
regression,12,bigcodebench,15246,max,1,BigCodeBench/1010,3.259998321533203,34.23451232910156,30.97451400756836,110,513
regression,12,bigcodebench,15246,max,2,BigCodeBench/756,0.0,19.709007263183594,19.709007263183594,173,513
regression,12,bigcodebench,15246,max,3,BigCodeBench/953,0.0,19.452585220336914,19.452585220336914,360,513
regression,12,bigcodebench,15246,max,4,BigCodeBench/216,1.8982211351394653,19.420717239379883,17.522496104240417,207,317
regression,12,bigcodebench,15246,max,5,BigCodeBench/1017,0.0,17.15578269958496,17.15578269958496,261,347
regression,12,bigcodebench,15246,max,6,BigCodeBench/781,0.0,16.5103816986084,16.5103816986084,124,104
regression,12,bigcodebench,15246,max,7,BigCodeBench/891,0.0,15.735840797424316,15.735840797424316,178,210
regression,12,bigcodebench,15246,max,8,BigCodeBench/713,1.4747591018676758,15.106884956359863,13.632125854492188,245,174
regression,12,bigcodebench,15246,max,9,BigCodeBench/1011,0.0,12.286338806152344,12.286338806152344,240,513
regression,12,bigcodebench,15246,max,10,BigCodeBench/487,0.0,9.164067268371582,9.164067268371582,301,339
regression,13,bigcodebench,2449,max,1,BigCodeBench/175,2.297485828399658,25.938400268554688,23.64091444015503,349,512
regression,13,bigcodebench,2449,max,2,BigCodeBench/355,0.0,23.08941650390625,23.08941650390625,215,513
regression,13,bigcodebench,2449,max,3,BigCodeBench/179,1.9996814727783203,24.723201751708984,22.723520278930664,362,513
regression,13,bigcodebench,2449,max,4,BigCodeBench/259,2.1632421016693115,24.788433074951172,22.62519097328186,206,513
regression,13,bigcodebench,2449,max,5,BigCodeBench/1047,0.0,21.729007720947266,21.729007720947266,97,136
regression,13,bigcodebench,2449,max,6,BigCodeBench/1032,3.7273306846618652,24.676979064941406,20.94964838027954,195,513
regression,13,bigcodebench,2449,max,7,BigCodeBench/1134,0.0,20.30341339111328,20.30341339111328,273,322
regression,13,bigcodebench,2449,max,8,BigCodeBench/409,0.0,20.04941177368164,20.04941177368164,250,513
regression,13,bigcodebench,2449,max,9,BigCodeBench/1010,1.6935628652572632,21.700626373291016,20.007063508033752,110,513
regression,13,bigcodebench,2449,max,10,BigCodeBench/337,2.210581064224243,21.9989013671875,19.788320302963257,322,513
regression,14,humanevalplus,596,max,1,HumanEval/39,2.56500506401062,21.32196617126465,18.75696110725403,196,108
regression,14,humanevalplus,596,max,2,HumanEval/82,13.519472122192383,20.78245735168457,7.2629852294921875,104,47
regression,14,humanevalplus,596,max,3,HumanEval/76,13.153708457946777,20.324066162109375,7.170357704162598,40,41
regression,14,humanevalplus,596,max,4,HumanEval/18,15.635699272155762,21.878665924072266,6.242966651916504,99,64
regression,14,humanevalplus,596,max,5,HumanEval/49,19.445070266723633,19.08987808227539,-0.3551921844482422,11,46
regression,14,humanevalplus,596,max,6,HumanEval/127,17.663301467895508,14.758403778076172,-2.904897689819336,198,184
regression,14,humanevalplus,596,max,7,HumanEval/70,20.542964935302734,15.652313232421875,-4.890651702880859,141,35
regression,15,bigcodebench,10967,early_max,1,BigCodeBench/1062,2.287531852722168,9.065974235534668,6.7784423828125,126,513
regression,15,bigcodebench,10967,early_max,2,BigCodeBench/487,2.2030351161956787,7.97417688369751,5.771141767501831,301,339
regression,15,bigcodebench,10967,early_max,3,BigCodeBench/133,2.224788188934326,7.391525745391846,5.1667375564575195,233,285
regression,15,bigcodebench,10967,early_max,4,BigCodeBench/1010,1.161025047302246,5.835456371307373,4.674431324005127,110,513
regression,15,bigcodebench,10967,early_max,5,BigCodeBench/756,2.8768696784973145,7.3513288497924805,4.474459171295166,173,513
regression,15,bigcodebench,10967,early_max,6,BigCodeBench/1017,1.4732307195663452,5.875631809234619,4.402401089668274,261,347
regression,15,bigcodebench,10967,early_max,7,BigCodeBench/138,1.5154085159301758,5.591955184936523,4.076546669006348,160,512
regression,15,bigcodebench,10967,early_max,8,BigCodeBench/175,7.350767135620117,11.413022994995117,4.062255859375,349,512
regression,15,bigcodebench,10967,early_max,9,BigCodeBench/180,5.594937324523926,9.44167423248291,3.8467369079589844,241,407
regression,15,bigcodebench,10967,early_max,10,BigCodeBench/179,6.5916948318481445,10.217850685119629,3.6261558532714844,362,513
regression,16,bigcodebench,15218,early_max,1,BigCodeBench/486,0.0,41.919010162353516,41.919010162353516,341,513
regression,16,bigcodebench,15218,early_max,2,BigCodeBench/983,0.0,32.71087646484375,32.71087646484375,88,166
regression,16,bigcodebench,15218,early_max,3,BigCodeBench/259,0.0,29.2488956451416,29.2488956451416,206,513
regression,16,bigcodebench,15218,early_max,4,BigCodeBench/337,2.0819764137268066,31.20698356628418,29.125007152557373,322,513
regression,16,bigcodebench,15218,early_max,5,BigCodeBench/476,0.0,29.12449836730957,29.12449836730957,180,513
regression,16,bigcodebench,15218,early_max,6,BigCodeBench/622,1.6603262424468994,30.728561401367188,29.068235158920288,252,504
regression,16,bigcodebench,15218,early_max,7,BigCodeBench/953,9.00676155090332,37.08550262451172,28.0787410736084,360,513
regression,16,bigcodebench,15218,early_max,8,BigCodeBench/1048,2.690186023712158,28.915130615234375,26.224944591522217,260,513
regression,16,bigcodebench,15218,early_max,9,BigCodeBench/180,0.0,25.247291564941406,25.247291564941406,241,407
regression,16,bigcodebench,15218,early_max,10,BigCodeBench/115,10.421284675598145,24.603097915649414,14.18181324005127,119,154
regression,17,bigcodebench,11381,max,1,BigCodeBench/1017,0.0,37.300533294677734,37.300533294677734,261,347
regression,17,bigcodebench,11381,max,2,BigCodeBench/891,0.0,36.48799514770508,36.48799514770508,178,210
regression,17,bigcodebench,11381,max,3,BigCodeBench/953,0.0,34.004600524902344,34.004600524902344,360,513
regression,17,bigcodebench,11381,max,4,BigCodeBench/781,2.3660707473754883,36.0367431640625,33.67067241668701,124,104
regression,17,bigcodebench,11381,max,5,BigCodeBench/713,3.1529042720794678,36.67033767700195,33.517433404922485,245,174
regression,17,bigcodebench,11381,max,6,BigCodeBench/1130,1.736534595489502,35.067832946777344,33.33129835128784,163,277
regression,17,bigcodebench,11381,max,7,BigCodeBench/756,0.0,30.945552825927734,30.945552825927734,173,513
regression,17,bigcodebench,11381,max,8,BigCodeBench/216,0.976611316204071,29.656423568725586,28.679812252521515,207,317
regression,17,bigcodebench,11381,max,9,BigCodeBench/1010,9.625564575195312,37.28011703491211,27.654552459716797,110,513
regression,17,bigcodebench,11381,max,10,BigCodeBench/1011,0.0,22.783645629882812,22.783645629882812,240,513
regression,18,bigcodebench,13871,max,1,BigCodeBench/622,15.63794994354248,31.945884704589844,16.307934761047363,252,504
regression,18,bigcodebench,13871,max,2,BigCodeBench/152,5.666252136230469,18.79739761352539,13.131145477294922,167,165
regression,18,bigcodebench,13871,max,3,BigCodeBench/476,15.322654724121094,28.093143463134766,12.770488739013672,180,513
regression,18,bigcodebench,13871,max,4,BigCodeBench/926,3.075258731842041,13.982993125915527,10.907734394073486,145,155
regression,18,bigcodebench,13871,max,5,BigCodeBench/259,4.814310073852539,13.021232604980469,8.20692253112793,206,513
regression,18,bigcodebench,13871,max,6,BigCodeBench/337,7.08922004699707,13.094902038574219,6.005681991577148,322,513
regression,18,bigcodebench,13871,max,7,BigCodeBench/862,1.9584872722625732,7.436629295349121,5.478142023086548,64,93
regression,18,bigcodebench,13871,max,8,BigCodeBench/607,0.0,4.435451507568359,4.435451507568359,148,297
regression,18,bigcodebench,13871,max,9,BigCodeBench/827,2.141732931137085,6.54719352722168,4.405460596084595,51,113
regression,18,bigcodebench,13871,max,10,BigCodeBench/180,4.307687759399414,8.436220169067383,4.128532409667969,241,407
regression,19,bigcodebench,1196,max,1,BigCodeBench/486,2.1956381797790527,30.755374908447266,28.559736728668213,341,513
regression,19,bigcodebench,1196,max,2,BigCodeBench/138,2.604063034057617,28.89741325378418,26.293350219726562,160,512
regression,19,bigcodebench,1196,max,3,BigCodeBench/180,0.9550991058349609,27.19696044921875,26.24186134338379,241,407
regression,19,bigcodebench,1196,max,4,BigCodeBench/1032,2.7118442058563232,28.69464874267578,25.982804536819458,195,513
regression,19,bigcodebench,1196,max,5,BigCodeBench/337,2.165562868118286,25.590335845947266,23.42477297782898,322,513
regression,19,bigcodebench,1196,max,6,BigCodeBench/756,0.0,22.619415283203125,22.619415283203125,173,513
regression,19,bigcodebench,1196,max,7,BigCodeBench/953,1.7406079769134521,24.013225555419922,22.27261757850647,360,513
regression,19,bigcodebench,1196,max,8,BigCodeBench/179,2.230684280395508,24.416038513183594,22.185354232788086,362,513
regression,19,bigcodebench,1196,max,9,BigCodeBench/908,3.5783376693725586,25.396785736083984,21.818448066711426,286,362
regression,19,bigcodebench,1196,max,10,BigCodeBench/259,2.0134661197662354,22.69468879699707,20.681222677230835,206,513
regression,20,bigcodebench,5685,max,1,BigCodeBench/355,2.372781991958618,25.076303482055664,22.703521490097046,215,513
regression,20,bigcodebench,5685,max,2,BigCodeBench/756,0.0,19.681396484375,19.681396484375,173,513
regression,20,bigcodebench,5685,max,3,BigCodeBench/409,0.0,15.896982192993164,15.896982192993164,250,513
regression,20,bigcodebench,5685,max,4,BigCodeBench/133,0.0,15.550946235656738,15.550946235656738,233,285
regression,20,bigcodebench,5685,max,5,BigCodeBench/470,0.0,15.280519485473633,15.280519485473633,193,194
regression,20,bigcodebench,5685,max,6,BigCodeBench/486,0.0,14.930140495300293,14.930140495300293,341,513
regression,20,bigcodebench,5685,max,7,BigCodeBench/622,0.0,14.631816864013672,14.631816864013672,252,504
regression,20,bigcodebench,5685,max,8,BigCodeBench/1047,0.0,13.692695617675781,13.692695617675781,97,136
regression,20,bigcodebench,5685,max,9,BigCodeBench/337,2.0820536613464355,15.504341125488281,13.422287464141846,322,513
regression,20,bigcodebench,5685,max,10,BigCodeBench/512,0.0,11.50552749633789,11.50552749633789,282,311
regression,21,bigcodebench,1304,max,1,BigCodeBench/337,3.2883613109588623,40.14947509765625,36.86111378669739,322,513
regression,21,bigcodebench,1304,max,2,BigCodeBench/133,0.0,36.011817932128906,36.011817932128906,233,285
regression,21,bigcodebench,1304,max,3,BigCodeBench/58,1.294397234916687,37.00149154663086,35.70709431171417,246,334
regression,21,bigcodebench,1304,max,4,BigCodeBench/138,2.325606346130371,37.37382125854492,35.04821491241455,160,512
regression,21,bigcodebench,1304,max,5,BigCodeBench/259,0.0,34.845062255859375,34.845062255859375,206,513
regression,21,bigcodebench,1304,max,6,BigCodeBench/486,0.0,32.913978576660156,32.913978576660156,341,513
regression,21,bigcodebench,1304,max,7,BigCodeBench/57,1.248638391494751,34.14753723144531,32.89889883995056,115,513
regression,21,bigcodebench,1304,max,8,BigCodeBench/622,1.3166656494140625,33.35511016845703,32.03844451904297,252,504
regression,21,bigcodebench,1304,max,9,BigCodeBench/175,2.3091249465942383,31.992141723632812,29.683016777038574,349,512
regression,21,bigcodebench,1304,max,10,BigCodeBench/399,1.6909081935882568,30.95627212524414,29.265363931655884,201,513
regression,22,bigcodebench,14089,max,1,BigCodeBench/486,0.0,41.4647216796875,41.4647216796875,341,513
regression,22,bigcodebench,14089,max,2,BigCodeBench/781,0.0,39.659088134765625,39.659088134765625,124,104
regression,22,bigcodebench,14089,max,3,BigCodeBench/1017,4.494308948516846,40.98846435546875,36.494155406951904,261,347
regression,22,bigcodebench,14089,max,4,BigCodeBench/487,6.56331729888916,39.797027587890625,33.233710289001465,301,339
regression,22,bigcodebench,14089,max,5,BigCodeBench/1011,4.863178253173828,37.73509979248047,32.87192153930664,240,513
regression,22,bigcodebench,14089,max,6,BigCodeBench/891,5.378791332244873,38.20219421386719,32.823402881622314,178,210
regression,22,bigcodebench,14089,max,7,BigCodeBench/1010,7.28078031539917,39.8304557800293,32.54967546463013,110,513
regression,22,bigcodebench,14089,max,8,BigCodeBench/713,10.134105682373047,40.301143646240234,30.167037963867188,245,174
regression,22,bigcodebench,14089,max,9,BigCodeBench/355,10.372162818908691,38.372196197509766,28.000033378601074,215,513
regression,22,bigcodebench,14089,max,10,BigCodeBench/1134,9.450380325317383,35.38630294799805,25.935922622680664,273,322
regression,23,bigcodebench,5572,max,1,BigCodeBench/623,0.0,22.679189682006836,22.679189682006836,142,237
regression,23,bigcodebench,5572,max,2,BigCodeBench/953,0.0,22.470272064208984,22.470272064208984,360,513
regression,23,bigcodebench,5572,max,3,BigCodeBench/180,1.1508939266204834,23.26235580444336,22.111461877822876,241,407
regression,23,bigcodebench,5572,max,4,BigCodeBench/240,0.0,20.657752990722656,20.657752990722656,71,513
regression,23,bigcodebench,5572,max,5,BigCodeBench/1011,1.085931420326233,21.611244201660156,20.525312781333923,240,513
regression,23,bigcodebench,5572,max,6,BigCodeBench/259,0.9366649985313416,20.95278549194336,20.016120493412018,206,513
regression,23,bigcodebench,5572,max,7,BigCodeBench/908,1.6072499752044678,21.514644622802734,19.907394647598267,286,362
regression,23,bigcodebench,5572,max,8,BigCodeBench/1062,0.0,19.816720962524414,19.816720962524414,126,513
regression,23,bigcodebench,5572,max,9,BigCodeBench/1048,3.5339486598968506,22.95975112915039,19.42580246925354,260,513
regression,23,bigcodebench,5572,max,10,BigCodeBench/134,4.881446838378906,24.25855827331543,19.377111434936523,152,232
regression,24,bigcodebench,2581,max,1,BigCodeBench/337,0.0,51.721187591552734,51.721187591552734,322,513
regression,24,bigcodebench,2581,max,2,BigCodeBench/470,1.2049612998962402,51.656944274902344,50.4519829750061,193,194
regression,24,bigcodebench,2581,max,3,BigCodeBench/133,1.4808762073516846,51.792396545410156,50.31152033805847,233,285
regression,24,bigcodebench,2581,max,4,BigCodeBench/138,0.0,49.618370056152344,49.618370056152344,160,512
regression,24,bigcodebench,2581,max,5,BigCodeBench/418,2.332211971282959,51.72423553466797,49.39202356338501,509,490
regression,24,bigcodebench,2581,max,6,BigCodeBench/486,0.0,49.291534423828125,49.291534423828125,341,513
regression,24,bigcodebench,2581,max,7,BigCodeBench/622,2.0046329498291016,49.58863830566406,47.58400535583496,252,504
regression,24,bigcodebench,2581,max,8,BigCodeBench/1047,0.0,43.983734130859375,43.983734130859375,97,136
regression,24,bigcodebench,2581,max,9,BigCodeBench/1032,0.0,39.502418518066406,39.502418518066406,195,513
regression,24,bigcodebench,2581,max,10,BigCodeBench/175,2.55067777633667,41.034996032714844,38.484318256378174,349,512
regression,25,humanevalplus,7406,max,1,HumanEval/39,0.0,37.2061653137207,37.2061653137207,196,108
regression,25,humanevalplus,7406,max,2,HumanEval/18,7.320194721221924,35.423095703125,28.102900981903076,99,64
regression,25,humanevalplus,7406,max,3,HumanEval/82,0.0,24.509443283081055,24.509443283081055,104,47
regression,25,humanevalplus,7406,max,4,HumanEval/49,0.0,3.244499683380127,3.244499683380127,11,46
regression,25,humanevalplus,7406,max,5,HumanEval/127,23.054155349731445,23.947105407714844,0.8929500579833984,198,184
regression,25,humanevalplus,7406,max,6,HumanEval/70,3.4182209968566895,1.548380970954895,-1.8698400259017944,141,35
regression,25,humanevalplus,7406,max,7,HumanEval/76,4.431544780731201,0.0,-4.431544780731201,40,41
improvement,1,humanevalplus,4833,early_max,1,HumanEval/69,3.2281556129455566,40.34172821044922,37.11357259750366,513,105
improvement,1,humanevalplus,4833,early_max,2,HumanEval/128,2.512766122817993,29.683624267578125,27.170858144760132,91,104
improvement,1,humanevalplus,4833,early_max,3,HumanEval/61,0.0,22.568754196166992,22.568754196166992,67,69
improvement,1,humanevalplus,4833,early_max,4,HumanEval/153,11.352267265319824,32.661582946777344,21.30931568145752,111,104
improvement,1,humanevalplus,4833,early_max,5,HumanEval/113,2.010578155517578,22.127174377441406,20.116596221923828,65,82
improvement,1,humanevalplus,4833,early_max,6,HumanEval/86,0.0,19.469654083251953,19.469654083251953,23,60
improvement,1,humanevalplus,4833,early_max,7,HumanEval/136,1.851588487625122,20.900251388549805,19.048662900924683,202,119
improvement,1,humanevalplus,4833,early_max,8,HumanEval/26,0.0,18.27042007446289,18.27042007446289,10,45
improvement,1,humanevalplus,4833,early_max,9,HumanEval/96,0.0,18.17668914794922,18.17668914794922,36,75
improvement,1,humanevalplus,4833,early_max,10,HumanEval/123,0.0,17.58109474182129,17.58109474182129,12,102
improvement,2,humanevalplus,433,early_max,1,HumanEval/1,0.0,17.44475746154785,17.44475746154785,11,219
improvement,2,humanevalplus,433,early_max,2,HumanEval/111,0.0,13.650808334350586,13.650808334350586,513,327
improvement,2,humanevalplus,433,early_max,3,HumanEval/85,0.0,10.90481948852539,10.90481948852539,12,115
improvement,2,humanevalplus,433,early_max,4,HumanEval/86,0.0,10.735302925109863,10.735302925109863,23,60
improvement,2,humanevalplus,433,early_max,5,HumanEval/87,0.0,9.797880172729492,9.797880172729492,35,75
improvement,2,humanevalplus,433,early_max,6,HumanEval/78,0.0,8.834883689880371,8.834883689880371,40,96
improvement,2,humanevalplus,433,early_max,7,HumanEval/117,0.0,7.234282493591309,7.234282493591309,10,98
improvement,2,humanevalplus,433,early_max,8,HumanEval/113,0.0,6.676651477813721,6.676651477813721,65,82
improvement,2,humanevalplus,433,early_max,9,HumanEval/6,0.0,6.645938396453857,6.645938396453857,32,93
improvement,2,humanevalplus,433,early_max,10,HumanEval/69,2.9491376876831055,9.584657669067383,6.635519981384277,513,105
improvement,3,humanevalplus,15947,max,1,HumanEval/87,0.0,32.52267074584961,32.52267074584961,35,75
improvement,3,humanevalplus,15947,max,2,HumanEval/117,1.5067384243011475,29.61180305480957,28.105064630508423,10,98
improvement,3,humanevalplus,15947,max,3,HumanEval/104,2.145226001739502,26.82925796508789,24.68403196334839,27,60
improvement,3,humanevalplus,15947,max,4,HumanEval/111,0.0,24.509429931640625,24.509429931640625,513,327
improvement,3,humanevalplus,15947,max,5,HumanEval/123,0.0,23.972185134887695,23.972185134887695,12,102
improvement,3,humanevalplus,15947,max,6,HumanEval/86,0.0,23.957744598388672,23.957744598388672,23,60
improvement,3,humanevalplus,15947,max,7,HumanEval/26,0.0,20.949405670166016,20.949405670166016,10,45
improvement,3,humanevalplus,15947,max,8,HumanEval/153,8.42054557800293,27.80982780456543,19.3892822265625,111,104
improvement,3,humanevalplus,15947,max,9,HumanEval/1,3.2526447772979736,21.502470016479492,18.24982523918152,11,219
improvement,3,humanevalplus,15947,max,10,HumanEval/96,5.278921604156494,23.184749603271484,17.90582799911499,36,75
improvement,4,humanevalplus,10846,max,1,HumanEval/117,1.4034638404846191,20.24406623840332,18.8406023979187,10,98
improvement,4,humanevalplus,10846,max,2,HumanEval/111,0.9300337433815002,19.059120178222656,18.129086434841156,513,327
improvement,4,humanevalplus,10846,max,3,HumanEval/68,0.0,17.531131744384766,17.531131744384766,9,89
improvement,4,humanevalplus,10846,max,4,HumanEval/99,0.0,17.152204513549805,17.152204513549805,11,274
improvement,4,humanevalplus,10846,max,5,HumanEval/86,5.644925117492676,18.730873107910156,13.08594799041748,23,60
improvement,4,humanevalplus,10846,max,6,HumanEval/1,0.0,11.914789199829102,11.914789199829102,11,219
improvement,4,humanevalplus,10846,max,7,HumanEval/26,0.0,11.678126335144043,11.678126335144043,10,45
improvement,4,humanevalplus,10846,max,8,HumanEval/104,4.818995952606201,16.118221282958984,11.299225330352783,27,60
improvement,4,humanevalplus,10846,max,9,HumanEval/105,3.3502516746520996,13.789921760559082,10.439670085906982,498,148
improvement,4,humanevalplus,10846,max,10,HumanEval/8,0.0,10.002458572387695,10.002458572387695,15,42
improvement,5,humanevalplus,15027,max,1,HumanEval/123,0.0,22.01422691345215,22.01422691345215,12,102
improvement,5,humanevalplus,15027,max,2,HumanEval/86,0.0,21.418827056884766,21.418827056884766,23,60
improvement,5,humanevalplus,15027,max,3,HumanEval/1,0.0,15.370270729064941,15.370270729064941,11,219
improvement,5,humanevalplus,15027,max,4,HumanEval/117,0.0,15.186511993408203,15.186511993408203,10,98
improvement,5,humanevalplus,15027,max,5,HumanEval/111,0.0,15.158844947814941,15.158844947814941,513,327
improvement,5,humanevalplus,15027,max,6,HumanEval/153,5.72457218170166,20.646207809448242,14.921635627746582,111,104
improvement,5,humanevalplus,15027,max,7,HumanEval/104,0.0,12.585078239440918,12.585078239440918,27,60
improvement,5,humanevalplus,15027,max,8,HumanEval/26,0.0,12.440265655517578,12.440265655517578,10,45
improvement,5,humanevalplus,15027,max,9,HumanEval/96,4.755847930908203,15.412150382995605,10.656302452087402,36,75
improvement,5,humanevalplus,15027,max,10,HumanEval/6,0.0,9.920321464538574,9.920321464538574,32,93
improvement,6,humanevalplus,8205,early_max,1,HumanEval/124,0.0,23.069068908691406,23.069068908691406,9,198
improvement,6,humanevalplus,8205,early_max,2,HumanEval/8,0.0,22.060577392578125,22.060577392578125,15,42
improvement,6,humanevalplus,8205,early_max,3,HumanEval/96,0.0,21.580656051635742,21.580656051635742,36,75
improvement,6,humanevalplus,8205,early_max,4,HumanEval/117,0.0,21.57085418701172,21.57085418701172,10,98
improvement,6,humanevalplus,8205,early_max,5,HumanEval/26,0.0,21.256418228149414,21.256418228149414,10,45
improvement,6,humanevalplus,8205,early_max,6,HumanEval/87,0.0,19.45438003540039,19.45438003540039,35,75
improvement,6,humanevalplus,8205,early_max,7,HumanEval/104,0.0,19.4285888671875,19.4285888671875,27,60
improvement,6,humanevalplus,8205,early_max,8,HumanEval/90,0.0,18.417339324951172,18.417339324951172,30,119
improvement,6,humanevalplus,8205,early_max,9,HumanEval/107,0.0,18.27863311767578,18.27863311767578,16,89
improvement,6,humanevalplus,8205,early_max,10,HumanEval/6,0.0,18.258089065551758,18.258089065551758,32,93
improvement,7,humanevalplus,4303,max,1,HumanEval/111,0.0,19.193946838378906,19.193946838378906,513,327
improvement,7,humanevalplus,4303,max,2,HumanEval/1,0.0,18.430126190185547,18.430126190185547,11,219
improvement,7,humanevalplus,4303,max,3,HumanEval/124,0.0,17.551406860351562,17.551406860351562,9,198
improvement,7,humanevalplus,4303,max,4,HumanEval/117,0.0,17.52311134338379,17.52311134338379,10,98
improvement,7,humanevalplus,4303,max,5,HumanEval/161,0.0,17.052438735961914,17.052438735961914,14,73
improvement,7,humanevalplus,4303,max,6,HumanEval/158,0.0,16.607349395751953,16.607349395751953,21,115
improvement,7,humanevalplus,4303,max,7,HumanEval/99,0.0,16.007009506225586,16.007009506225586,11,274
improvement,7,humanevalplus,4303,max,8,HumanEval/86,2.0041985511779785,17.85610008239746,15.851901531219482,23,60
improvement,7,humanevalplus,4303,max,9,HumanEval/26,0.0,15.602489471435547,15.602489471435547,10,45
improvement,7,humanevalplus,4303,max,10,HumanEval/8,0.0,15.274186134338379,15.274186134338379,15,42
improvement,8,humanevalplus,5841,max,1,HumanEval/68,0.0,16.016456604003906,16.016456604003906,9,89
improvement,8,humanevalplus,5841,max,2,HumanEval/107,0.0,12.852907180786133,12.852907180786133,16,89
improvement,8,humanevalplus,5841,max,3,HumanEval/8,0.0,11.240782737731934,11.240782737731934,15,42
improvement,8,humanevalplus,5841,max,4,HumanEval/87,4.223309516906738,14.717161178588867,10.493851661682129,35,75
improvement,8,humanevalplus,5841,max,5,HumanEval/111,1.3351266384124756,11.824448585510254,10.489321947097778,513,327
improvement,8,humanevalplus,5841,max,6,HumanEval/136,6.343442440032959,15.889294624328613,9.545852184295654,202,119
improvement,8,humanevalplus,5841,max,7,HumanEval/99,0.0,6.190156936645508,6.190156936645508,11,274
improvement,8,humanevalplus,5841,max,8,HumanEval/124,0.0,6.18492317199707,6.18492317199707,9,198
improvement,8,humanevalplus,5841,max,9,HumanEval/147,0.0,6.0410943031311035,6.0410943031311035,512,98
improvement,8,humanevalplus,5841,max,10,HumanEval/86,0.0,3.9926774501800537,3.9926774501800537,23,60
improvement,9,humanevalplus,9701,max,1,HumanEval/68,0.0,8.196928024291992,8.196928024291992,9,89
improvement,9,humanevalplus,9701,max,2,HumanEval/123,0.0,7.719547748565674,7.719547748565674,12,102
improvement,9,humanevalplus,9701,max,3,HumanEval/107,8.123557090759277,15.234766006469727,7.111208915710449,16,89
improvement,9,humanevalplus,9701,max,4,HumanEval/87,0.0,6.964900493621826,6.964900493621826,35,75
improvement,9,humanevalplus,9701,max,5,HumanEval/158,0.0,6.635645866394043,6.635645866394043,21,115
improvement,9,humanevalplus,9701,max,6,HumanEval/111,1.240805983543396,7.343266487121582,6.102460503578186,513,327
improvement,9,humanevalplus,9701,max,7,HumanEval/117,0.0,6.054268836975098,6.054268836975098,10,98
improvement,9,humanevalplus,9701,max,8,HumanEval/69,0.0,5.888747692108154,5.888747692108154,513,105
improvement,9,humanevalplus,9701,max,9,HumanEval/102,0.0,5.757579803466797,5.757579803466797,16,91
improvement,9,humanevalplus,9701,max,10,HumanEval/90,3.0044119358062744,8.234283447265625,5.229871511459351,30,119
improvement,10,humanevalplus,201,early_max,1,HumanEval/153,3.346346855163574,9.323335647583008,5.976988792419434,111,104
improvement,10,humanevalplus,201,early_max,2,HumanEval/6,0.0,4.760132312774658,4.760132312774658,32,93
improvement,10,humanevalplus,201,early_max,3,HumanEval/113,0.0,4.668155193328857,4.668155193328857,65,82
improvement,10,humanevalplus,201,early_max,4,HumanEval/111,0.0,4.570861339569092,4.570861339569092,513,327
improvement,10,humanevalplus,201,early_max,5,HumanEval/158,0.0,4.4142656326293945,4.4142656326293945,21,115
improvement,10,humanevalplus,201,early_max,6,HumanEval/68,2.5152835845947266,6.179534912109375,3.6642513275146484,9,89
improvement,10,humanevalplus,201,early_max,7,HumanEval/90,0.0,3.5214462280273438,3.5214462280273438,30,119
improvement,10,humanevalplus,201,early_max,8,HumanEval/124,0.0,3.3784501552581787,3.3784501552581787,9,198
improvement,10,humanevalplus,201,early_max,9,HumanEval/86,0.0,2.9593303203582764,2.9593303203582764,23,60
improvement,10,humanevalplus,201,early_max,10,HumanEval/117,1.6012011766433716,3.8374063968658447,2.236205220222473,10,98
improvement,11,humanevalplus,6927,early_max,1,HumanEval/104,0.0,18.618125915527344,18.618125915527344,27,60
improvement,11,humanevalplus,6927,early_max,2,HumanEval/65,0.0,17.170759201049805,17.170759201049805,18,76
improvement,11,humanevalplus,6927,early_max,3,HumanEval/117,0.0,16.90581703186035,16.90581703186035,10,98
improvement,11,humanevalplus,6927,early_max,4,HumanEval/68,0.0,15.580080032348633,15.580080032348633,9,89
improvement,11,humanevalplus,6927,early_max,5,HumanEval/96,0.0,14.446643829345703,14.446643829345703,36,75
improvement,11,humanevalplus,6927,early_max,6,HumanEval/95,0.0,14.418603897094727,14.418603897094727,382,513
improvement,11,humanevalplus,6927,early_max,7,HumanEval/143,0.0,14.289443969726562,14.289443969726562,12,106
improvement,11,humanevalplus,6927,early_max,8,HumanEval/98,3.9699225425720215,17.986886978149414,14.016964435577393,40,63
improvement,11,humanevalplus,6927,early_max,9,HumanEval/124,0.0,13.743486404418945,13.743486404418945,9,198
improvement,11,humanevalplus,6927,early_max,10,HumanEval/86,0.0,13.35303020477295,13.35303020477295,23,60
improvement,12,humanevalplus,16143,max,1,HumanEval/117,0.0,18.187589645385742,18.187589645385742,10,98
improvement,12,humanevalplus,16143,max,2,HumanEval/111,0.0,16.022171020507812,16.022171020507812,513,327
improvement,12,humanevalplus,16143,max,3,HumanEval/123,0.0,14.25647258758545,14.25647258758545,12,102
improvement,12,humanevalplus,16143,max,4,HumanEval/26,0.0,13.539575576782227,13.539575576782227,10,45
improvement,12,humanevalplus,16143,max,5,HumanEval/104,6.18998908996582,19.564529418945312,13.374540328979492,27,60
improvement,12,humanevalplus,16143,max,6,HumanEval/68,0.0,13.291964530944824,13.291964530944824,9,89
improvement,12,humanevalplus,16143,max,7,HumanEval/1,0.0,11.28748607635498,11.28748607635498,11,219
improvement,12,humanevalplus,16143,max,8,HumanEval/158,6.3979411125183105,17.46215057373047,11.064209461212158,21,115
improvement,12,humanevalplus,16143,max,9,HumanEval/96,4.749423027038574,15.635891914367676,10.886468887329102,36,75
improvement,12,humanevalplus,16143,max,10,HumanEval/90,0.0,10.564332962036133,10.564332962036133,30,119
improvement,13,humanevalplus,9165,early_max,1,HumanEval/153,0.0,3.803964376449585,3.803964376449585,111,104
improvement,13,humanevalplus,9165,early_max,2,HumanEval/99,0.0,3.0271801948547363,3.0271801948547363,11,274
improvement,13,humanevalplus,9165,early_max,3,HumanEval/6,0.0,2.6357133388519287,2.6357133388519287,32,93
improvement,13,humanevalplus,9165,early_max,4,HumanEval/1,0.0,2.399675130844116,2.399675130844116,11,219
improvement,13,humanevalplus,9165,early_max,5,HumanEval/68,0.0,2.2131471633911133,2.2131471633911133,9,89
improvement,13,humanevalplus,9165,early_max,6,HumanEval/87,0.0,2.171469211578369,2.171469211578369,35,75
improvement,13,humanevalplus,9165,early_max,7,HumanEval/147,0.0,2.153029680252075,2.153029680252075,512,98
improvement,13,humanevalplus,9165,early_max,8,HumanEval/123,0.0,1.9379576444625854,1.9379576444625854,12,102
improvement,13,humanevalplus,9165,early_max,9,HumanEval/95,3.5144097805023193,5.285659313201904,1.771249532699585,382,513
improvement,13,humanevalplus,9165,early_max,10,HumanEval/85,0.0,1.7651649713516235,1.7651649713516235,12,115
improvement,14,humanevalplus,14854,max,1,HumanEval/99,0.0,21.68305206298828,21.68305206298828,11,274
improvement,14,humanevalplus,14854,max,2,HumanEval/117,0.0,21.159189224243164,21.159189224243164,10,98
improvement,14,humanevalplus,14854,max,3,HumanEval/111,0.0,20.449642181396484,20.449642181396484,513,327
improvement,14,humanevalplus,14854,max,4,HumanEval/143,0.0,19.776309967041016,19.776309967041016,12,106
improvement,14,humanevalplus,14854,max,5,HumanEval/90,0.0,18.490917205810547,18.490917205810547,30,119
improvement,14,humanevalplus,14854,max,6,HumanEval/123,0.0,18.36849021911621,18.36849021911621,12,102
improvement,14,humanevalplus,14854,max,7,HumanEval/86,3.131850242614746,19.78519058227539,16.653340339660645,23,60
improvement,14,humanevalplus,14854,max,8,HumanEval/61,0.0,12.658702850341797,12.658702850341797,67,69
improvement,14,humanevalplus,14854,max,9,HumanEval/161,0.0,12.656730651855469,12.656730651855469,14,73
improvement,14,humanevalplus,14854,max,10,HumanEval/69,1.4427355527877808,12.475041389465332,11.032305836677551,513,105
improvement,15,humanevalplus,9953,max,1,HumanEval/6,0.0,43.87868118286133,43.87868118286133,32,93
improvement,15,humanevalplus,9953,max,2,HumanEval/113,0.0,41.95781326293945,41.95781326293945,65,82
improvement,15,humanevalplus,9953,max,3,HumanEval/87,0.0,40.963321685791016,40.963321685791016,35,75
improvement,15,humanevalplus,9953,max,4,HumanEval/86,0.0,40.6480598449707,40.6480598449707,23,60
improvement,15,humanevalplus,9953,max,5,HumanEval/26,0.0,36.44606399536133,36.44606399536133,10,45
improvement,15,humanevalplus,9953,max,6,HumanEval/105,4.736451625823975,40.559120178222656,35.82266855239868,498,148
improvement,15,humanevalplus,9953,max,7,HumanEval/104,1.7608587741851807,36.5507698059082,34.78991103172302,27,60
improvement,15,humanevalplus,9953,max,8,HumanEval/1,4.0682854652404785,38.409210205078125,34.34092473983765,11,219
improvement,15,humanevalplus,9953,max,9,HumanEval/111,0.0,33.739402770996094,33.739402770996094,513,327
improvement,15,humanevalplus,9953,max,10,HumanEval/61,1.958470106124878,31.298725128173828,29.34025502204895,67,69
improvement,16,humanevalplus,12439,early_max,1,HumanEval/1,0.0,3.5365045070648193,3.5365045070648193,11,219
improvement,16,humanevalplus,12439,early_max,2,HumanEval/95,0.0,2.782346248626709,2.782346248626709,382,513
improvement,16,humanevalplus,12439,early_max,3,HumanEval/111,0.0,2.6817328929901123,2.6817328929901123,513,327
improvement,16,humanevalplus,12439,early_max,4,HumanEval/6,0.0,2.5735697746276855,2.5735697746276855,32,93
improvement,16,humanevalplus,12439,early_max,5,HumanEval/105,0.0,2.539512872695923,2.539512872695923,498,148
improvement,16,humanevalplus,12439,early_max,6,HumanEval/85,0.0,2.4973926544189453,2.4973926544189453,12,115
improvement,16,humanevalplus,12439,early_max,7,HumanEval/117,0.0,2.415348768234253,2.415348768234253,10,98
improvement,16,humanevalplus,12439,early_max,8,HumanEval/124,0.0,2.236560821533203,2.236560821533203,9,198
improvement,16,humanevalplus,12439,early_max,9,HumanEval/61,0.0,1.8924860954284668,1.8924860954284668,67,69
improvement,16,humanevalplus,12439,early_max,10,HumanEval/113,0.0,1.649917721748352,1.649917721748352,65,82
improvement,17,humanevalplus,10407,max,1,HumanEval/111,0.0,8.568438529968262,8.568438529968262,513,327
improvement,17,humanevalplus,10407,max,2,HumanEval/104,0.0,6.983099460601807,6.983099460601807,27,60
improvement,17,humanevalplus,10407,max,3,HumanEval/158,0.0,5.93811559677124,5.93811559677124,21,115
improvement,17,humanevalplus,10407,max,4,HumanEval/96,0.0,5.869889736175537,5.869889736175537,36,75
improvement,17,humanevalplus,10407,max,5,HumanEval/117,0.0,5.404951095581055,5.404951095581055,10,98
improvement,17,humanevalplus,10407,max,6,HumanEval/68,0.0,5.271783828735352,5.271783828735352,9,89
improvement,17,humanevalplus,10407,max,7,HumanEval/1,0.0,5.007527828216553,5.007527828216553,11,219
improvement,17,humanevalplus,10407,max,8,HumanEval/114,0.0,4.974831581115723,4.974831581115723,11,91
improvement,17,humanevalplus,10407,max,9,HumanEval/61,0.0,4.529501438140869,4.529501438140869,67,69
improvement,17,humanevalplus,10407,max,10,HumanEval/123,0.0,3.8501954078674316,3.8501954078674316,12,102
improvement,18,humanevalplus,14241,max,1,HumanEval/158,0.0,11.568194389343262,11.568194389343262,21,115
improvement,18,humanevalplus,14241,max,2,HumanEval/114,0.0,10.60779094696045,10.60779094696045,11,91
improvement,18,humanevalplus,14241,max,3,HumanEval/111,2.5269227027893066,12.297106742858887,9.77018404006958,513,327
improvement,18,humanevalplus,14241,max,4,HumanEval/117,0.0,9.593724250793457,9.593724250793457,10,98
improvement,18,humanevalplus,14241,max,5,HumanEval/143,0.0,9.209601402282715,9.209601402282715,12,106
improvement,18,humanevalplus,14241,max,6,HumanEval/95,2.2536380290985107,10.692706108093262,8.439068078994751,382,513
improvement,18,humanevalplus,14241,max,7,HumanEval/26,0.0,8.175003051757812,8.175003051757812,10,45
improvement,18,humanevalplus,14241,max,8,HumanEval/68,0.0,7.8405585289001465,7.8405585289001465,9,89
improvement,18,humanevalplus,14241,max,9,HumanEval/104,4.060172080993652,11.881049156188965,7.8208770751953125,27,60
improvement,18,humanevalplus,14241,max,10,HumanEval/123,0.0,7.10744047164917,7.10744047164917,12,102
improvement,19,humanevalplus,11345,max,1,HumanEval/102,0.0,31.73748779296875,31.73748779296875,16,91
improvement,19,humanevalplus,11345,max,2,HumanEval/68,0.0,31.051118850708008,31.051118850708008,9,89
improvement,19,humanevalplus,11345,max,3,HumanEval/123,0.0,27.19658088684082,27.19658088684082,12,102
improvement,19,humanevalplus,11345,max,4,HumanEval/107,0.0,23.399372100830078,23.399372100830078,16,89
improvement,19,humanevalplus,11345,max,5,HumanEval/147,1.3079981803894043,23.521636962890625,22.21363878250122,512,98
improvement,19,humanevalplus,11345,max,6,HumanEval/117,0.0,21.782485961914062,21.782485961914062,10,98
improvement,19,humanevalplus,11345,max,7,HumanEval/85,6.519576549530029,27.41347885131836,20.89390230178833,12,115
improvement,19,humanevalplus,11345,max,8,HumanEval/1,0.0,20.002779006958008,20.002779006958008,11,219
improvement,19,humanevalplus,11345,max,9,HumanEval/161,0.0,19.835365295410156,19.835365295410156,14,73
improvement,19,humanevalplus,11345,max,10,HumanEval/87,3.547903537750244,22.222415924072266,18.67451238632202,35,75
improvement,20,humanevalplus,15107,max,1,HumanEval/111,1.2981446981430054,25.161575317382812,23.863430619239807,513,327
improvement,20,humanevalplus,15107,max,2,HumanEval/105,5.134110927581787,25.648624420166016,20.51451349258423,498,148
improvement,20,humanevalplus,15107,max,3,HumanEval/1,0.0,20.49578857421875,20.49578857421875,11,219
improvement,20,humanevalplus,15107,max,4,HumanEval/107,0.0,19.454538345336914,19.454538345336914,16,89
improvement,20,humanevalplus,15107,max,5,HumanEval/117,3.144646406173706,22.30657386779785,19.161927461624146,10,98
improvement,20,humanevalplus,15107,max,6,HumanEval/158,5.358209609985352,23.60929298400879,18.251083374023438,21,115
improvement,20,humanevalplus,15107,max,7,HumanEval/8,0.0,17.627819061279297,17.627819061279297,15,42
improvement,20,humanevalplus,15107,max,8,HumanEval/147,1.4737955331802368,18.940383911132812,17.466588377952576,512,98
improvement,20,humanevalplus,15107,max,9,HumanEval/85,2.169361114501953,18.990983963012695,16.821622848510742,12,115
improvement,20,humanevalplus,15107,max,10,HumanEval/87,6.1854400634765625,21.548999786376953,15.36355972290039,35,75
improvement,21,humanevalplus,8377,max,1,HumanEval/107,0.0,14.194453239440918,14.194453239440918,16,89
improvement,21,humanevalplus,8377,max,2,HumanEval/143,0.0,12.08273696899414,12.08273696899414,12,106
improvement,21,humanevalplus,8377,max,3,HumanEval/111,1.7493853569030762,12.492206573486328,10.742821216583252,513,327
improvement,21,humanevalplus,8377,max,4,HumanEval/161,3.0489144325256348,12.024419784545898,8.975505352020264,14,73
improvement,21,humanevalplus,8377,max,5,HumanEval/69,3.5980148315429688,12.547565460205078,8.94955062866211,513,105
improvement,21,humanevalplus,8377,max,6,HumanEval/105,3.7360241413116455,12.441598892211914,8.705574750900269,498,148
improvement,21,humanevalplus,8377,max,7,HumanEval/86,2.3836605548858643,10.98085880279541,8.597198247909546,23,60
improvement,21,humanevalplus,8377,max,8,HumanEval/68,1.667818307876587,10.11918830871582,8.451370000839233,9,89
improvement,21,humanevalplus,8377,max,9,HumanEval/136,2.091169834136963,10.424312591552734,8.333142757415771,202,119
improvement,21,humanevalplus,8377,max,10,HumanEval/113,0.0,8.262763023376465,8.262763023376465,65,82
improvement,22,humanevalplus,10050,max,1,HumanEval/104,0.0,40.79265594482422,40.79265594482422,27,60
improvement,22,humanevalplus,10050,max,2,HumanEval/117,0.0,33.98686218261719,33.98686218261719,10,98
improvement,22,humanevalplus,10050,max,3,HumanEval/96,3.8637328147888184,37.233909606933594,33.370176792144775,36,75
improvement,22,humanevalplus,10050,max,4,HumanEval/123,0.0,32.01411056518555,32.01411056518555,12,102
improvement,22,humanevalplus,10050,max,5,HumanEval/113,0.0,30.743553161621094,30.743553161621094,65,82
improvement,22,humanevalplus,10050,max,6,HumanEval/111,0.0,30.54885482788086,30.54885482788086,513,327
improvement,22,humanevalplus,10050,max,7,HumanEval/107,0.0,30.279016494750977,30.279016494750977,16,89
improvement,22,humanevalplus,10050,max,8,HumanEval/26,0.0,29.694072723388672,29.694072723388672,10,45
improvement,22,humanevalplus,10050,max,9,HumanEval/147,0.0,28.99047088623047,28.99047088623047,512,98
improvement,22,humanevalplus,10050,max,10,HumanEval/86,0.0,28.550689697265625,28.550689697265625,23,60
improvement,23,humanevalplus,941,early_max,1,HumanEval/111,0.0,10.10979175567627,10.10979175567627,513,327
improvement,23,humanevalplus,941,early_max,2,HumanEval/158,1.999335765838623,10.869903564453125,8.870567798614502,21,115
improvement,23,humanevalplus,941,early_max,3,HumanEval/96,0.0,8.138067245483398,8.138067245483398,36,75
improvement,23,humanevalplus,941,early_max,4,HumanEval/86,0.0,8.06887149810791,8.06887149810791,23,60
improvement,23,humanevalplus,941,early_max,5,HumanEval/124,0.0,7.76125431060791,7.76125431060791,9,198
improvement,23,humanevalplus,941,early_max,6,HumanEval/143,0.0,7.743574142456055,7.743574142456055,12,106
improvement,23,humanevalplus,941,early_max,7,HumanEval/107,0.0,7.286670684814453,7.286670684814453,16,89
improvement,23,humanevalplus,941,early_max,8,HumanEval/68,0.0,7.118234634399414,7.118234634399414,9,89
improvement,23,humanevalplus,941,early_max,9,HumanEval/117,0.0,6.943760871887207,6.943760871887207,10,98
improvement,23,humanevalplus,941,early_max,10,HumanEval/6,0.0,6.758680820465088,6.758680820465088,32,93
improvement,24,humanevalplus,14266,max,1,HumanEval/102,0.0,12.452120780944824,12.452120780944824,16,91
improvement,24,humanevalplus,14266,max,2,HumanEval/69,0.0,11.80472469329834,11.80472469329834,513,105
improvement,24,humanevalplus,14266,max,3,HumanEval/147,0.0,11.516462326049805,11.516462326049805,512,98
improvement,24,humanevalplus,14266,max,4,HumanEval/161,0.0,10.492818832397461,10.492818832397461,14,73
improvement,24,humanevalplus,14266,max,5,HumanEval/111,0.0,10.175291061401367,10.175291061401367,513,327
improvement,24,humanevalplus,14266,max,6,HumanEval/1,0.0,9.693984985351562,9.693984985351562,11,219
improvement,24,humanevalplus,14266,max,7,HumanEval/68,0.0,9.503360748291016,9.503360748291016,9,89
improvement,24,humanevalplus,14266,max,8,HumanEval/104,0.0,8.578130722045898,8.578130722045898,27,60
improvement,24,humanevalplus,14266,max,9,HumanEval/158,0.0,7.774229526519775,7.774229526519775,21,115
improvement,24,humanevalplus,14266,max,10,HumanEval/123,0.0,7.596031188964844,7.596031188964844,12,102
improvement,25,humanevalplus,15843,max,1,HumanEval/111,0.8322539329528809,21.356159210205078,20.523905277252197,513,327
improvement,25,humanevalplus,15843,max,2,HumanEval/8,1.5884751081466675,20.499887466430664,18.911412358283997,15,42
improvement,25,humanevalplus,15843,max,3,HumanEval/99,0.0,18.383182525634766,18.383182525634766,11,274
improvement,25,humanevalplus,15843,max,4,HumanEval/6,0.0,14.440707206726074,14.440707206726074,32,93
improvement,25,humanevalplus,15843,max,5,HumanEval/1,0.0,14.105335235595703,14.105335235595703,11,219
improvement,25,humanevalplus,15843,max,6,HumanEval/85,0.0,13.313910484313965,13.313910484313965,12,115
improvement,25,humanevalplus,15843,max,7,HumanEval/113,0.0,12.945085525512695,12.945085525512695,65,82
improvement,25,humanevalplus,15843,max,8,HumanEval/69,0.6192654371261597,13.215072631835938,12.595807194709778,513,105
improvement,25,humanevalplus,15843,max,9,HumanEval/107,0.0,10.88450813293457,10.88450813293457,16,89
improvement,25,humanevalplus,15843,max,10,HumanEval/123,0.0,8.999338150024414,8.999338150024414,12,102
