case_id,rank,feature_id,failure_pr_auc,failure_baseline,failure_normalized_effect,failure_null_mean,failure_null_sd,failure_effect_null_mean,failure_effect_null_sd,failure_effect_to_variability,success_pr_auc,success_baseline,success_normalized_effect,success_null_mean,success_null_sd,success_effect_null_mean,success_effect_null_sd,success_effect_to_variability,selected_direction,selected_pr_auc,selected_normalized_effect,selected_effect_to_variability,p_maxT,support_ok,activation_count,activation_proportion,unique_aggregated_values,mean,median,maximum,q05,q25,q75,q95,pass_mean,pass_median,pass_maximum,fail_mean,fail_median,fail_maximum
deepseek_base_finetuned_layer16__a_deepseek_base__humanevalplus__layer16__evaluated_tokens,1,6873,0.8463131399664235,0.6014492753623188,0.6143856966430263,0.6071253418922424,0.03768283873796463,0.014241584576666355,0.09454967826604843,6.347394545094544,0.27809889932154314,0.39855072463768115,-0.20026929992321743,0.425563246011734,0.04160021245479584,0.04491249471902847,0.0691666230559349,-3.544799266027024,high_activation_associated_with_failure,0.8463131399664235,0.6143856966430263,6.347394545094544,0.004975124378109453,True,138,1.0,138,4.467607021331787,4.311945915222168,7.562067031860352,2.6347944736480713,3.6580731868743896,5.210109710693359,6.732529640197754,3.8405086994171143,3.919882297515869,5.512516021728516,4.883153915405273,4.7650604248046875,7.562067031860352
deepseek_base_finetuned_layer16__a_deepseek_base__humanevalplus__layer16__evaluated_tokens,2,3142,0.5413814228294613,0.6014492753623188,-0.15071570271880613,0.6151701211929321,0.02838478609919548,0.03442695364356041,0.0712200179696083,-2.599587330087061,0.6126021446039284,0.39855072463768115,0.3558927223535195,0.4136757552623749,0.03225573152303696,0.025148050859570503,0.05363001674413681,6.1671558499020644,high_activation_associated_with_success,0.6126021446039284,0.3558927223535195,6.1671558499020644,0.7412935323383084,True,43,0.3115942028985507,44,0.48149794340133667,0.0,4.82696533203125,0.0,0.0,0.29042938351631165,2.728252649307251,0.9415041208267212,0.1277279555797577,4.82696533203125,0.17667464911937714,0.0,3.571443557739258
deepseek_base_finetuned_layer16__a_deepseek_base__humanevalplus__layer16__evaluated_tokens,3,14374,0.7214946743495723,0.6014492753623188,0.30120481927710857,0.6106595396995544,0.019546354189515114,0.02310936711728573,0.04904358088970184,5.670374126743613,0.39855072463768115,0.39855072463768115,0.0,0.4155413806438446,0.02462581731379032,0.02824966236948967,0.04094412177801132,-0.6899564856379677,high_activation_associated_with_failure,0.7214946743495723,0.30120481927710857,5.670374126743613,1.0,True,25,0.18115942028985507,26,0.8603041172027588,0.0,6.164736270904541,0.0,0.0,0.0,5.585673809051514,0.0,0.0,0.0,1.4303852319717407,0.0,6.164736270904541
deepseek_base_finetuned_layer16__a_deepseek_base__humanevalplus__layer16__evaluated_tokens,4,13147,0.8197485041706859,0.6014492753623188,0.5477326104646301,0.6104652881622314,0.03850903734564781,0.02262231521308422,0.09662268310785294,5.4346482457478755,0.28647961610188677,0.39855072463768115,-0.18633509611975452,0.4228094220161438,0.041391242295503616,0.0403335802257061,0.06881917268037796,-3.293684993834421,high_activation_associated_with_failure,0.8197485041706859,0.5477326104646301,5.4346482457478755,0.014925373134328358,True,138,1.0,138,4.242852210998535,3.8814263343811035,9.943697929382324,2.292454719543457,3.2490925788879395,4.95543098449707,8.1011323928833,3.4883782863616943,3.5582337379455566,5.880246162414551,4.742806911468506,4.3875813484191895,9.943697929382324
deepseek_base_finetuned_layer16__a_deepseek_base__humanevalplus__layer16__evaluated_tokens,5,15907,0.8276083636973239,0.6014492753623188,0.5674537125496492,0.6081114411354065,0.04113268107175827,0.016716405749320984,0.10320566594600677,5.336308832970979,0.2859193032133788,0.39855072463768115,-0.18726670068137022,0.4254331886768341,0.04626796394586563,0.04469592496752739,0.07692748308181763,-3.0153414144875836,high_activation_associated_with_failure,0.8276083636973239,0.5674537125496492,5.336308832970979,0.004975124378109453,True,138,1.0,138,7.655681133270264,4.882741928100586,25.55833625793457,2.8160812854766846,3.975554943084717,6.64522123336792,22.46877670288086,4.546815395355225,4.382495403289795,9.053998947143555,9.715773582458496,5.571985244750977,25.55833625793457
deepseek_base_finetuned_layer16__b_deepseek_finetuned__humanevalplus__layer16__evaluated_tokens,1,11052,0.6480933235568209,0.36936936936936937,0.44197655592581603,0.3963828384876251,0.04235832765698433,0.042835578322410583,0.06716819107532501,5.942410703837376,0.4939176931832645,0.6306306306306306,-0.3701252696745766,0.6411569118499756,0.03886564075946808,0.028498051688075066,0.10522163659334183,-3.788415902550936,high_activation_associated_with_failure,0.6480933235568209,0.44197655592581603,5.942410703837376,0.7014925373134329,True,111,1.0,111,3.5590250492095947,3.525073289871216,5.593557834625244,2.4234471321105957,3.1176061630249023,3.963974952697754,4.971992015838623,3.3236074447631836,3.390824794769287,4.934011459350586,3.960958242416382,3.8564419746398926,5.593557834625244
deepseek_base_finetuned_layer16__b_deepseek_finetuned__humanevalplus__layer16__evaluated_tokens,2,2629,0.6326782537094644,0.36936936936936937,0.41753265945357926,0.39126870036125183,0.04439109191298485,0.03472615405917168,0.07039158791303635,5.438242221035516,0.5068116508022278,0.6306306306306306,-0.3352172380720175,0.6462804675102234,0.04062811657786369,0.04236965253949165,0.10999318212270737,-3.4328208651175918,high_activation_associated_with_failure,0.6326782537094644,0.41753265945357926,5.438242221035516,0.8606965174129353,True,111,1.0,111,3.872570753097534,3.8761584758758545,5.405736923217773,2.698859214782715,3.4167702198028564,4.386480808258057,4.878550052642822,3.695812225341797,3.7795181274414062,4.881684303283691,4.174355506896973,4.244121074676514,5.405736923217773
deepseek_base_finetuned_layer16__b_deepseek_finetuned__humanevalplus__layer16__evaluated_tokens,3,5696,0.6391215008460007,0.36936936936936937,0.42774980848437255,0.3937265872955322,0.04578664153814316,0.03862348943948746,0.07260452955961227,5.3595322689253315,0.503382235143589,0.6306306306306306,-0.34450175363564917,0.6448700428009033,0.041896626353263855,0.03855044022202492,0.11342742294073105,-3.3770686481859804,high_activation_associated_with_failure,0.6391215008460007,0.42774980848437255,5.3595322689253315,0.7910447761194029,True,111,1.0,111,3.1032397747039795,3.037044048309326,5.571750164031982,1.9797625541687012,2.633125066757202,3.5379185676574707,4.2500691413879395,2.900132179260254,2.913301944732666,4.269228935241699,3.4500081539154053,3.4560272693634033,5.571750164031982
deepseek_base_finetuned_layer16__b_deepseek_finetuned__humanevalplus__layer16__evaluated_tokens,4,5089,0.6168934906155965,0.36936936936936937,0.39250253511901734,0.3971711993217468,0.0420856811106205,0.04408569633960724,0.06673586368560791,5.220833589879033,0.5105403700673063,0.6306306306306306,-0.3251224127446096,0.640881359577179,0.03879712522029877,0.027751803398132324,0.10503610968589783,-3.359551464710416,high_activation_associated_with_failure,0.6168934906155965,0.39250253511901734,5.220833589879033,0.9900497512437811,True,111,1.0,111,4.591999053955078,4.585593223571777,7.555493354797363,2.5967535972595215,4.009120941162109,5.306960582733154,6.144595623016357,4.313910484313965,4.3881120681762695,6.184529781341553,5.066782474517822,5.027212142944336,7.555493354797363
deepseek_base_finetuned_layer16__b_deepseek_finetuned__humanevalplus__layer16__evaluated_tokens,5,8291,0.6091569843887247,0.36936936936936937,0.3802346466735491,0.39441239833831787,0.0430116206407547,0.03971090167760849,0.06820414960384369,4.992713009015366,0.515594672306471,0.6306306306306306,-0.311438813999554,0.6436164975166321,0.038541629910469055,0.035156797617673874,0.1043444275856018,-3.321649460704441,high_activation_associated_with_failure,0.6091569843887247,0.3802346466735491,4.992713009015366,1.0,True,111,1.0,111,3.8828012943267822,3.8728907108306885,6.152396202087402,2.6990020275115967,3.3788740634918213,4.427053928375244,4.897596836090088,3.7155094146728516,3.7433271408081055,5.0824737548828125,4.168420791625977,4.268923759460449,6.152396202087402
deepseek_base_finetuned_layer16__a_deepseek_base__bigcodebench__layer16__evaluated_tokens,1,15562,0.9161765337983193,0.76985559566787,0.635778821366815,0.7726858258247375,0.01122133620083332,0.012297544628381729,0.048757802695035934,12.787312845866007,0.15058316588021853,0.23014440433213001,-0.103345664952776,0.23299938440322876,0.011554180644452572,0.0037084289360791445,0.015008245594799519,-7.133018527225479,high_activation_associated_with_failure,0.9161765337983193,0.635778821366815,12.787312845866007,0.004975124378109453,True,1108,1.0,1108,6.205254554748535,4.911200523376465,14.543895721435547,3.4840610027313232,4.265021324157715,6.937624931335449,12.025561332702637,4.390561580657959,4.346654891967773,7.352389335632324,6.747744560241699,5.149818420410156,14.543895721435547
deepseek_base_finetuned_layer16__a_deepseek_base__bigcodebench__layer16__evaluated_tokens,2,7074,0.9167931413161299,0.76985559566787,0.6384580414834193,0.7729887962341309,0.012215504422783852,0.0136138666421175,0.05307755991816521,11.772285233245167,0.15093985809392238,0.23014440433213001,-0.10288234142079022,0.23294992744922638,0.01268315501511097,0.0036441937554627657,0.016474714502692223,-6.466062593002441,high_activation_associated_with_failure,0.9167931413161299,0.6384580414834193,11.772285233245167,0.004975124378109453,True,1108,1.0,1108,10.21981143951416,5.445538520812988,29.95369529724121,3.7731966972351074,4.663924217224121,8.069124221801758,27.74200439453125,4.862135410308838,4.8052144050598145,10.013468742370605,11.821470260620117,5.764242172241211,29.95369529724121
deepseek_base_finetuned_layer16__a_deepseek_base__bigcodebench__layer16__evaluated_tokens,3,2925,0.9167680539043207,0.76985559566787,0.6383490342195582,0.7731219530105591,0.01293810922652483,0.01419251598417759,0.056217338889837265,11.10256249337005,0.15190927750995575,0.23014440433213001,-0.10162311901403176,0.23288162052631378,0.013573377393186092,0.003555403556674719,0.01763107441365719,-5.965519746728211,high_activation_associated_with_failure,0.9167680539043207,0.6383490342195582,11.10256249337005,0.004975124378109453,True,1108,1.0,1108,8.633147239685059,4.261452674865723,23.885753631591797,2.827418327331543,3.5533642768859863,16.710973739624023,22.23897933959961,3.7935187816619873,3.6702380180358887,10.731535911560059,10.079940795898438,4.694168567657471,23.885753631591797
deepseek_base_finetuned_layer16__a_deepseek_base__bigcodebench__layer16__evaluated_tokens,4,7434,0.8969023341559254,0.76985559566787,0.5520305342931973,0.7722680568695068,0.011366271413862705,0.010482055135071278,0.04938756674528122,10.96527962090517,0.1573024465044505,0.23014440433213001,-0.0946176896518979,0.23358438909053802,0.01196043100208044,0.004468332976102829,0.015535938553512096,-6.377858813402752,high_activation_associated_with_failure,0.8969023341559254,0.5520305342931973,10.96527962090517,0.004975124378109453,True,1108,1.0,1108,5.133299827575684,4.812504768371582,9.443094253540039,3.425835609436035,4.2083740234375,5.951942443847656,7.593036651611328,4.410820960998535,4.404577732086182,7.092951774597168,5.349277496337891,5.063630104064941,9.443094253540039
deepseek_base_finetuned_layer16__a_deepseek_base__bigcodebench__layer16__evaluated_tokens,5,9437,0.8921079927294793,0.76985559566787,0.5311986507618159,0.7721717357635498,0.010948619805276394,0.010063480585813522,0.047572825103998184,10.954471781668573,0.15737976800925352,0.23014440433213001,-0.0945172532775465,0.2335435301065445,0.011480765417218208,0.0044153667986392975,0.014912882819771767,-6.634037246307545,high_activation_associated_with_failure,0.8921079927294793,0.5311986507618159,10.954471781668573,0.004975124378109453,True,1108,1.0,1108,5.303786754608154,5.269857883453369,9.535823822021484,3.5918540954589844,4.628329277038574,5.959712982177734,7.155751705169678,4.750826358795166,4.814576148986816,7.56113862991333,5.469089984893799,5.432384490966797,9.535823822021484
deepseek_base_finetuned_layer16__b_deepseek_finetuned__bigcodebench__layer16__evaluated_tokens,1,3787,0.7797995168580948,0.6782713085234093,0.3155708863537051,0.6814027428627014,0.016232524067163467,0.009732713922858238,0.050454068928956985,6.061714722384222,0.25366128204034166,0.32172869147659067,-0.10035425143432818,0.3263668715953827,0.016912315040826797,0.006838145200163126,0.0249344389885664,-4.298969657333939,high_activation_associated_with_failure,0.7797995168580948,0.3155708863537051,6.061714722384222,0.004975124378109453,True,833,1.0,833,4.307130813598633,4.291297912597656,6.331179618835449,3.1272974014282227,3.869083881378174,4.762404441833496,5.517299652099609,4.110589981079102,4.1323723793029785,5.954110145568848,4.400356292724609,4.372443199157715,6.331179618835449
deepseek_base_finetuned_layer16__b_deepseek_finetuned__bigcodebench__layer16__evaluated_tokens,2,12970,0.7600733711068821,0.6782713085234093,0.2542579034777344,0.6810553669929504,0.014601940289139748,0.008653388358652592,0.04538588598370552,5.411473408434926,0.26209571207553417,0.32172869147659067,-0.08791906520545144,0.32636573910713196,0.015284590423107147,0.006836598739027977,0.022534629330039024,-4.204891172457343,high_activation_associated_with_failure,0.7600733711068821,0.2542579034777344,5.411473408434926,0.004975124378109453,True,833,1.0,833,2.778942823410034,2.770603656768799,4.540602684020996,1.9126282930374146,2.4479079246520996,3.1118550300598145,3.6663997173309326,2.6548914909362793,2.6234874725341797,4.324234485626221,2.8377842903137207,2.810682773590088,4.540602684020996
deepseek_base_finetuned_layer16__b_deepseek_finetuned__bigcodebench__layer16__evaluated_tokens,3,5476,0.7604034952475137,0.6782713085234093,0.25528399828798115,0.6806709170341492,0.014761466532945633,0.007458189036697149,0.0458817221224308,5.401406001936578,0.26278441103548345,0.32172869147659067,-0.08690369134060587,0.32692423462867737,0.015161680057644844,0.007660013623535633,0.022353410720825195,-4.2303926745300995,high_activation_associated_with_failure,0.7604034952475137,0.25528399828798115,5.401406001936578,0.004975124378109453,True,832,0.9987995198079231,833,3.489640951156616,3.516366481781006,5.895394325256348,2.4043405055999756,3.095757007598877,3.896307945251465,4.5830302238464355,3.346017360687256,3.3649673461914062,5.115273475646973,3.5577688217163086,3.5572478771209717,5.895394325256348
deepseek_base_finetuned_layer16__b_deepseek_finetuned__bigcodebench__layer16__evaluated_tokens,4,13915,0.762427673228891,0.6782713085234093,0.26157556641666513,0.6794885993003845,0.015362690202891827,0.0037832199595868587,0.04775044322013855,5.398742484307568,0.26137912118519097,0.32172869147659067,-0.08897556115528488,0.3281489908695221,0.01636803150177002,0.009465736337006092,0.024131983518600464,-4.079287449223323,high_activation_associated_with_failure,0.762427673228891,0.26157556641666513,5.398742484307568,0.004975124378109453,True,832,0.9987995198079231,833,4.079806327819824,4.094666957855225,6.9885969161987305,2.890061616897583,3.6355748176574707,4.520663261413574,5.30294942855835,3.887439250946045,3.9375839233398438,5.9085798263549805,4.171051979064941,4.16010856628418,6.9885969161987305
deepseek_base_finetuned_layer16__b_deepseek_finetuned__bigcodebench__layer16__evaluated_tokens,5,7593,0.7560940037050828,0.6782713085234093,0.24188919808333592,0.6810656189918518,0.014123206958174706,0.008686344139277935,0.043897878378629684,5.312394643144884,0.26437353910494166,0.32172869147659067,-0.08456078216917456,0.3263474702835083,0.015170431695878506,0.0068095987662673,0.022366320714354515,-4.085177088460559,high_activation_associated_with_failure,0.7560940037050828,0.24188919808333592,5.312394643144884,0.01990049751243781,True,833,1.0,833,3.89449143409729,3.9049906730651855,6.713545322418213,2.718120813369751,3.4678170680999756,4.354974746704102,5.056273460388184,3.740579843521118,3.744272232055664,5.632281303405762,3.967499017715454,3.965825319290161,6.713545322418213
deepseek_base_merged_layer16__a_deepseek_base__humanevalplus__layer16__evaluated_tokens,1,6873,0.8395916293429354,0.6029411764705882,0.5960085479748003,0.6157712340354919,0.03929874673485756,0.03231312334537506,0.09897460043430328,5.695354385427313,0.2794508085737757,0.3970588235294118,-0.19505719553617698,0.4177781343460083,0.041918203234672546,0.03436371684074402,0.06952288746833801,-3.299933600735491,high_activation_associated_with_failure,0.8395916293429354,0.5960085479748003,5.695354385427313,0.004975124378109453,True,136,1.0,136,5.048722743988037,4.743171215057373,7.840533256530762,3.224583625793457,4.1846208572387695,5.975430965423584,7.424129486083984,4.3961181640625,4.381425380706787,6.811533451080322,5.478486061096191,5.543082237243652,7.840533256530762
deepseek_base_merged_layer16__a_deepseek_base__humanevalplus__layer16__evaluated_tokens,2,15612,0.8321449464062974,0.6029411764705882,0.5772539390973417,0.6182125806808472,0.038224026560783386,0.03846161067485809,0.09626790881156921,5.5968010012255816,0.2805246326673141,0.3970588235294118,-0.19327621899079622,0.4146798253059387,0.042437970638275146,0.029225192964076996,0.0703849270939827,-3.1612082464442186,high_activation_associated_with_failure,0.8321449464062974,0.5772539390973417,5.5968010012255816,0.009950248756218905,True,136,1.0,136,6.592841625213623,4.241222381591797,21.922788619995117,2.5138421058654785,3.500230312347412,5.782833099365234,19.63153076171875,3.964691638946533,3.682435989379883,11.287353515625,8.32357406616211,4.775912284851074,21.922788619995117
deepseek_base_merged_layer16__a_deepseek_base__humanevalplus__layer16__evaluated_tokens,3,11780,0.8114291656803322,0.6029411764705882,0.5250808617134293,0.6158705949783325,0.039627376943826675,0.03256330266594887,0.09980230033397675,4.9349319344276426,0.2892980850262304,0.3970588235294118,-0.17872512727356918,0.4174961745738983,0.04220617562532425,0.03389614447951317,0.07000049203634262,-3.037425388991471,high_activation_associated_with_failure,0.8114291656803322,0.5250808617134293,4.9349319344276426,0.014925373134328358,True,136,1.0,136,5.731151103973389,5.416489601135254,10.132552146911621,3.5229694843292236,4.454874038696289,6.641487121582031,8.738121032714844,4.960053443908691,4.940001487731934,8.249423027038574,6.238944053649902,5.782161712646484,10.132552146911621
deepseek_base_merged_layer16__a_deepseek_base__humanevalplus__layer16__evaluated_tokens,4,339,0.49440033959541635,0.6029411764705882,-0.27336210768561797,0.6197609305381775,0.040062837302684784,0.042361289262771606,0.10089900344610214,-3.129103223671,0.6127360596727434,0.3970588235294118,0.357708586774306,0.4136563539505005,0.04059680923819542,0.027527593076229095,0.06733129918575287,4.903826269372541,high_activation_associated_with_success,0.6127360596727434,0.357708586774306,4.903826269372541,0.7412935323383084,True,136,1.0,136,4.099257469177246,4.118680000305176,6.303483009338379,2.5737321376800537,3.514425277709961,4.74288272857666,5.613637924194336,4.4090704917907715,4.481708526611328,6.303483009338379,3.8952345848083496,3.9976227283477783,5.649748802185059
deepseek_base_merged_layer16__a_deepseek_base__humanevalplus__layer16__evaluated_tokens,5,16083,0.7245698466103626,0.6029411764705882,0.3063240581298022,0.6127771139144897,0.02326648309826851,0.024772025644779205,0.05859706923365593,4.804882499538222,0.3911303837774426,0.3970588235294118,-0.009832534222778213,0.4144534170627594,0.026358138769865036,0.028849797323346138,0.043715935200452805,-0.8848565487333709,high_activation_associated_with_failure,0.7245698466103626,0.3063240581298022,4.804882499538222,1.0,True,28,0.20588235294117646,29,0.4565860629081726,0.0,4.150221824645996,0.0,0.0,0.0,2.7159972190856934,0.046744223684072495,0.0,2.5241880416870117,0.7264818549156189,0.0,4.150221824645996
deepseek_base_merged_layer16__b_deepseek_merged__humanevalplus__layer16__evaluated_tokens,1,4789,0.5833755026430055,0.23636363636363636,0.4544203010801263,0.2632874548435211,0.042528703808784485,0.03525742515921593,0.05569235980510712,7.526398187969622,0.618028575839469,0.7636363636363637,-0.6160329483714775,0.7746407985687256,0.03411896526813507,0.0465574786067009,0.14434944093227386,-4.59018353447627,high_activation_associated_with_failure,0.5833755026430055,0.4544203010801263,7.526398187969622,0.9104477611940298,True,110,1.0,110,4.470329761505127,4.443058013916016,7.365850448608398,2.5348517894744873,3.8634305000305176,5.212038516998291,6.315164089202881,4.2103705406188965,4.184415817260742,6.678545951843262,5.310196876525879,5.248029708862305,7.365850448608398
deepseek_base_merged_layer16__b_deepseek_merged__humanevalplus__layer16__evaluated_tokens,2,7525,0.5045243910822357,0.23636363636363636,0.3511628930838801,0.2645360231399536,0.04310164973139763,0.036892492324113846,0.05644262582063675,5.567962088766991,0.6635561264387484,0.7636363636363637,-0.423416388143757,0.7735782861709595,0.03471045941114426,0.042061947286129,0.14685191214084625,-3.1697124582446286,high_activation_associated_with_failure,0.5045243910822357,0.3511628930838801,5.567962088766991,1.0,True,110,1.0,110,4.492218494415283,4.3784332275390625,7.885782718658447,2.9605884552001953,3.8849692344665527,5.162397384643555,6.108826637268066,4.3461408615112305,4.259563446044922,6.576916694641113,4.964161396026611,5.013729095458984,7.885782718658447
deepseek_base_merged_layer16__b_deepseek_merged__humanevalplus__layer16__evaluated_tokens,3,8196,0.5408838642035835,0.23636363636363636,0.398776488838026,0.2696667015552521,0.05086774751543999,0.043611276894807816,0.06661252677440643,5.331808131915485,0.6474449243873458,0.7636363636363637,-0.4915791660535372,0.7707350254058838,0.039926912635564804,0.030033372342586517,0.16892151534557343,-3.0878987636893256,high_activation_associated_with_failure,0.5408838642035835,0.398776488838026,5.331808131915485,0.9950248756218906,True,110,1.0,110,3.6009628772735596,3.5455360412597656,5.967174530029297,2.4413702487945557,3.0840091705322266,4.1012701988220215,4.920519828796387,3.4707369804382324,3.3474209308624268,5.09066915512085,4.021693229675293,3.938199520111084,5.967174530029297
deepseek_base_merged_layer16__b_deepseek_merged__humanevalplus__layer16__evaluated_tokens,4,10550,0.5126973438917908,0.23636363636363636,0.361865569382107,0.26706844568252563,0.047039780765771866,0.040208712220191956,0.061599716544151306,5.221726254720166,0.6435284690619423,0.7636363636363637,-0.5081487847379367,0.7724308967590332,0.03579253703355789,0.0372081957757473,0.15142998099327087,-3.6013804990038145,high_activation_associated_with_failure,0.5126973438917908,0.361865569382107,5.221726254720166,1.0,True,110,1.0,110,4.617947578430176,4.573758602142334,6.637657165527344,3.2564122676849365,4.067085266113281,5.210084915161133,6.033507823944092,4.465795040130615,4.437354564666748,6.602475166320801,5.109515190124512,5.1924967765808105,6.637657165527344
deepseek_base_merged_layer16__b_deepseek_merged__humanevalplus__layer16__evaluated_tokens,5,9179,0.47768641127511113,0.23636363636363636,0.31601791952693126,0.2603040933609009,0.043824292719364166,0.03135063499212265,0.057388950139284134,4.960315249606682,0.6555433809368651,0.7636363636363637,-0.4573164652671092,0.7775483131408691,0.03635922446846962,0.05885882303118706,0.153827503323555,-3.355546161420773,high_activation_associated_with_failure,0.47768641127511113,0.31601791952693126,4.960315249606682,1.0,True,110,1.0,110,3.8429572582244873,3.8511157035827637,5.942915916442871,2.353264570236206,3.313830852508545,4.39643669128418,5.293548583984375,3.695467710494995,3.7371087074279785,5.594578266143799,4.319465637207031,4.325092792510986,5.942915916442871
deepseek_base_merged_layer16__a_deepseek_base__bigcodebench__layer16__evaluated_tokens,1,5535,0.9137010745552121,0.7650224215246637,0.6327354890422194,0.7659516930580139,0.011776827275753021,0.003955390304327011,0.05011893808841705,12.545758603836207,0.15599590051157633,0.2349775784753363,-0.10324099757279291,0.23985454440116882,0.012501921504735947,0.006374898366630077,0.01634190045297146,-6.70765901768123,high_activation_associated_with_failure,0.9137010745552121,0.6327354890422194,12.545758603836207,0.004975124378109453,True,1115,1.0,1114,6.234447002410889,5.626046180725098,11.308019638061523,4.147456645965576,4.878599166870117,7.784929275512695,9.61195182800293,5.075931072235107,5.047292232513428,7.4968581199646,6.590283393859863,5.955697059631348,11.308019638061523
deepseek_base_merged_layer16__a_deepseek_base__bigcodebench__layer16__evaluated_tokens,2,5728,0.9160566531893404,0.7650224215246637,0.6427601843744828,0.7663654088973999,0.012273361906409264,0.005716565065085888,0.052232056856155396,12.196410741851212,0.1544301476804965,0.2349775784753363,-0.1052876733133017,0.23948663473129272,0.012930029071867466,0.005894179455935955,0.01690150424838066,-6.5782223366236785,high_activation_associated_with_failure,0.9160566531893404,0.6427601843744828,12.196410741851212,0.004975124378109453,True,1115,1.0,1115,7.395698547363281,5.854487895965576,15.301935195922852,4.208707332611084,5.133454322814941,10.253789901733398,13.33270263671875,5.336815357208252,5.253609657287598,10.590502738952637,8.028085708618164,6.329226970672607,15.301935195922852
deepseek_base_merged_layer16__a_deepseek_base__bigcodebench__layer16__evaluated_tokens,3,13605,0.9122288340487081,0.7650224215246637,0.6264700380317159,0.7674338817596436,0.012220697477459908,0.01026178989559412,0.052007924765348434,11.848352936910217,0.1568363959530028,0.2349775784753363,-0.10214234292192477,0.23832523822784424,0.012975993566215038,0.004375905729830265,0.016961582005023956,-6.279971326979095,high_activation_associated_with_failure,0.9122288340487081,0.6264700380317159,11.848352936910217,0.004975124378109453,True,1115,1.0,1115,6.003432750701904,4.805384635925293,13.329720497131348,3.417041778564453,4.139673709869385,8.546926498413086,10.643447875976562,4.363990306854248,4.314605236053467,9.380952835083008,6.506989002227783,5.191389560699463,13.329720497131348
deepseek_base_merged_layer16__a_deepseek_base__bigcodebench__layer16__evaluated_tokens,4,3341,0.9117573844981588,0.7650224215246637,0.624463678303233,0.7663135528564453,0.012443398125469685,0.005494263023138046,0.05295567959547043,11.68844248640402,0.1562505745870334,0.2349775784753363,-0.10290810004156825,0.23965516686439514,0.013731690123677254,0.0061143385246396065,0.01794939860701561,-6.073876955609862,high_activation_associated_with_failure,0.9117573844981588,0.624463678303233,11.68844248640402,0.004975124378109453,True,1115,1.0,1114,6.060074806213379,5.124367713928223,11.980249404907227,3.6412994861602783,4.429502487182617,7.972134113311768,10.31995964050293,4.652291297912598,4.565332889556885,7.229402542114258,6.4924798011779785,5.449289321899414,11.980249404907227
deepseek_base_merged_layer16__a_deepseek_base__bigcodebench__layer16__evaluated_tokens,5,10925,0.9036341974409065,0.7650224215246637,0.5898936265137812,0.7662705779075623,0.011880634352564812,0.005312739405781031,0.05056072399020195,11.561956415443829,0.16224077545282573,0.2349775784753363,-0.09507800160621252,0.23937498033046722,0.01254279725253582,0.0057481275871396065,0.016395334154367447,-6.149684309209014,high_activation_associated_with_failure,0.9036341974409065,0.5898936265137812,11.561956415443829,0.004975124378109453,True,1115,1.0,1115,6.63983678817749,5.756150245666504,12.663400650024414,4.213172435760498,5.012922286987305,8.592559814453125,10.643885612487793,5.335961818695068,5.270917892456055,8.030495643615723,7.040325164794922,6.111927032470703,12.663400650024414
deepseek_base_merged_layer16__b_deepseek_merged__bigcodebench__layer16__evaluated_tokens,1,8609,0.7023386804145508,0.6140845070422535,0.22868782151215736,0.6162262558937073,0.015473264269530773,0.005549635272473097,0.040094949305057526,5.565244254131976,0.328609253803895,0.3859154929577465,-0.09331979311751051,0.3922489285469055,0.016087688505649567,0.010313519276678562,0.02619784139096737,-3.955795855376097,high_activation_associated_with_failure,0.7023386804145508,0.22868782151215736,5.565244254131976,0.03482587064676617,True,710,1.0,710,4.711820125579834,4.7123308181762695,8.235108375549316,3.178696632385254,4.154250144958496,5.336576461791992,6.077971458435059,4.593934059143066,4.592192649841309,6.715731143951416,4.7858991622924805,4.811948776245117,8.235108375549316
deepseek_base_merged_layer16__b_deepseek_merged__bigcodebench__layer16__evaluated_tokens,2,5318,0.7105398853638617,0.6140845070422535,0.24993911900854682,0.6176378130912781,0.017086263746023178,0.009207256138324738,0.044274624437093735,5.437242346623599,0.3248873120613648,0.3859154929577465,-0.0993807532945666,0.39089834690093994,0.01738736219704151,0.008114419877529144,0.028314290568232536,-3.796498906199009,high_activation_associated_with_failure,0.7105398853638617,0.24993911900854682,5.437242346623599,0.014925373134328358,True,710,1.0,710,4.125668525695801,4.151595115661621,6.990934371948242,2.9108903408050537,3.651703357696533,4.613367080688477,5.443728446960449,3.982818841934204,4.042438983917236,6.21644401550293,4.215445518493652,4.2142438888549805,6.990934371948242
deepseek_base_merged_layer16__b_deepseek_merged__bigcodebench__layer16__evaluated_tokens,3,9783,0.7120436594996667,0.6140845070422535,0.2538357600173847,0.6189382672309875,0.017864219844341278,0.012577107176184654,0.04629049450159073,5.211840042730791,0.3176311856524055,0.3859154929577465,-0.11119692244677093,0.3896968364715576,0.017956780269742012,0.006157660856842995,0.029241548851132393,-4.013282056332297,high_activation_associated_with_failure,0.7120436594996667,0.2538357600173847,5.211840042730791,0.014925373134328358,True,710,1.0,710,3.0581769943237305,3.054086446762085,4.837839603424072,2.137968063354492,2.709763288497925,3.3940646648406982,3.943575143814087,2.948016405105591,2.923664093017578,4.4089226722717285,3.1274027824401855,3.1256041526794434,4.837839603424072
deepseek_base_merged_layer16__b_deepseek_merged__bigcodebench__layer16__evaluated_tokens,4,16048,0.715402138151611,0.6140845070422535,0.26253838718118194,0.61869877576828,0.01932808756828308,0.011956862173974514,0.050083719193935394,5.003253133755893,0.316432851749418,0.3859154929577465,-0.11314833774750747,0.39009028673171997,0.01950940117239952,0.006798543967306614,0.031769901514053345,-3.7754879933057346,high_activation_associated_with_failure,0.715402138151611,0.26253838718118194,5.003253133755893,0.009950248756218905,True,710,1.0,710,4.807763576507568,4.792629718780518,7.998708724975586,3.424053430557251,4.2982330322265625,5.368196964263916,6.255244731903076,4.625241756439209,4.677465438842773,6.712250232696533,4.922470569610596,4.935459613800049,7.998708724975586
deepseek_base_merged_layer16__b_deepseek_merged__bigcodebench__layer16__evaluated_tokens,5,6908,0.7084422940664401,0.6140845070422535,0.24450375469770982,0.6163137555122375,0.01865318790078163,0.005776712205260992,0.04833490401506424,4.939019686850857,0.32820230896385977,0.3859154929577465,-0.09398247852215504,0.3927280902862549,0.01969044655561447,0.01109401322901249,0.03206472098827362,-3.2770125082203276,high_activation_associated_with_failure,0.7084422940664401,0.24450375469770982,4.939019686850857,0.024875621890547265,True,710,1.0,710,3.9394514560699463,3.9667866230010986,7.141101837158203,2.646193742752075,3.4558959007263184,4.448160648345947,5.138757705688477,3.8365402221679688,3.9058303833007812,5.669070720672607,4.004122734069824,4.025956153869629,7.141101837158203
codellama_base_finetuned_layer16__a_codellama_base__humanevalplus__layer16__evaluated_tokens,1,9763,0.5683150952536958,0.6646341463414634,-0.2872058977889798,0.6732483506202698,0.031394146382808685,0.025685874745249748,0.09361164271831512,-3.3424450575634674,0.5726619083895037,0.33536585365853655,0.3570325961089781,0.35436108708381653,0.034762050956487656,0.028580129146575928,0.052302535623311996,6.279857430392077,high_activation_associated_with_success,0.5726619083895037,0.3570325961089781,6.279857430392077,0.7263681592039801,True,164,1.0,164,3.1055901050567627,3.1103129386901855,4.607229709625244,2.184100389480591,2.6865110397338867,3.5053043365478516,3.972686529159546,3.2780539989471436,3.2521021366119385,4.607229709625244,3.018566370010376,3.043848752975464,3.927989959716797
codellama_base_finetuned_layer16__a_codellama_base__humanevalplus__layer16__evaluated_tokens,2,12982,0.5649482848961624,0.6646341463414634,-0.2972451141278067,0.6759260296821594,0.031542759388685226,0.0336703360080719,0.09405478090047836,-3.5183267343531237,0.5395856581937273,0.33536585365853655,0.3072664948969842,0.35134029388427734,0.0335741825401783,0.024035004898905754,0.05051528289914131,5.606847546782579,high_activation_associated_with_success,0.5395856581937273,0.3072664948969842,5.606847546782579,0.9751243781094527,True,164,1.0,164,3.158332347869873,3.1608004570007324,4.581010341644287,2.3777923583984375,2.7923970222473145,3.5371317863464355,3.987305164337158,3.3618335723876953,3.314436912536621,4.581010341644287,3.0556485652923584,3.0737314224243164,4.198477745056152
codellama_base_finetuned_layer16__a_codellama_base__humanevalplus__layer16__evaluated_tokens,3,15596,0.8570434816471953,0.6646341463414634,0.5737296543661824,0.6741577982902527,0.03358033299446106,0.02839813008904457,0.10013043135404587,5.44621167513929,0.23248628898892837,0.33536585365853655,-0.15479127161298845,0.3536904454231262,0.038480792194604874,0.02757076919078827,0.05789770931005478,-3.149728080383776,high_activation_associated_with_failure,0.8570434816471953,0.5737296543661824,5.44621167513929,0.004975124378109453,True,164,1.0,164,3.8749568462371826,3.3931808471679688,7.8520827293396,2.301839590072632,2.937622547149658,4.66694974899292,6.796779155731201,3.155808687210083,3.0447998046875,5.337385654449463,4.237827777862549,3.5595808029174805,7.8520827293396
codellama_base_finetuned_layer16__a_codellama_base__humanevalplus__layer16__evaluated_tokens,4,6596,0.8844124487068507,0.6646341463414634,0.6553389379622455,0.6776794195175171,0.03840713948011398,0.03889922425150871,0.11452310532331467,5.382666772529802,0.22373865269767543,0.33536585365853655,-0.16795285282184608,0.3515121340751648,0.04287046939134598,0.0242934487760067,0.06450236588716507,-2.9804534911812697,high_activation_associated_with_failure,0.8844124487068507,0.6553389379622455,5.382666772529802,0.004975124378109453,True,164,1.0,164,3.0462646484375,3.0964932441711426,4.908252239227295,1.9422122240066528,2.6986279487609863,3.4445316791534424,4.016724586486816,2.6656877994537354,2.789149284362793,3.541236639022827,3.2382991313934326,3.2461140155792236,4.908252239227295
codellama_base_finetuned_layer16__a_codellama_base__humanevalplus__layer16__evaluated_tokens,5,6579,0.8455274395723422,0.6646341463414634,0.5393909107248022,0.6754544973373413,0.031812988221645355,0.03226397931575775,0.09486054629087448,5.3460258372750875,0.2393979980445538,0.33536585365853655,-0.14439200294213916,0.3522237539291382,0.034963127225637436,0.02536403015255928,0.05260507017374039,-3.2269899561779876,high_activation_associated_with_failure,0.8455274395723422,0.5393909107248022,5.3460258372750875,0.009950248756218905,True,164,1.0,164,2.3098955154418945,2.1910207271575928,4.698250770568848,1.4105223417282104,1.872545838356018,2.68890118598938,3.429999351501465,1.9955264329910278,1.9734221696853638,3.1942567825317383,2.468522310256958,2.37188982963562,4.698250770568848
codellama_base_finetuned_layer16__b_codellama_finetuned__humanevalplus__layer16__evaluated_tokens,1,15000,0.8429585140403535,0.6470588235294118,0.5550491231143349,0.6591331362724304,0.03331621736288071,0.034210916608572006,0.0943959578871727,5.517590140123348,0.24612994011606515,0.3529411764705882,-0.16507191072971744,0.37051987648010254,0.03659764677286148,0.027167057618498802,0.05655998736619949,-3.3988509775215956,high_activation_associated_with_failure,0.8429585140403535,0.5550491231143349,5.517590140123348,0.004975124378109453,True,153,1.0,153,3.0300276279449463,3.084993839263916,4.41390323638916,1.927323341369629,2.66324520111084,3.4285006523132324,4.011310577392578,2.6542067527770996,2.6881449222564697,3.760026454925537,3.2350220680236816,3.160437822341919,4.41390323638916
codellama_base_finetuned_layer16__b_codellama_finetuned__humanevalplus__layer16__evaluated_tokens,2,715,0.827129918765633,0.6470588235294118,0.5102014365026268,0.6607548594474792,0.03585853427648544,0.03880520910024643,0.10159915685653687,4.639765151476755,0.25229054033976145,0.3529411764705882,-0.1555509831112777,0.36876147985458374,0.039032917469739914,0.02444962039589882,0.06032358482480049,-2.983917551152794,high_activation_associated_with_failure,0.827129918765633,0.5102014365026268,4.639765151476755,0.03980099502487562,True,153,1.0,153,3.0210747718811035,2.9378628730773926,4.940356254577637,2.0701184272766113,2.642756462097168,3.399292469024658,4.086998462677002,2.711247444152832,2.698531150817871,3.7634387016296387,3.190072774887085,3.0668742656707764,4.940356254577637
codellama_base_finetuned_layer16__b_codellama_finetuned__humanevalplus__layer16__evaluated_tokens,3,6690,0.8084861345416482,0.6470588235294118,0.4573773812013365,0.656017541885376,0.03344317153096199,0.02538248524069786,0.0947556421160698,4.559041407069688,0.27133123303964357,0.3529411764705882,-0.1261244580296417,0.3740698993206024,0.037139587104320526,0.032653532922267914,0.05739755183458328,-2.7662850744836542,high_activation_associated_with_failure,0.8084861345416482,0.4573773812013365,4.559041407069688,0.20398009950248755,True,153,1.0,153,3.088815212249756,3.1170310974121094,4.519278049468994,2.094714879989624,2.7890539169311523,3.4496517181396484,4.045502185821533,2.904740571975708,3.0071640014648438,3.6570377349853516,3.189218521118164,3.2095508575439453,4.519278049468994
codellama_base_finetuned_layer16__b_codellama_finetuned__humanevalplus__layer16__evaluated_tokens,4,4955,0.8136662959503598,0.6470588235294118,0.472054505192686,0.6613684296607971,0.033723559230566025,0.04054425656795502,0.09555009007453918,4.516063232259722,0.26344946145874537,0.3529411764705882,-0.13830537774557528,0.3681846261024475,0.0361233726143837,0.0235581211745739,0.05582703277468681,-2.899374924213088,high_activation_associated_with_failure,0.8136662959503598,0.472054505192686,4.516063232259722,0.14925373134328357,True,153,1.0,153,3.059007167816162,3.070244312286377,4.175540924072266,2.241936206817627,2.7799999713897705,3.356832504272461,3.7709436416625977,2.8645899295806885,2.9470462799072266,3.581087112426758,3.165052890777588,3.147813081741333,4.175540924072266
codellama_base_finetuned_layer16__b_codellama_finetuned__humanevalplus__layer16__evaluated_tokens,5,4698,0.8065661048842813,0.6470588235294118,0.4519372971721302,0.6582399606704712,0.033262599259614944,0.0316801518201828,0.09424402564764023,4.459244418560872,0.2644313981193042,0.3529411764705882,-0.13678783927016616,0.37218043208122253,0.03735855594277382,0.029733361676335335,0.05773594230413437,-2.884186077180855,high_activation_associated_with_failure,0.8065661048842813,0.4519372971721302,4.459244418560872,0.21393034825870647,True,153,1.0,153,2.6960535049438477,2.717038154602051,4.001288890838623,1.8462210893630981,2.421146869659424,3.0150909423828125,3.497832775115967,2.506812810897827,2.571887493133545,3.338160753250122,2.7992756366729736,2.8101937770843506,4.001288890838623
codellama_base_finetuned_layer16__a_codellama_base__bigcodebench__layer16__evaluated_tokens,1,4681,0.8382891748056662,0.724561403508772,0.412897004071527,0.7251173257827759,0.011643927544355392,0.0020177962724119425,0.0422741174697876,9.71940355922892,0.20347280142723667,0.27543859649122804,-0.09932325226749414,0.28053998947143555,0.012198921293020248,0.007040602155029774,0.01683628559112549,-6.317536837138767,high_activation_associated_with_failure,0.8382891748056662,0.412897004071527,9.71940355922892,0.004975124378109453,True,1140,1.0,1140,3.1817429065704346,3.100592613220215,5.634801387786865,2.344027280807495,2.7866334915161133,3.5519659519195557,4.2244486808776855,2.9586868286132812,2.9062376022338867,5.134219169616699,3.2665388584136963,3.2058048248291016,5.634801387786865
codellama_base_finetuned_layer16__a_codellama_base__bigcodebench__layer16__evaluated_tokens,2,13508,0.8335566855181316,0.724561403508772,0.3957153550658279,0.7256988286972046,0.011657193303108215,0.004129322245717049,0.04232229292392731,9.252476786264197,0.20177318490178325,0.27543859649122804,-0.10166896999027487,0.2798915207386017,0.012304035015404224,0.006145897321403027,0.016981355845928192,-6.349014076960755,high_activation_associated_with_failure,0.8335566855181316,0.3957153550658279,9.252476786264197,0.004975124378109453,True,1140,1.0,1140,3.498117208480835,3.3949742317199707,6.4734015464782715,2.4306211471557617,2.9243690967559814,3.9923558235168457,4.898767948150635,3.1890883445739746,3.1066513061523438,5.556234836578369,3.6155893802642822,3.524977445602417,6.4734015464782715
codellama_base_finetuned_layer16__a_codellama_base__bigcodebench__layer16__evaluated_tokens,3,12067,0.838933904699426,0.724561403508772,0.41523774317625983,0.7265558838844299,0.012323740869760513,0.007241055369377136,0.04474224895238876,9.118823871393706,0.2004385283949338,0.27543859649122804,-0.10351098986655619,0.2792263925075531,0.012960786931216717,0.005227798130363226,0.017887771129608154,-6.078945622069876,high_activation_associated_with_failure,0.838933904699426,0.41523774317625983,9.118823871393706,0.004975124378109453,True,1140,1.0,1139,2.9875340461730957,2.9751744270324707,4.937238693237305,2.155890941619873,2.6293816566467285,3.317909002304077,3.872063398361206,2.7716848850250244,2.752033233642578,3.899643659591675,3.0695886611938477,3.0575995445251465,4.937238693237305
codellama_base_finetuned_layer16__a_codellama_base__bigcodebench__layer16__evaluated_tokens,4,5265,0.8389083258791866,0.724561403508772,0.415144877395773,0.7256649136543274,0.012452218681573868,0.004007562529295683,0.04520868510007858,9.094210856970106,0.19849061361294051,0.27543859649122804,-0.10619939525574791,0.2800764739513397,0.012859380804002285,0.006400963757187128,0.01774781383574009,-6.3444636085929265,high_activation_associated_with_failure,0.8389083258791866,0.415144877395773,9.094210856970106,0.004975124378109453,True,1140,1.0,1140,3.503392219543457,3.4843525886535645,5.841259956359863,2.6028592586517334,3.126047134399414,3.8808836936950684,4.420969486236572,3.2488725185394287,3.244539976119995,5.32444429397583,3.6001505851745605,3.578667402267456,5.841259956359863
codellama_base_finetuned_layer16__a_codellama_base__bigcodebench__layer16__evaluated_tokens,5,14637,0.8353256135987956,0.724561403508772,0.402137578033844,0.7259026169776917,0.01204894483089447,0.004868550691753626,0.04374457895755768,9.081560202637517,0.19982866129083962,0.27543859649122804,-0.10435269507075398,0.2798057794570923,0.012434347532689571,0.006027356255799532,0.017161207273602486,-6.43195141033819,high_activation_associated_with_failure,0.8353256135987956,0.402137578033844,9.081560202637517,0.004975124378109453,True,1140,1.0,1140,3.485722064971924,3.3877406120300293,5.704253673553467,2.4178762435913086,2.9544224739074707,4.0209221839904785,4.753295421600342,3.173448085784912,3.0785088539123535,5.653990745544434,3.604428291320801,3.5487754344940186,5.704253673553467
codellama_base_finetuned_layer16__b_codellama_finetuned__bigcodebench__layer16__evaluated_tokens,1,10966,0.8154637247762299,0.7222222222222222,0.3356694091944275,0.7231372594833374,0.012391415424644947,0.003294209251180291,0.044609084725379944,7.45084105601802,0.21293605190058726,0.2777777777777778,-0.08978085121457151,0.2832973003387451,0.013509421609342098,0.007642469368875027,0.018705351278185844,-5.208312804959802,high_activation_associated_with_failure,0.8154637247762299,0.3356694091944275,7.45084105601802,0.004975124378109453,True,990,1.0,990,2.812952756881714,2.7972707748413086,4.3773674964904785,2.1204617023468018,2.5244710445404053,3.0775508880615234,3.593506097793579,2.6660146713256836,2.667473077774048,4.125786304473877,2.8694686889648438,2.8402113914489746,4.3773674964904785
codellama_base_finetuned_layer16__b_codellama_finetuned__bigcodebench__layer16__evaluated_tokens,2,6216,0.817848625286759,0.7222222222222222,0.3442550510323322,0.7225106954574585,0.013214390724897385,0.0010386989451944828,0.04757179692387581,7.214702287499274,0.21152591224932846,0.2777777777777778,-0.09173335227016062,0.2839098274707794,0.01414333563297987,0.00849060993641615,0.019583076238632202,-5.117886535561841,high_activation_associated_with_failure,0.817848625286759,0.3442550510323322,7.214702287499274,0.004975124378109453,True,990,1.0,990,3.195906162261963,3.1838669776916504,4.881416320800781,2.4839673042297363,2.896411180496216,3.478067398071289,3.945260524749756,3.045353651046753,3.0468618869781494,4.595584869384766,3.253812313079834,3.2474265098571777,4.881416320800781
codellama_base_finetuned_layer16__b_codellama_finetuned__bigcodebench__layer16__evaluated_tokens,3,4619,0.8196064052375086,0.7222222222222222,0.350583058855031,0.7242263555526733,0.013408476486802101,0.007215629797428846,0.048270516097545624,7.113398753883659,0.20925912953969808,0.2777777777777778,-0.09487197448349499,0.2820512056350708,0.013912198133766651,0.005916957277804613,0.019263040274381638,-5.232244252499494,high_activation_associated_with_failure,0.8196064052375086,0.350583058855031,7.113398753883659,0.004975124378109453,True,990,1.0,990,3.202681064605713,3.1693689823150635,4.897974967956543,2.5366599559783936,2.9027657508850098,3.4918935298919678,3.9406445026397705,3.0406460762023926,3.010284900665283,4.136647701263428,3.2650034427642822,3.2482283115386963,4.897974967956543
codellama_base_finetuned_layer16__b_codellama_finetuned__bigcodebench__layer16__evaluated_tokens,4,13722,0.8207152097376484,0.7222222222222222,0.35457475505553443,0.7241383194923401,0.013868247158825397,0.006897013168781996,0.04992569610476494,6.963903741215335,0.2103498898355353,0.2777777777777778,-0.09336169099695116,0.28250107169151306,0.014637801796197891,0.006539975292980671,0.020267726853489876,-4.929100683667931,high_activation_associated_with_failure,0.8207152097376484,0.35457475505553443,6.963903741215335,0.004975124378109453,True,990,1.0,990,3.0776870250701904,3.0473854541778564,4.582862854003906,2.3342478275299072,2.7430942058563232,3.402223825454712,3.901480197906494,2.906324625015259,2.878681182861328,4.157992362976074,3.1435956954956055,3.1173319816589355,4.582862854003906
codellama_base_finetuned_layer16__b_codellama_finetuned__bigcodebench__layer16__evaluated_tokens,5,13860,0.8133311300800613,0.7222222222222222,0.32799206828822075,0.7256278395652771,0.012768737971782684,0.012259767390787601,0.04596744850277901,6.86860618070514,0.21240860266704623,0.2777777777777778,-0.09051116553793602,0.2806799113750458,0.013377840630710125,0.0040184510871768,0.018523164093494415,-5.1033190737814005,high_activation_associated_with_failure,0.8133311300800613,0.32799206828822075,6.86860618070514,0.004975124378109453,True,990,1.0,990,2.718548536300659,2.713143825531006,3.993084669113159,2.1255557537078857,2.47324538230896,2.955552577972412,3.3884809017181396,2.5816872119903564,2.5592868328094482,3.6311793327331543,2.771188259124756,2.7595608234405518,3.993084669113159
codellama_base_merged_layer16__a_codellama_base__humanevalplus__layer16__evaluated_tokens,1,14672,0.5165569066136413,0.6645962732919255,-0.4413766302815511,0.6750376224517822,0.031679149717092514,0.031130904331803322,0.09445075690746307,-5.002686585945391,0.6618625771480737,0.3354037267080745,0.4912137843069147,0.3534281551837921,0.034485094249248505,0.027120962738990784,0.05188878998160362,8.943990055124834,high_activation_associated_with_success,0.6618625771480737,0.4912137843069147,8.943990055124834,0.05472636815920398,True,161,1.0,161,2.9420697689056396,2.9750561714172363,3.9532573223114014,2.183905839920044,2.671391248703003,3.2215993404388428,3.5591564178466797,3.1956100463867188,3.2363178730010986,3.9532573223114014,2.8141157627105713,2.8510801792144775,3.6535699367523193
codellama_base_merged_layer16__a_codellama_base__humanevalplus__layer16__evaluated_tokens,2,11929,0.5248215643698549,0.6645962732919255,-0.4167357062306178,0.6804517507553101,0.03157292306423187,0.0472727045416832,0.09413407742977142,-4.929228855708218,0.629583084751876,0.3354037267080745,0.4426437069631031,0.34740397334098816,0.03397458791732788,0.018056487664580345,0.051120657473802567,8.305589956782303,high_activation_associated_with_success,0.629583084751876,0.4426437069631031,8.305589956782303,0.1890547263681592,True,161,1.0,161,2.318002939224243,2.317016839981079,3.2320656776428223,1.7688199281692505,2.1045820713043213,2.51981258392334,2.878249406814575,2.4902079105377197,2.4926366806030273,3.2320656776428223,2.231095552444458,2.2214791774749756,3.0115437507629395
codellama_base_merged_layer16__a_codellama_base__humanevalplus__layer16__evaluated_tokens,3,8480,0.5412083517530362,0.6645962732919255,-0.3678788031066886,0.6759105920791626,0.03461778163909912,0.03373284637928009,0.10321223735809326,-3.891124344999743,0.5907204220267386,0.3354037267080745,0.3841681116477095,0.3530842065811157,0.03780427947640419,0.026603449136018753,0.05688308924436569,6.285957166911566,high_activation_associated_with_success,0.5907204220267386,0.3841681116477095,6.285957166911566,0.572139303482587,True,161,1.0,161,2.1220648288726807,2.1462090015411377,3.092708110809326,1.4000389575958252,1.9001611471176147,2.390655994415283,2.6783320903778076,2.287181854248047,2.346149444580078,3.092708110809326,2.038733959197998,2.0779755115509033,2.798539161682129
codellama_base_merged_layer16__a_codellama_base__humanevalplus__layer16__evaluated_tokens,4,10753,0.533600809802636,0.6645962732919255,-0.39056054855140016,0.677354097366333,0.035436127334833145,0.038037072867155075,0.10565217584371567,-4.056685231476459,0.5813974498197484,0.3354037267080745,0.3701400880465373,0.3517690896987915,0.03669870272278786,0.024624375626444817,0.055219534784555435,6.257128274770093,high_activation_associated_with_success,0.5813974498197484,0.3701400880465373,6.257128274770093,0.6965174129353234,True,161,1.0,161,2.4438698291778564,2.464463710784912,3.812607526779175,1.4923893213272095,2.2223188877105713,2.737978458404541,3.1683177947998047,2.708940267562866,2.64812970161438,3.812607526779175,2.3100948333740234,2.356821298599243,3.3131136894226074
codellama_base_merged_layer16__a_codellama_base__humanevalplus__layer16__evaluated_tokens,5,13577,0.5539110425532492,0.6645962732919255,-0.33000596572086827,0.6758415699005127,0.033815085887908936,0.03352805972099304,0.10081903636455536,-3.605807380734576,0.5649419192188038,0.3354037267080745,0.34537989714231226,0.35283297300338745,0.03598622605204582,0.026225389912724495,0.054147496819496155,5.894169185576722,high_activation_associated_with_success,0.5649419192188038,0.34537989714231226,5.894169185576722,0.8507462686567164,True,161,1.0,161,2.0723788738250732,2.0776262283325195,3.041100025177002,1.4489930868148804,1.8628954887390137,2.2907793521881104,2.6787526607513428,2.2421865463256836,2.200850009918213,3.041100025177002,1.9866814613342285,2.0297341346740723,2.6699225902557373
codellama_base_merged_layer16__b_codellama_merged__humanevalplus__layer16__evaluated_tokens,1,11929,0.7942360562217227,0.8924050632911392,-0.9123943009981067,0.8959665894508362,0.02156149223446846,0.033100396394729614,0.20039503276348114,-4.7181543591889765,0.486222079520133,0.10759493670886078,0.42427722385943983,0.13280749320983887,0.03360867127776146,0.02825235389173031,0.037660785019397736,10.515576607437449,high_activation_associated_with_success,0.486222079520133,0.42427722385943983,10.515576607437449,0.9651741293532339,True,158,1.0,158,2.321195125579834,2.2980754375457764,3.2320656776428223,1.60307776927948,2.1205079555511475,2.582211494445801,2.9682109355926514,2.6374120712280273,2.673980712890625,3.2320656776428223,2.283069610595703,2.282531499862671,2.987435817718506
codellama_base_merged_layer16__b_codellama_merged__humanevalplus__layer16__evaluated_tokens,2,412,0.8561687948050833,0.8924050632911392,-0.3367841423998134,0.8947961926460266,0.011096064932644367,0.022220898419618607,0.10312812775373459,-3.4811554193703604,0.32088391657398707,0.10759493670886078,0.2390046724729784,0.12889990210533142,0.03054436855018139,0.023873692378401756,0.034227024763822556,6.285412815722354,high_activation_associated_with_success,0.32088391657398707,0.2390046724729784,6.285412815722354,1.0,True,25,0.15822784810126583,26,0.016744432970881462,0.0,0.31809133291244507,0.0,0.0,0.0,0.11793769150972366,0.06169247627258301,0.0,0.31809133291244507,0.011325165629386902,0.0,0.3107779026031494
codellama_base_merged_layer16__b_codellama_merged__humanevalplus__layer16__evaluated_tokens,3,7969,0.8063342803826786,0.8924050632911392,-0.7999519823256924,0.8985477685928345,0.02292870730161667,0.05709397792816162,0.21310210227966309,-4.021762108799451,0.37650346370607557,0.10759493670886078,0.3013301224507797,0.13064253330230713,0.03922628238797188,0.02582637593150139,0.04395570233464241,6.267758945627131,high_activation_associated_with_success,0.37650346370607557,0.3013301224507797,6.267758945627131,1.0,True,158,1.0,158,3.0561273097991943,3.266402244567871,4.108547210693359,1.9873214960098267,2.619103193283081,3.4812633991241455,3.7864513397216797,3.3182148933410645,3.635969877243042,4.108547210693359,3.0245280265808105,3.245131015777588,4.036881446838379
codellama_base_merged_layer16__b_codellama_merged__humanevalplus__layer16__evaluated_tokens,4,14672,0.805570488665458,0.8924050632911392,-0.8070507524033901,0.898020327091217,0.022332459688186646,0.052188973873853683,0.20756052434444427,-4.139706858956212,0.3496907192897437,0.10759493670886078,0.2712846357998546,0.13052137196063995,0.03551977872848511,0.025690648704767227,0.03980231657624245,6.170344045795558,high_activation_associated_with_success,0.3496907192897437,0.2712846357998546,6.170344045795558,1.0,True,158,1.0,158,2.9625930786132812,3.0088117122650146,3.9532580375671387,2.210540533065796,2.696012020111084,3.2407736778259277,3.616258382797241,3.2920725345611572,3.403926372528076,3.8472156524658203,2.9228687286376953,2.975055694580078,3.9532580375671387
codellama_base_merged_layer16__b_codellama_merged__humanevalplus__layer16__evaluated_tokens,5,14880,0.8252877615437515,0.8924050632911392,-0.6237960985933682,0.8975141644477844,0.02075766585767269,0.0474824532866478,0.19292417168617249,-3.4794942801256497,0.32118832436115996,0.10759493670886078,0.23934578190825015,0.13088704645633698,0.03358704224228859,0.02610037848353386,0.03763653337955475,5.665915116947443,high_activation_associated_with_success,0.32118832436115996,0.23934578190825015,5.665915116947443,1.0,True,158,1.0,158,4.066732406616211,4.5470380783081055,5.371222019195557,1.9920189380645752,3.4547994136810303,4.76429557800293,5.024695873260498,4.349215507507324,4.778054237365723,5.371222019195557,4.032672882080078,4.526378631591797,5.2409281730651855
codellama_base_merged_layer16__a_codellama_base__bigcodebench__layer16__evaluated_tokens,1,7011,0.8576991353768944,0.72910927456382,0.47469274042521337,0.7300085425376892,0.013023016974329948,0.0033191165421158075,0.04807480797171593,9.805002739905335,0.19074217580448896,0.27089072543618,-0.10992666315983818,0.27597492933273315,0.013871042989194393,0.0069732703268527985,0.019024647772312164,-6.1446569148482855,high_activation_associated_with_failure,0.8576991353768944,0.47469274042521337,9.805002739905335,0.004975124378109453,True,1089,1.0,1089,2.13277268409729,2.115809202194214,3.7626469135284424,1.5611350536346436,1.868362307548523,2.3492982387542725,2.8118748664855957,1.9519340991973877,1.9587881565093994,2.9486091136932373,2.1999616622924805,2.1727356910705566,3.7626469135284424
codellama_base_merged_layer16__a_codellama_base__bigcodebench__layer16__evaluated_tokens,2,4953,0.8450525683724031,0.72910927456382,0.4280076168052438,0.7306337952613831,0.01314846146851778,0.005627997685223818,0.04853788763284683,8.702060178535353,0.19658681926075905,0.27089072543618,-0.10191052119021837,0.27541103959083557,0.013909455388784409,0.006199875380843878,0.019077332690358162,-5.666955560601096,high_activation_associated_with_failure,0.8450525683724031,0.4280076168052438,8.702060178535353,0.004975124378109453,True,1089,1.0,1089,2.3363773822784424,2.2873635292053223,4.056925296783447,1.660302996635437,2.013782262802124,2.6301932334899902,3.17089581489563,2.140796661376953,2.105461835861206,3.3561525344848633,2.409043550491333,2.3512444496154785,4.056925296783447
codellama_base_merged_layer16__a_codellama_base__bigcodebench__layer16__evaluated_tokens,3,3089,0.8384938371550165,0.72910927456382,0.4037958937688574,0.7297451496124268,0.01299460418522358,0.002347315661609173,0.04796990379691124,8.368759291385055,0.19803410137346997,0.27089072543618,-0.09992552091220555,0.27624833583831787,0.013736876659095287,0.007348251529037952,0.018840624019503593,-5.693748377452623,high_activation_associated_with_failure,0.8384938371550165,0.4037958937688574,8.368759291385055,0.004975124378109453,True,1089,1.0,1087,2.081672191619873,2.0543270111083984,3.146040916442871,1.6155864000320435,1.8731580972671509,2.2805798053741455,2.595412254333496,1.9568250179290771,1.9367787837982178,2.6177756786346436,2.128056764602661,2.120022773742676,3.146040916442871
codellama_base_merged_layer16__a_codellama_base__bigcodebench__layer16__evaluated_tokens,4,5694,0.8400795275646036,0.72910927456382,0.40964951023001117,0.730283796787262,0.013287032954394817,0.004336217418313026,0.049049410969018936,8.263367180244144,0.1987099873592844,0.27089072543618,-0.09899851859664896,0.27581456303596497,0.014265044592320919,0.006753228139132261,0.019565029069781303,-5.405141303833663,high_activation_associated_with_failure,0.8400795275646036,0.40964951023001117,8.263367180244144,0.004975124378109453,True,1089,1.0,1089,2.223173141479492,2.19222354888916,4.069880485534668,1.611750602722168,1.9622485637664795,2.4383902549743652,2.9160420894622803,2.0576398372650146,2.0616307258605957,2.8962180614471436,2.284674644470215,2.2387242317199707,4.069880485534668
codellama_base_merged_layer16__a_codellama_base__bigcodebench__layer16__evaluated_tokens,5,15198,0.83155787289612,0.72910927456382,0.3781916053690669,0.7300615906715393,0.012651837430894375,0.0035157680977135897,0.046704575419425964,8.02225122285371,0.20284974495453098,0.27089072543618,-0.09332068985455386,0.27607259154319763,0.013422179967164993,0.007107122335582972,0.018409013748168945,-5.455360812043822,high_activation_associated_with_failure,0.83155787289612,0.3781916053690669,8.02225122285371,0.004975124378109453,True,1089,1.0,1089,2.1297805309295654,2.141350746154785,3.615015983581543,1.5360206365585327,1.8678152561187744,2.377440929412842,2.745361566543579,1.9947214126586914,2.0315358638763428,3.078714609146118,2.179962158203125,2.1778111457824707,3.615015983581543
codellama_base_merged_layer16__b_codellama_merged__bigcodebench__layer16__evaluated_tokens,1,1287,0.9743943029234194,0.9792256846081209,-0.23256514564085523,0.9794542193412781,0.003976380918174982,0.011001000180840492,0.1914084553718567,-1.2724941818714866,0.1120109753267615,0.020774315391879128,0.09317224963456165,0.02615613304078579,0.008896831423044205,0.005495989229530096,0.009085578843951225,9.650046729097784,high_activation_associated_with_success,0.1120109753267615,0.09317224963456165,9.650046729097784,1.0,True,1059,1.0,1059,2.4255497455596924,2.440688133239746,3.415540933609009,1.8679367303848267,2.2107772827148438,2.6456894874572754,2.957963705062866,2.430785894393921,2.4258532524108887,3.415540933609009,2.425438404083252,2.440819501876831,3.348621368408203
codellama_base_merged_layer16__b_codellama_merged__bigcodebench__layer16__evaluated_tokens,2,16105,0.9719376707782168,0.9792256846081209,-0.3508184839031097,0.9793393611907959,0.0014321340713649988,0.005497062113136053,0.06893771141767502,-5.168659340276411,0.11116724013116455,0.020774315391879128,0.09231061456017672,0.025215057656168938,0.008910199627280235,0.004534955136477947,0.009099229238927364,9.646493908317662,high_activation_associated_with_success,0.11116724013116455,0.09231061456017672,9.646493908317662,1.0,True,82,0.07743153918791312,83,0.060098495334386826,0.0,1.4151663780212402,0.0,0.0,0.0,0.6356439590454102,0.2399822175502777,0.0,1.4151663780212402,0.05628225579857826,0.0,1.3824857473373413
codellama_base_merged_layer16__b_codellama_merged__bigcodebench__layer16__evaluated_tokens,3,10921,0.964205706450942,0.9792256846081209,-0.7230071303842038,0.9789068698883057,0.0028817213606089354,-0.01534011960029602,0.13871559500694275,-5.101567785139723,0.12253862223443644,0.020774315391879128,0.10392324102822391,0.02705918252468109,0.0116107864305377,0.006418187636882067,0.01185710821300745,8.223341782811524,high_activation_associated_with_success,0.12253862223443644,0.10392324102822391,8.223341782811524,1.0,True,224,0.21152030217186024,225,0.09433341026306152,0.0,1.2090846300125122,0.0,0.0,0.0,0.5845811367034912,0.32866284251213074,0.2611275315284729,1.2090846300125122,0.08936209976673126,0.0,0.9120115041732788
codellama_base_merged_layer16__b_codellama_merged__bigcodebench__layer16__evaluated_tokens,4,11476,0.9737946161656673,0.9792256846081209,-0.2614318854799235,0.9793708324432373,0.0010970336152240634,0.0069561246782541275,0.05280720815062523,-5.082412412196421,0.07174963051455727,0.020774315391879128,0.05205675864504932,0.02407814934849739,0.006097809877246618,0.0033739099744707346,0.0062271771021187305,7.817803777254828,high_activation_associated_with_success,0.07174963051455727,0.05205675864504932,7.817803777254828,1.0,True,58,0.05476864966949953,59,0.04497803747653961,0.0,1.4286439418792725,0.0,0.0,0.0,0.20312722027301788,0.26552751660346985,0.0,1.408907413482666,0.04029906913638115,0.0,1.4286439418792725
codellama_base_merged_layer16__b_codellama_merged__bigcodebench__layer16__evaluated_tokens,5,11764,0.9683014655966734,0.9792256846081209,-0.5258521787783123,0.9791905879974365,0.004532327875494957,-0.001691248151473701,0.21816980838775635,-2.402536512729753,0.09625893628765363,0.020774315391879128,0.07708603040368871,0.026647323742508888,0.010129332542419434,0.005997610744088888,0.010344227775931358,6.872279033240765,high_activation_associated_with_success,0.09625893628765363,0.07708603040368871,6.872279033240765,1.0,True,1059,1.0,1059,1.5678681135177612,1.0972012281417847,7.8162336349487305,0.7724170088768005,0.9632840156555176,1.2663159370422363,5.943625450134277,2.6809167861938477,1.0763319730758667,7.8162336349487305,1.5442545413970947,1.0972695350646973,7.505539894104004
