transition,candidate_rank,benchmark,feature_id,aggregation,evidence_rank,task_id,base_text_score,model_b_text_score,delta,base_text_tokens,model_b_text_tokens
regression,1,bigcodebench,4300,early_max,1,BigCodeBench/355,0.8794500827789307,7.680637836456299,6.801187753677368,174,503
regression,1,bigcodebench,4300,early_max,2,BigCodeBench/340,0.0,5.133297443389893,5.133297443389893,69,336
regression,1,bigcodebench,4300,early_max,3,BigCodeBench/393,3.8145668506622314,8.779561996459961,4.9649951457977295,146,513
regression,1,bigcodebench,4300,early_max,4,BigCodeBench/81,2.5373647212982178,6.742166519165039,4.204801797866821,79,72
regression,1,bigcodebench,4300,early_max,5,BigCodeBench/572,4.079671859741211,8.061261177062988,3.9815893173217773,177,503
regression,1,bigcodebench,4300,early_max,6,BigCodeBench/110,0.0,3.730039358139038,3.730039358139038,134,513
regression,1,bigcodebench,4300,early_max,7,BigCodeBench/261,3.1762845516204834,6.8157243728637695,3.639439821243286,108,513
regression,1,bigcodebench,4300,early_max,8,BigCodeBench/742,1.00609290599823,4.5378875732421875,3.5317946672439575,124,508
regression,1,bigcodebench,4300,early_max,9,BigCodeBench/1007,1.5229899883270264,5.036865711212158,3.513875722885132,155,504
regression,1,bigcodebench,4300,early_max,10,BigCodeBench/153,0.0,3.448180675506592,3.448180675506592,38,50
regression,2,bigcodebench,3612,max,1,BigCodeBench/315,2.541825294494629,26.019105911254883,23.477280616760254,236,336
regression,2,bigcodebench,3612,max,2,BigCodeBench/58,2.2725167274475098,20.871912002563477,18.599395275115967,243,169
regression,2,bigcodebench,3612,max,3,BigCodeBench/96,2.134582757949829,20.693635940551758,18.55905318260193,72,74
regression,2,bigcodebench,3612,max,4,BigCodeBench/1134,1.9139775037765503,20.465368270874023,18.551390767097473,227,346
regression,2,bigcodebench,3612,max,5,BigCodeBench/1062,1.3726269006729126,19.02623176574707,17.653604865074158,124,219
regression,2,bigcodebench,3612,max,6,BigCodeBench/277,0.0,17.642578125,17.642578125,92,36
regression,2,bigcodebench,3612,max,7,BigCodeBench/665,2.9918713569641113,20.41320037841797,17.421329021453857,77,54
regression,2,bigcodebench,3612,max,8,BigCodeBench/932,1.3703343868255615,17.93338394165039,16.56304955482483,103,177
regression,2,bigcodebench,3612,max,9,BigCodeBench/1013,3.0293025970458984,19.532989501953125,16.503686904907227,317,200
regression,2,bigcodebench,3612,max,10,BigCodeBench/811,4.7544097900390625,20.322818756103516,15.568408966064453,396,145
regression,3,bigcodebench,8471,early_max,1,BigCodeBench/393,6.402867794036865,15.397124290466309,8.994256496429443,146,513
regression,3,bigcodebench,8471,early_max,2,BigCodeBench/60,0.0,7.712831974029541,7.712831974029541,55,513
regression,3,bigcodebench,8471,early_max,3,BigCodeBench/340,0.0,7.382016658782959,7.382016658782959,69,336
regression,3,bigcodebench,8471,early_max,4,BigCodeBench/292,0.0,4.840822696685791,4.840822696685791,138,513
regression,3,bigcodebench,8471,early_max,5,BigCodeBench/43,2.160085439682007,6.450224876403809,4.290139436721802,113,513
regression,3,bigcodebench,8471,early_max,6,BigCodeBench/119,0.0,4.160542964935303,4.160542964935303,80,64
regression,3,bigcodebench,8471,early_max,7,BigCodeBench/249,0.0,4.0010833740234375,4.0010833740234375,91,513
regression,3,bigcodebench,8471,early_max,8,BigCodeBench/1083,0.0,3.8570563793182373,3.8570563793182373,361,513
regression,3,bigcodebench,8471,early_max,9,BigCodeBench/980,2.017397403717041,5.344465255737305,3.3270678520202637,281,495
regression,3,bigcodebench,8471,early_max,10,BigCodeBench/1017,0.0,3.108027935028076,3.108027935028076,187,513
regression,4,bigcodebench,14881,max,1,BigCodeBench/860,0.0,43.99304962158203,43.99304962158203,67,513
regression,4,bigcodebench,14881,max,2,BigCodeBench/862,0.0,42.00091552734375,42.00091552734375,75,513
regression,4,bigcodebench,14881,max,3,BigCodeBench/288,1.5291335582733154,42.73206329345703,41.202929735183716,95,513
regression,4,bigcodebench,14881,max,4,BigCodeBench/840,0.0,41.13399887084961,41.13399887084961,95,513
regression,4,bigcodebench,14881,max,5,BigCodeBench/536,0.0,40.79526901245117,40.79526901245117,122,513
regression,4,bigcodebench,14881,max,6,BigCodeBench/447,0.0,40.35026168823242,40.35026168823242,210,513
regression,4,bigcodebench,14881,max,7,BigCodeBench/504,1.47920823097229,41.272708892822266,39.793500661849976,191,513
regression,4,bigcodebench,14881,max,8,BigCodeBench/18,2.7446305751800537,42.43598175048828,39.69135117530823,233,513
regression,4,bigcodebench,14881,max,9,BigCodeBench/289,3.3805205821990967,42.980552673339844,39.60003209114075,387,513
regression,4,bigcodebench,14881,max,10,BigCodeBench/476,0.0,39.28544998168945,39.28544998168945,159,513
regression,5,bigcodebench,2910,early_max,1,BigCodeBench/119,1.497606635093689,11.934037208557129,10.43643057346344,80,64
regression,5,bigcodebench,2910,early_max,2,BigCodeBench/393,2.053804874420166,10.08984088897705,8.036036014556885,146,513
regression,5,bigcodebench,2910,early_max,3,BigCodeBench/261,0.0,4.159802436828613,4.159802436828613,108,513
regression,5,bigcodebench,2910,early_max,4,BigCodeBench/1033,0.0,3.5749382972717285,3.5749382972717285,110,511
regression,5,bigcodebench,2910,early_max,5,BigCodeBench/355,2.577409029006958,5.893687725067139,3.3162786960601807,174,503
regression,5,bigcodebench,2910,early_max,6,BigCodeBench/537,0.0,2.8067378997802734,2.8067378997802734,144,513
regression,5,bigcodebench,2910,early_max,7,BigCodeBench/1083,0.0,2.7392637729644775,2.7392637729644775,361,513
regression,5,bigcodebench,2910,early_max,8,BigCodeBench/43,0.0,2.7030396461486816,2.7030396461486816,113,513
regression,5,bigcodebench,2910,early_max,9,BigCodeBench/328,0.0,2.6644134521484375,2.6644134521484375,91,513
regression,5,bigcodebench,2910,early_max,10,BigCodeBench/835,0.0,2.397885322570801,2.397885322570801,85,513
regression,6,bigcodebench,12671,early_max,1,BigCodeBench/686,0.0,19.214963912963867,19.214963912963867,54,427
regression,6,bigcodebench,12671,early_max,2,BigCodeBench/476,0.7145728468894958,17.2049560546875,16.490383207798004,159,513
regression,6,bigcodebench,12671,early_max,3,BigCodeBench/140,0.0,15.16458511352539,15.16458511352539,152,391
regression,6,bigcodebench,12671,early_max,4,BigCodeBench/340,0.0,13.258343696594238,13.258343696594238,69,336
regression,6,bigcodebench,12671,early_max,5,BigCodeBench/379,0.0,13.168815612792969,13.168815612792969,43,149
regression,6,bigcodebench,12671,early_max,6,BigCodeBench/330,0.0,13.092194557189941,13.092194557189941,57,204
regression,6,bigcodebench,12671,early_max,7,BigCodeBench/696,0.0,12.52684211730957,12.52684211730957,68,311
regression,6,bigcodebench,12671,early_max,8,BigCodeBench/170,0.0,12.462121963500977,12.462121963500977,94,378
regression,6,bigcodebench,12671,early_max,9,BigCodeBench/113,1.3824973106384277,13.439077377319336,12.056580066680908,195,176
regression,6,bigcodebench,12671,early_max,10,BigCodeBench/725,1.0616955757141113,13.029875755310059,11.968180179595947,97,504
regression,7,bigcodebench,10890,early_max,1,BigCodeBench/292,2.199632406234741,24.439050674438477,22.239418268203735,138,513
regression,7,bigcodebench,10890,early_max,2,BigCodeBench/646,0.0,16.31756591796875,16.31756591796875,86,164
regression,7,bigcodebench,10890,early_max,3,BigCodeBench/537,0.0,12.092456817626953,12.092456817626953,144,513
regression,7,bigcodebench,10890,early_max,4,BigCodeBench/43,4.597591400146484,14.01900863647461,9.421417236328125,113,513
regression,7,bigcodebench,10890,early_max,5,BigCodeBench/1002,0.0,6.960219383239746,6.960219383239746,135,513
regression,7,bigcodebench,10890,early_max,6,BigCodeBench/634,0.0,6.383103370666504,6.383103370666504,41,28
regression,7,bigcodebench,10890,early_max,7,BigCodeBench/1033,0.0,5.913486003875732,5.913486003875732,110,511
regression,7,bigcodebench,10890,early_max,8,BigCodeBench/112,3.003974437713623,8.359960556030273,5.35598611831665,111,513
regression,7,bigcodebench,10890,early_max,9,BigCodeBench/393,13.375411987304688,18.67043685913086,5.295024871826172,146,513
regression,7,bigcodebench,10890,early_max,10,BigCodeBench/228,0.0,4.9712419509887695,4.9712419509887695,105,513
regression,8,bigcodebench,1058,max,1,BigCodeBench/693,2.2023983001708984,26.493581771850586,24.291183471679688,57,513
regression,8,bigcodebench,1058,max,2,BigCodeBench/697,0.0,24.22494125366211,24.22494125366211,78,509
regression,8,bigcodebench,1058,max,3,BigCodeBench/742,0.0,23.836318969726562,23.836318969726562,124,508
regression,8,bigcodebench,1058,max,4,BigCodeBench/891,1.747592806816101,25.354711532592773,23.607118725776672,114,507
regression,8,bigcodebench,1058,max,5,BigCodeBench/415,0.0,22.274633407592773,22.274633407592773,104,506
regression,8,bigcodebench,1058,max,6,BigCodeBench/537,0.0,20.944942474365234,20.944942474365234,144,513
regression,8,bigcodebench,1058,max,7,BigCodeBench/646,1.763095736503601,22.61827278137207,20.85517704486847,86,164
regression,8,bigcodebench,1058,max,8,BigCodeBench/136,0.0,20.83266830444336,20.83266830444336,166,513
regression,8,bigcodebench,1058,max,9,BigCodeBench/700,0.0,20.35079002380371,20.35079002380371,30,501
regression,8,bigcodebench,1058,max,10,BigCodeBench/653,1.9687526226043701,21.292606353759766,19.323853731155396,57,507
regression,9,bigcodebench,6128,max,1,BigCodeBench/646,1.548518180847168,10.659563064575195,9.111044883728027,86,164
regression,9,bigcodebench,6128,max,2,BigCodeBench/905,3.3200395107269287,12.21881103515625,8.898771524429321,88,513
regression,9,bigcodebench,6128,max,3,BigCodeBench/891,1.0188127756118774,9.510543823242188,8.49173104763031,114,507
regression,9,bigcodebench,6128,max,4,BigCodeBench/480,1.8039242029190063,10.158533096313477,8.35460889339447,123,513
regression,9,bigcodebench,6128,max,5,BigCodeBench/176,5.27163028717041,13.408186912536621,8.136556625366211,89,512
regression,9,bigcodebench,6128,max,6,BigCodeBench/697,3.798856735229492,11.917999267578125,8.119142532348633,78,509
regression,9,bigcodebench,6128,max,7,BigCodeBench/136,2.053154945373535,10.133492469787598,8.080337524414062,166,513
regression,9,bigcodebench,6128,max,8,BigCodeBench/497,5.722935199737549,13.764339447021484,8.041404247283936,128,512
regression,9,bigcodebench,6128,max,9,BigCodeBench/537,2.665236473083496,10.507685661315918,7.842449188232422,144,513
regression,9,bigcodebench,6128,max,10,BigCodeBench/725,0.0,7.436647891998291,7.436647891998291,97,504
regression,10,bigcodebench,2857,max,1,BigCodeBench/592,0.0,17.798297882080078,17.798297882080078,284,513
regression,10,bigcodebench,2857,max,2,BigCodeBench/289,0.0,14.38779067993164,14.38779067993164,387,513
regression,10,bigcodebench,2857,max,3,BigCodeBench/536,0.0,14.117155075073242,14.117155075073242,122,513
regression,10,bigcodebench,2857,max,4,BigCodeBench/504,0.0,14.062481880187988,14.062481880187988,191,513
regression,10,bigcodebench,2857,max,5,BigCodeBench/847,0.0,13.977334022521973,13.977334022521973,206,513
regression,10,bigcodebench,2857,max,6,BigCodeBench/722,0.0,13.956686973571777,13.956686973571777,124,513
regression,10,bigcodebench,2857,max,7,BigCodeBench/632,0.0,13.712409973144531,13.712409973144531,82,513
regression,10,bigcodebench,2857,max,8,BigCodeBench/447,0.0,13.6624755859375,13.6624755859375,210,513
regression,10,bigcodebench,2857,max,9,BigCodeBench/204,0.0,13.487142562866211,13.487142562866211,183,513
regression,10,bigcodebench,2857,max,10,BigCodeBench/976,0.0,13.456558227539062,13.456558227539062,157,513
regression,11,bigcodebench,8755,early_max,1,BigCodeBench/589,4.47650146484375,11.132109642028809,6.655608177185059,215,148
regression,11,bigcodebench,8755,early_max,2,BigCodeBench/58,25.690996170043945,30.831689834594727,5.140693664550781,243,169
regression,11,bigcodebench,8755,early_max,3,BigCodeBench/819,0.0,4.207873821258545,4.207873821258545,171,340
regression,11,bigcodebench,8755,early_max,4,BigCodeBench/140,0.0,3.947199583053589,3.947199583053589,152,391
regression,11,bigcodebench,8755,early_max,5,BigCodeBench/201,0.0,3.252426862716675,3.252426862716675,193,512
regression,11,bigcodebench,8755,early_max,6,BigCodeBench/228,0.0,3.0178353786468506,3.0178353786468506,105,513
regression,11,bigcodebench,8755,early_max,7,BigCodeBench/2,0.0,2.7158994674682617,2.7158994674682617,111,513
regression,11,bigcodebench,8755,early_max,8,BigCodeBench/330,0.0,2.621734619140625,2.621734619140625,57,204
regression,11,bigcodebench,8755,early_max,9,BigCodeBench/169,0.0,2.249005079269409,2.249005079269409,161,512
regression,11,bigcodebench,8755,early_max,10,BigCodeBench/261,0.0,2.2212681770324707,2.2212681770324707,108,513
regression,12,bigcodebench,14364,early_max,1,BigCodeBench/2,7.256170749664307,14.71415901184082,7.457988262176514,111,513
regression,12,bigcodebench,14364,early_max,2,BigCodeBench/610,7.656786918640137,13.827901840209961,6.171114921569824,160,513
regression,12,bigcodebench,14364,early_max,3,BigCodeBench/607,8.023700714111328,13.990640640258789,5.966939926147461,161,513
regression,12,bigcodebench,14364,early_max,4,BigCodeBench/43,9.394853591918945,15.025445938110352,5.630592346191406,113,513
regression,12,bigcodebench,14364,early_max,5,BigCodeBench/1130,9.209264755249023,14.69581413269043,5.486549377441406,191,513
regression,12,bigcodebench,14364,early_max,6,BigCodeBench/328,8.93690299987793,14.315423965454102,5.378520965576172,91,513
regression,12,bigcodebench,14364,early_max,7,BigCodeBench/188,10.552075386047363,15.757452011108398,5.205376625061035,187,513
regression,12,bigcodebench,14364,early_max,8,BigCodeBench/228,7.839437007904053,12.672728538513184,4.833291530609131,105,513
regression,12,bigcodebench,14364,early_max,9,BigCodeBench/249,10.07150650024414,14.840579986572266,4.769073486328125,91,513
regression,12,bigcodebench,14364,early_max,10,BigCodeBench/60,12.91613483428955,17.62177085876465,4.705636024475098,55,513
regression,13,bigcodebench,7436,max,1,BigCodeBench/698,0.0,15.121334075927734,15.121334075927734,71,513
regression,13,bigcodebench,7436,max,2,BigCodeBench/2,0.0,13.659629821777344,13.659629821777344,111,513
regression,13,bigcodebench,7436,max,3,BigCodeBench/610,0.0,13.15135383605957,13.15135383605957,160,513
regression,13,bigcodebench,7436,max,4,BigCodeBench/249,0.0,12.473804473876953,12.473804473876953,91,513
regression,13,bigcodebench,7436,max,5,BigCodeBench/607,0.0,12.469717979431152,12.469717979431152,161,513
regression,13,bigcodebench,7436,max,6,BigCodeBench/188,0.0,12.385719299316406,12.385719299316406,187,513
regression,13,bigcodebench,7436,max,7,BigCodeBench/258,0.0,11.755123138427734,11.755123138427734,43,510
regression,13,bigcodebench,7436,max,8,BigCodeBench/773,0.0,11.73798942565918,11.73798942565918,77,513
regression,13,bigcodebench,7436,max,9,BigCodeBench/1130,1.8358244895935059,13.340606689453125,11.50478219985962,191,513
regression,13,bigcodebench,7436,max,10,BigCodeBench/384,1.2352968454360962,12.53457260131836,11.299275755882263,126,513
regression,14,bigcodebench,11604,max,1,BigCodeBench/2,0.0,11.904712677001953,11.904712677001953,111,513
regression,14,bigcodebench,11604,max,2,BigCodeBench/632,0.0,10.398236274719238,10.398236274719238,82,513
regression,14,bigcodebench,11604,max,3,BigCodeBench/60,0.0,10.302848815917969,10.302848815917969,55,513
regression,14,bigcodebench,11604,max,4,BigCodeBench/536,0.0,9.946695327758789,9.946695327758789,122,513
regression,14,bigcodebench,11604,max,5,BigCodeBench/976,0.0,9.662731170654297,9.662731170654297,157,513
regression,14,bigcodebench,11604,max,6,BigCodeBench/447,0.0,9.649818420410156,9.649818420410156,210,513
regression,14,bigcodebench,11604,max,7,BigCodeBench/188,0.0,9.584373474121094,9.584373474121094,187,513
regression,14,bigcodebench,11604,max,8,BigCodeBench/1130,0.0,9.581947326660156,9.581947326660156,191,513
regression,14,bigcodebench,11604,max,9,BigCodeBench/610,0.0,9.345909118652344,9.345909118652344,160,513
regression,14,bigcodebench,11604,max,10,BigCodeBench/607,1.2979984283447266,10.386472702026367,9.08847427368164,161,513
regression,15,bigcodebench,3917,early_max,1,BigCodeBench/905,0.0,12.281315803527832,12.281315803527832,88,513
regression,15,bigcodebench,3917,early_max,2,BigCodeBench/686,0.0,10.240524291992188,10.240524291992188,54,427
regression,15,bigcodebench,3917,early_max,3,BigCodeBench/379,0.0,10.240242004394531,10.240242004394531,43,149
regression,15,bigcodebench,3917,early_max,4,BigCodeBench/113,0.0,10.239953994750977,10.239953994750977,195,176
regression,15,bigcodebench,3917,early_max,5,BigCodeBench/768,0.0,10.239458084106445,10.239458084106445,150,247
regression,15,bigcodebench,3917,early_max,6,BigCodeBench/330,0.0,10.239458084106445,10.239458084106445,57,204
regression,15,bigcodebench,3917,early_max,7,BigCodeBench/237,0.0,10.238346099853516,10.238346099853516,212,267
regression,15,bigcodebench,3917,early_max,8,BigCodeBench/140,0.0,10.238346099853516,10.238346099853516,152,391
regression,15,bigcodebench,3917,early_max,9,BigCodeBench/819,0.0,10.238321304321289,10.238321304321289,171,340
regression,15,bigcodebench,3917,early_max,10,BigCodeBench/340,0.0,10.238321304321289,10.238321304321289,69,336
regression,16,bigcodebench,860,early_max,1,BigCodeBench/1115,0.0,17.276630401611328,17.276630401611328,65,513
regression,16,bigcodebench,860,early_max,2,BigCodeBench/288,0.0,15.608379364013672,15.608379364013672,95,513
regression,16,bigcodebench,860,early_max,3,BigCodeBench/504,2.2920467853546143,17.521690368652344,15.22964358329773,191,513
regression,16,bigcodebench,860,early_max,4,BigCodeBench/204,1.6934518814086914,16.683547973632812,14.990096092224121,183,513
regression,16,bigcodebench,860,early_max,5,BigCodeBench/289,3.119142770767212,16.023488998413086,12.904346227645874,387,513
regression,16,bigcodebench,860,early_max,6,BigCodeBench/447,0.0,9.064579010009766,9.064579010009766,210,513
regression,16,bigcodebench,860,early_max,7,BigCodeBench/876,0.0,8.789705276489258,8.789705276489258,186,189
regression,16,bigcodebench,860,early_max,8,BigCodeBench/695,0.0,8.752113342285156,8.752113342285156,50,59
regression,16,bigcodebench,860,early_max,9,BigCodeBench/698,1.6726055145263672,10.345338821411133,8.672733306884766,71,513
regression,16,bigcodebench,860,early_max,10,BigCodeBench/1134,0.0,8.634071350097656,8.634071350097656,227,346
regression,17,bigcodebench,11495,early_max,1,BigCodeBench/742,0.0,17.450786590576172,17.450786590576172,124,508
regression,17,bigcodebench,11495,early_max,2,BigCodeBench/803,0.0,15.173255920410156,15.173255920410156,103,503
regression,17,bigcodebench,11495,early_max,3,BigCodeBench/423,0.0,14.82347583770752,14.82347583770752,218,245
regression,17,bigcodebench,11495,early_max,4,BigCodeBench/700,0.0,14.304161071777344,14.304161071777344,30,501
regression,17,bigcodebench,11495,early_max,5,BigCodeBench/948,0.0,13.681553840637207,13.681553840637207,46,504
regression,17,bigcodebench,11495,early_max,6,BigCodeBench/393,0.0,12.786147117614746,12.786147117614746,146,513
regression,17,bigcodebench,11495,early_max,7,BigCodeBench/572,0.0,12.282964706420898,12.282964706420898,177,503
regression,17,bigcodebench,11495,early_max,8,BigCodeBench/588,0.0,12.21614933013916,12.21614933013916,110,511
regression,17,bigcodebench,11495,early_max,9,BigCodeBench/653,0.0,12.04836654663086,12.04836654663086,57,507
regression,17,bigcodebench,11495,early_max,10,BigCodeBench/1017,0.0,11.104677200317383,11.104677200317383,187,513
regression,18,bigcodebench,9559,early_max,1,BigCodeBench/700,0.7177174687385559,30.382966995239258,29.665249526500702,30,501
regression,18,bigcodebench,9559,early_max,2,BigCodeBench/292,1.07837975025177,26.243030548095703,25.164650797843933,138,513
regression,18,bigcodebench,9559,early_max,3,BigCodeBench/725,1.1553974151611328,25.520793914794922,24.36539649963379,97,504
regression,18,bigcodebench,9559,early_max,4,BigCodeBench/38,1.4330332279205322,18.711807250976562,17.27877402305603,111,103
regression,18,bigcodebench,9559,early_max,5,BigCodeBench/52,0.0,16.058202743530273,16.058202743530273,87,502
regression,18,bigcodebench,9559,early_max,6,BigCodeBench/808,0.0,15.763679504394531,15.763679504394531,85,503
regression,18,bigcodebench,9559,early_max,7,BigCodeBench/767,1.8104212284088135,15.908884048461914,14.0984628200531,63,513
regression,18,bigcodebench,9559,early_max,8,BigCodeBench/980,2.3426401615142822,16.41579246520996,14.073152303695679,281,495
regression,18,bigcodebench,9559,early_max,9,BigCodeBench/297,0.0,13.917253494262695,13.917253494262695,27,61
regression,18,bigcodebench,9559,early_max,10,BigCodeBench/547,9.884902000427246,23.50481414794922,13.619912147521973,70,33
regression,19,bigcodebench,4350,early_max,1,BigCodeBench/673,3.1643006801605225,20.511932373046875,17.347631692886353,101,496
regression,19,bigcodebench,4350,early_max,2,BigCodeBench/402,4.9196648597717285,20.612823486328125,15.693158626556396,157,485
regression,19,bigcodebench,4350,early_max,3,BigCodeBench/725,0.0,9.727116584777832,9.727116584777832,97,504
regression,19,bigcodebench,4350,early_max,4,BigCodeBench/905,0.0,7.0167388916015625,7.0167388916015625,88,513
regression,19,bigcodebench,4350,early_max,5,BigCodeBench/398,2.64449405670166,8.632828712463379,5.988334655761719,68,56
regression,19,bigcodebench,4350,early_max,6,BigCodeBench/260,3.697828531265259,7.505776405334473,3.807947874069214,217,196
regression,19,bigcodebench,4350,early_max,7,BigCodeBench/408,0.0,3.5954480171203613,3.5954480171203613,60,54
regression,19,bigcodebench,4350,early_max,8,BigCodeBench/498,0.0,3.5725438594818115,3.5725438594818115,138,102
regression,19,bigcodebench,4350,early_max,9,BigCodeBench/1130,1.9612246751785278,5.262136459350586,3.300911784172058,191,513
regression,19,bigcodebench,4350,early_max,10,BigCodeBench/1050,0.0,3.038529872894287,3.038529872894287,154,226
regression,20,bigcodebench,3754,early_max,1,BigCodeBench/415,0.0,23.358139038085938,23.358139038085938,104,506
regression,20,bigcodebench,3754,early_max,2,BigCodeBench/673,0.0,13.654462814331055,13.654462814331055,101,496
regression,20,bigcodebench,3754,early_max,3,BigCodeBench/1002,3.0516791343688965,15.149298667907715,12.097619533538818,135,513
regression,20,bigcodebench,3754,early_max,4,BigCodeBench/110,0.0,11.406448364257812,11.406448364257812,134,513
regression,20,bigcodebench,3754,early_max,5,BigCodeBench/974,0.0,11.265863418579102,11.265863418579102,179,513
regression,20,bigcodebench,3754,early_max,6,BigCodeBench/588,1.7564305067062378,12.910728454589844,11.154297947883606,110,511
regression,20,bigcodebench,3754,early_max,7,BigCodeBench/653,0.0,10.938858985900879,10.938858985900879,57,507
regression,20,bigcodebench,3754,early_max,8,BigCodeBench/393,1.4785373210906982,10.82217025756836,9.343632936477661,146,513
regression,20,bigcodebench,3754,early_max,9,BigCodeBench/607,2.4003164768218994,11.462038040161133,9.061721563339233,161,513
regression,20,bigcodebench,3754,early_max,10,BigCodeBench/610,1.7768151760101318,10.734315872192383,8.957500696182251,160,513
regression,21,bigcodebench,5409,early_max,1,BigCodeBench/379,1.6461644172668457,13.482141494750977,11.83597707748413,43,149
regression,21,bigcodebench,5409,early_max,2,BigCodeBench/819,0.0,10.183959007263184,10.183959007263184,171,340
regression,21,bigcodebench,5409,early_max,3,BigCodeBench/607,0.0,9.651957511901855,9.651957511901855,161,513
regression,21,bigcodebench,5409,early_max,4,BigCodeBench/610,0.0,8.498519897460938,8.498519897460938,160,513
regression,21,bigcodebench,5409,early_max,5,BigCodeBench/476,0.0,8.329707145690918,8.329707145690918,159,513
regression,21,bigcodebench,5409,early_max,6,BigCodeBench/690,0.0,8.2153959274292,8.2153959274292,54,51
regression,21,bigcodebench,5409,early_max,7,BigCodeBench/948,4.8255486488342285,11.525394439697266,6.699845790863037,46,504
regression,21,bigcodebench,5409,early_max,8,BigCodeBench/330,3.995229482650757,10.478048324584961,6.482818841934204,57,204
regression,21,bigcodebench,5409,early_max,9,BigCodeBench/406,0.0,6.424088478088379,6.424088478088379,274,513
regression,21,bigcodebench,5409,early_max,10,BigCodeBench/249,8.670324325561523,14.700875282287598,6.030550956726074,91,513
regression,22,bigcodebench,9579,max,1,BigCodeBench/497,0.0,15.355833053588867,15.355833053588867,128,512
regression,22,bigcodebench,9579,max,2,BigCodeBench/1033,1.585950493812561,14.910762786865234,13.324812293052673,110,511
regression,22,bigcodebench,9579,max,3,BigCodeBench/249,0.0,13.154951095581055,13.154951095581055,91,513
regression,22,bigcodebench,9579,max,4,BigCodeBench/757,0.0,12.398200035095215,12.398200035095215,99,511
regression,22,bigcodebench,9579,max,5,BigCodeBench/328,0.0,12.192459106445312,12.192459106445312,91,513
regression,22,bigcodebench,9579,max,6,BigCodeBench/1130,0.0,12.14017391204834,12.14017391204834,191,513
regression,22,bigcodebench,9579,max,7,BigCodeBench/60,0.0,11.918087005615234,11.918087005615234,55,513
regression,22,bigcodebench,9579,max,8,BigCodeBench/188,3.138010263442993,12.981267929077148,9.843257665634155,187,513
regression,22,bigcodebench,9579,max,9,BigCodeBench/18,0.0,9.60028076171875,9.60028076171875,233,513
regression,22,bigcodebench,9579,max,10,BigCodeBench/384,7.93414306640625,17.288814544677734,9.354671478271484,126,513
regression,23,bigcodebench,8752,early_max,1,BigCodeBench/393,8.61765193939209,21.290544509887695,12.672892570495605,146,513
regression,23,bigcodebench,8752,early_max,2,BigCodeBench/228,0.0,7.643838882446289,7.643838882446289,105,513
regression,23,bigcodebench,8752,early_max,3,BigCodeBench/330,1.6002371311187744,8.774946212768555,7.17470908164978,57,204
regression,23,bigcodebench,8752,early_max,4,BigCodeBench/884,0.0,6.0427703857421875,6.0427703857421875,176,510
regression,23,bigcodebench,8752,early_max,5,BigCodeBench/634,3.111804723739624,8.3865327835083,5.274728059768677,41,28
regression,23,bigcodebench,8752,early_max,6,BigCodeBench/846,0.0,4.617430686950684,4.617430686950684,205,481
regression,23,bigcodebench,8752,early_max,7,BigCodeBench/2,5.184568405151367,9.565446853637695,4.380878448486328,111,513
regression,23,bigcodebench,8752,early_max,8,BigCodeBench/537,2.3304808139801025,6.087157249450684,3.756676435470581,144,513
regression,23,bigcodebench,8752,early_max,9,BigCodeBench/243,0.0,3.6989362239837646,3.6989362239837646,63,88
regression,23,bigcodebench,8752,early_max,10,BigCodeBench/112,0.0,3.588620662689209,3.588620662689209,111,513
regression,24,bigcodebench,4484,early_max,1,BigCodeBench/330,0.0,12.77472972869873,12.77472972869873,57,204
regression,24,bigcodebench,4484,early_max,2,BigCodeBench/1115,0.0,9.668173789978027,9.668173789978027,65,513
regression,24,bigcodebench,4484,early_max,3,BigCodeBench/698,0.0,6.514486789703369,6.514486789703369,71,513
regression,24,bigcodebench,4484,early_max,4,BigCodeBench/288,0.0,4.764245986938477,4.764245986938477,95,513
regression,24,bigcodebench,4484,early_max,5,BigCodeBench/340,0.0,4.716403484344482,4.716403484344482,69,336
regression,24,bigcodebench,4484,early_max,6,BigCodeBench/773,0.0,4.549952507019043,4.549952507019043,77,513
regression,24,bigcodebench,4484,early_max,7,BigCodeBench/243,0.0,4.509167194366455,4.509167194366455,63,88
regression,24,bigcodebench,4484,early_max,8,BigCodeBench/1033,0.0,4.3533172607421875,4.3533172607421875,110,511
regression,24,bigcodebench,4484,early_max,9,BigCodeBench/714,0.0,4.314738750457764,4.314738750457764,46,69
regression,24,bigcodebench,4484,early_max,10,BigCodeBench/1070,0.0,4.281344890594482,4.281344890594482,71,160
regression,25,bigcodebench,9686,max,1,BigCodeBench/286,0.0,18.07315444946289,18.07315444946289,203,512
regression,25,bigcodebench,9686,max,2,BigCodeBench/393,0.0,16.946704864501953,16.946704864501953,146,513
regression,25,bigcodebench,9686,max,3,BigCodeBench/835,0.0,16.730979919433594,16.730979919433594,85,513
regression,25,bigcodebench,9686,max,4,BigCodeBench/563,0.0,16.56212043762207,16.56212043762207,131,513
regression,25,bigcodebench,9686,max,5,BigCodeBench/891,0.0,16.202009201049805,16.202009201049805,114,507
regression,25,bigcodebench,9686,max,6,BigCodeBench/808,0.0,15.96949291229248,15.96949291229248,85,503
regression,25,bigcodebench,9686,max,7,BigCodeBench/16,0.0,15.888862609863281,15.888862609863281,144,503
regression,25,bigcodebench,9686,max,8,BigCodeBench/767,0.0,15.831989288330078,15.831989288330078,63,513
regression,25,bigcodebench,9686,max,9,BigCodeBench/704,0.0,15.64111328125,15.64111328125,98,511
regression,25,bigcodebench,9686,max,10,BigCodeBench/73,0.0,15.267858505249023,15.267858505249023,302,513
improvement,1,bigcodebench,3078,max,1,BigCodeBench/59,10.0974702835083,35.51551055908203,25.41804027557373,152,69
improvement,1,bigcodebench,3078,max,2,BigCodeBench/268,0.0,9.24717903137207,9.24717903137207,513,10
improvement,1,bigcodebench,3078,max,3,BigCodeBench/631,6.108487606048584,6.020688056945801,-0.0877995491027832,66,46
improvement,1,bigcodebench,3078,max,4,BigCodeBench/920,16.700443267822266,15.830964088439941,-0.8694791793823242,115,96
improvement,2,bigcodebench,2286,max,1,BigCodeBench/268,0.6730533838272095,9.974494934082031,9.301441550254822,513,10
improvement,2,bigcodebench,2286,max,2,BigCodeBench/631,9.374795913696289,17.002731323242188,7.627935409545898,66,46
improvement,2,bigcodebench,2286,max,3,BigCodeBench/920,12.60717487335205,12.894509315490723,0.2873344421386719,115,96
improvement,2,bigcodebench,2286,max,4,BigCodeBench/59,12.450806617736816,12.561089515686035,0.11028289794921875,152,69
improvement,3,bigcodebench,12766,max,1,BigCodeBench/631,2.4780726432800293,15.955260276794434,13.477187633514404,66,46
improvement,3,bigcodebench,12766,max,2,BigCodeBench/268,0.0,6.931757926940918,6.931757926940918,513,10
improvement,3,bigcodebench,12766,max,3,BigCodeBench/59,12.020684242248535,14.295158386230469,2.2744741439819336,152,69
improvement,3,bigcodebench,12766,max,4,BigCodeBench/920,3.6263558864593506,3.9484457969665527,0.32208991050720215,115,96
improvement,4,bigcodebench,9011,max,1,BigCodeBench/268,1.8111878633499146,15.721696853637695,13.91050899028778,513,10
improvement,4,bigcodebench,9011,max,2,BigCodeBench/920,5.524174690246582,14.08788776397705,8.563713073730469,115,96
improvement,4,bigcodebench,9011,max,3,BigCodeBench/59,9.481557846069336,11.046456336975098,1.5648984909057617,152,69
improvement,4,bigcodebench,9011,max,4,BigCodeBench/631,12.175331115722656,9.973922729492188,-2.2014083862304688,66,46
improvement,5,bigcodebench,5935,max,1,BigCodeBench/59,7.967659950256348,23.932865142822266,15.965205192565918,152,69
improvement,5,bigcodebench,5935,max,2,BigCodeBench/268,1.2856698036193848,9.00770092010498,7.722031116485596,513,10
improvement,5,bigcodebench,5935,max,3,BigCodeBench/920,1.7372114658355713,3.443544387817383,1.7063329219818115,115,96
improvement,5,bigcodebench,5935,max,4,BigCodeBench/631,4.391749382019043,4.6766357421875,0.28488636016845703,66,46
improvement,6,bigcodebench,3574,early_max,1,BigCodeBench/268,0.0,16.847970962524414,16.847970962524414,513,10
improvement,6,bigcodebench,3574,early_max,2,BigCodeBench/920,0.0,2.24491810798645,2.24491810798645,115,96
improvement,6,bigcodebench,3574,early_max,3,BigCodeBench/59,2.850611686706543,2.8529725074768066,0.002360820770263672,152,69
improvement,6,bigcodebench,3574,early_max,4,BigCodeBench/631,0.0,0.0,0.0,66,46
improvement,7,bigcodebench,2374,max,1,BigCodeBench/268,3.7094953060150146,11.4483642578125,7.738868951797485,513,10
improvement,7,bigcodebench,2374,max,2,BigCodeBench/631,14.871597290039062,22.253360748291016,7.381763458251953,66,46
improvement,7,bigcodebench,2374,max,3,BigCodeBench/920,6.387745380401611,11.998894691467285,5.611149311065674,115,96
improvement,7,bigcodebench,2374,max,4,BigCodeBench/59,12.062623023986816,12.136404037475586,0.07378101348876953,152,69
improvement,8,bigcodebench,1420,max,1,BigCodeBench/59,9.463605880737305,18.326000213623047,8.862394332885742,152,69
improvement,8,bigcodebench,1420,max,2,BigCodeBench/631,5.7546257972717285,11.971170425415039,6.2165446281433105,66,46
improvement,8,bigcodebench,1420,max,3,BigCodeBench/268,2.5606942176818848,8.525367736816406,5.9646735191345215,513,10
improvement,8,bigcodebench,1420,max,4,BigCodeBench/920,6.721066474914551,3.5091116428375244,-3.2119548320770264,115,96
improvement,9,bigcodebench,14854,max,1,BigCodeBench/59,13.572006225585938,21.167694091796875,7.5956878662109375,152,69
improvement,9,bigcodebench,14854,max,2,BigCodeBench/268,1.826683521270752,9.31795597076416,7.491272449493408,513,10
improvement,9,bigcodebench,14854,max,3,BigCodeBench/631,19.569473266601562,22.60881233215332,3.039339065551758,66,46
improvement,9,bigcodebench,14854,max,4,BigCodeBench/920,11.389364242553711,12.326912879943848,0.9375486373901367,115,96
improvement,10,bigcodebench,13768,max,1,BigCodeBench/920,7.11268424987793,13.991647720336914,6.878963470458984,115,96
improvement,10,bigcodebench,13768,max,2,BigCodeBench/631,2.6886658668518066,9.564584732055664,6.875918865203857,66,46
improvement,10,bigcodebench,13768,max,3,BigCodeBench/268,8.072295188903809,13.073060035705566,5.000764846801758,513,10
improvement,10,bigcodebench,13768,max,4,BigCodeBench/59,7.523204803466797,10.807133674621582,3.283928871154785,152,69
improvement,11,bigcodebench,10961,max,1,BigCodeBench/631,2.869381904602051,15.19189453125,12.32251262664795,66,46
improvement,11,bigcodebench,10961,max,2,BigCodeBench/268,3.3485541343688965,5.5737433433532715,2.225189208984375,513,10
improvement,11,bigcodebench,10961,max,3,BigCodeBench/920,3.259092330932617,2.906292676925659,-0.352799654006958,115,96
improvement,11,bigcodebench,10961,max,4,BigCodeBench/59,5.732625484466553,4.5857367515563965,-1.1468887329101562,152,69
improvement,12,bigcodebench,4561,max,1,BigCodeBench/631,9.109227180480957,20.048418045043945,10.939190864562988,66,46
improvement,12,bigcodebench,4561,max,2,BigCodeBench/268,0.0,5.368647575378418,5.368647575378418,513,10
improvement,12,bigcodebench,4561,max,3,BigCodeBench/920,4.714807987213135,4.671322822570801,-0.043485164642333984,115,96
improvement,12,bigcodebench,4561,max,4,BigCodeBench/59,4.583501815795898,3.925637722015381,-0.6578640937805176,152,69
improvement,13,bigcodebench,3537,max,1,BigCodeBench/268,0.0,9.483689308166504,9.483689308166504,513,10
improvement,13,bigcodebench,3537,max,2,BigCodeBench/59,4.6073479652404785,11.659687995910645,7.052340030670166,152,69
improvement,13,bigcodebench,3537,max,3,BigCodeBench/631,1.2109886407852173,3.142503499984741,1.931514859199524,66,46
improvement,13,bigcodebench,3537,max,4,BigCodeBench/920,6.522053241729736,6.658184051513672,0.13613080978393555,115,96
improvement,14,bigcodebench,15922,max,1,BigCodeBench/268,3.3244540691375732,15.623562812805176,12.299108743667603,513,10
improvement,14,bigcodebench,15922,max,2,BigCodeBench/631,8.975687980651855,13.448066711425781,4.472378730773926,66,46
improvement,14,bigcodebench,15922,max,3,BigCodeBench/920,16.372079849243164,18.00592803955078,1.6338481903076172,115,96
improvement,14,bigcodebench,15922,max,4,BigCodeBench/59,4.691219329833984,2.3631293773651123,-2.328089952468872,152,69
improvement,15,bigcodebench,7097,max,1,BigCodeBench/268,2.628230094909668,11.955583572387695,9.327353477478027,513,10
improvement,15,bigcodebench,7097,max,2,BigCodeBench/631,3.8424296379089355,10.673300743103027,6.830871105194092,66,46
improvement,15,bigcodebench,7097,max,3,BigCodeBench/59,4.005066871643066,4.215664863586426,0.21059799194335938,152,69
improvement,15,bigcodebench,7097,max,4,BigCodeBench/920,7.737170219421387,7.6355085372924805,-0.10166168212890625,115,96
improvement,16,bigcodebench,5215,max,1,BigCodeBench/920,0.0,14.532294273376465,14.532294273376465,115,96
improvement,16,bigcodebench,5215,max,2,BigCodeBench/59,14.321240425109863,23.567737579345703,9.24649715423584,152,69
improvement,16,bigcodebench,5215,max,3,BigCodeBench/631,0.0,2.6072921752929688,2.6072921752929688,66,46
improvement,16,bigcodebench,5215,max,4,BigCodeBench/268,0.0,0.0,0.0,513,10
improvement,17,bigcodebench,5862,max,1,BigCodeBench/268,0.0,16.31727409362793,16.31727409362793,513,10
improvement,17,bigcodebench,5862,max,2,BigCodeBench/631,5.291280269622803,14.656983375549316,9.365703105926514,66,46
improvement,17,bigcodebench,5862,max,3,BigCodeBench/920,5.808262348175049,5.319257736206055,-0.48900461196899414,115,96
improvement,17,bigcodebench,5862,max,4,BigCodeBench/59,4.419714450836182,2.484612226486206,-1.9351022243499756,152,69
improvement,18,bigcodebench,5534,max,1,BigCodeBench/268,4.9683732986450195,15.973384857177734,11.005011558532715,513,10
improvement,18,bigcodebench,5534,max,2,BigCodeBench/631,5.652737140655518,12.225695610046387,6.572958469390869,66,46
improvement,18,bigcodebench,5534,max,3,BigCodeBench/59,15.866092681884766,15.875249862670898,0.009157180786132812,152,69
improvement,18,bigcodebench,5534,max,4,BigCodeBench/920,12.028600692749023,10.145642280578613,-1.8829584121704102,115,96
improvement,19,bigcodebench,2208,max,1,BigCodeBench/920,2.7972586154937744,11.447702407836914,8.65044379234314,115,96
improvement,19,bigcodebench,2208,max,2,BigCodeBench/268,7.644708633422852,11.813617706298828,4.168909072875977,513,10
improvement,19,bigcodebench,2208,max,3,BigCodeBench/631,5.121932506561279,6.851072311401367,1.729139804840088,66,46
improvement,19,bigcodebench,2208,max,4,BigCodeBench/59,7.09490966796875,8.699295997619629,1.604386329650879,152,69
improvement,20,bigcodebench,5244,max,1,BigCodeBench/59,1.3345649242401123,11.812362670898438,10.477797746658325,152,69
improvement,20,bigcodebench,5244,max,2,BigCodeBench/920,1.519260287284851,1.454547643661499,-0.06471264362335205,115,96
improvement,20,bigcodebench,5244,max,3,BigCodeBench/268,3.2077033519744873,2.7217259407043457,-0.4859774112701416,513,10
improvement,20,bigcodebench,5244,max,4,BigCodeBench/631,6.048891067504883,4.232043743133545,-1.816847324371338,66,46
improvement,21,bigcodebench,13404,max,1,BigCodeBench/268,1.924635410308838,8.929337501525879,7.004702091217041,513,10
improvement,21,bigcodebench,13404,max,2,BigCodeBench/631,5.546346664428711,8.815839767456055,3.2694931030273438,66,46
improvement,21,bigcodebench,13404,max,3,BigCodeBench/920,3.066957950592041,3.7406458854675293,0.6736879348754883,115,96
improvement,21,bigcodebench,13404,max,4,BigCodeBench/59,4.287230014801025,1.8137606382369995,-2.473469376564026,152,69
improvement,22,bigcodebench,8720,early_max,1,BigCodeBench/631,0.0,8.49687385559082,8.49687385559082,66,46
improvement,22,bigcodebench,8720,early_max,2,BigCodeBench/920,9.257616996765137,11.979817390441895,2.722200393676758,115,96
improvement,22,bigcodebench,8720,early_max,3,BigCodeBench/59,0.0,0.0,0.0,152,69
improvement,22,bigcodebench,8720,early_max,4,BigCodeBench/268,2.884308099746704,2.536364793777466,-0.3479433059692383,513,10
improvement,23,bigcodebench,10417,max,1,BigCodeBench/631,3.542499303817749,12.144285202026367,8.601785898208618,66,46
improvement,23,bigcodebench,10417,max,2,BigCodeBench/268,0.8051571846008301,5.617747783660889,4.812590599060059,513,10
improvement,23,bigcodebench,10417,max,3,BigCodeBench/920,16.184341430664062,16.987520217895508,0.8031787872314453,115,96
improvement,23,bigcodebench,10417,max,4,BigCodeBench/59,10.615748405456543,8.032422065734863,-2.5833263397216797,152,69
improvement,24,bigcodebench,970,early_max,1,BigCodeBench/268,0.0,9.886567115783691,9.886567115783691,513,10
improvement,24,bigcodebench,970,early_max,2,BigCodeBench/920,3.8561739921569824,7.2192769050598145,3.363102912902832,115,96
improvement,24,bigcodebench,970,early_max,3,BigCodeBench/631,1.1801841259002686,3.2168028354644775,2.036618709564209,66,46
improvement,24,bigcodebench,970,early_max,4,BigCodeBench/59,1.613907814025879,1.618424415588379,0.0045166015625,152,69
improvement,25,bigcodebench,13746,max,1,BigCodeBench/268,0.0,8.57972526550293,8.57972526550293,513,10
improvement,25,bigcodebench,13746,max,2,BigCodeBench/631,1.50178062915802,5.528037071228027,4.026256442070007,66,46
improvement,25,bigcodebench,13746,max,3,BigCodeBench/59,7.90970516204834,6.37633752822876,-1.53336763381958,152,69
improvement,25,bigcodebench,13746,max,4,BigCodeBench/920,9.0866060256958,6.656786918640137,-2.429819107055664,115,96
