benchmark,specification,rank,feature_id,aggregation,effect_to_permutation_variability,effect,roc_auc,pr_auc,pr_lift,permutation_p_nominal,positive_support,positives,control_support,n,decoder_model_a_norm,decoder_model_b_norm,decoder_model_b_specificity
bigcodebench,localized_guarded,1,4300,early_max,4.331299304962158,1.528195858001709,0.5943523083818916,0.9405904889990534,1.0149326925969167,0.004975124378109453,90,291,1,314,0.864783763885498,0.5021432638168335,0.3673519194126129
bigcodebench,localized_guarded,2,3612,max,3.881056785583496,4.064670562744141,0.7688629911848199,0.9742357570497963,1.0512372086379245,0.004975124378109453,282,291,21,314,0.9504075050354004,0.3110072910785675,0.24655434489250183
bigcodebench,localized_guarded,3,8471,early_max,3.7539477348327637,1.1396965980529785,0.6276707007321082,0.9512864676560702,1.0264740578831821,0.004975124378109453,77,291,4,314,0.7398955225944519,0.6727221608161926,0.47622379660606384
bigcodebench,localized_guarded,4,14881,max,3.5307435989379883,8.674445152282715,0.735992828328104,0.9713347663256306,1.0481069299871066,0.004975124378109453,195,291,11,314,0.7964857816696167,0.604657769203186,0.4315459132194519
bigcodebench,localized_guarded,5,2910,early_max,3.4670722484588623,1.0468878746032715,0.5918123412520544,0.9406405535054234,1.0149867140917628,0.004975124378109453,49,291,0,314,0.8012667298316956,0.5983071327209473,0.4274923801422119
bigcodebench,localized_guarded,6,12671,early_max,3.3614652156829834,2.9886012077331543,0.6978933213805468,0.9658310394279107,1.0421682006198074,0.004975124378109453,172,291,9,314,0.6240687966346741,0.781369686126709,0.555961549282074
bigcodebench,localized_guarded,7,10890,early_max,3.3554069995880127,2.031217098236084,0.6281189302256088,0.9495251038642986,1.0245734797710988,0.009950248756218905,101,291,3,314,0.8505333662033081,0.5259209275245667,0.38208380341529846
bigcodebench,localized_guarded,8,1058,max,3.280632972717285,4.604698181152344,0.7289705662632602,0.9736172662806377,1.0505698337186262,0.004975124378109453,243,291,13,314,0.7754640579223633,0.6313912868499756,0.4487961530685425
bigcodebench,localized_guarded,9,6128,max,3.1850342750549316,2.191627025604248,0.6786194531600179,0.9662767057972809,1.0426490914788529,0.004975124378109453,258,291,22,314,0.9514353275299072,0.30784791707992554,0.24446280300617218
bigcodebench,localized_guarded,10,2857,max,3.136577606201172,2.3276119232177734,0.6910204691468699,0.9547873624368833,1.0302516556879084,0.004975124378109453,106,291,0,314,0.7775242924690247,0.6288550496101379,0.44714468717575073
bigcodebench,all4_guarded,1,13147,mean,5.23139762878418,0.12620002031326294,0.558195129239504,0.9408050631566146,1.015164226223976,0.004975124378109453,65,291,6,314,0.5443973541259766,0.8388271927833557,0.6064288020133972
bigcodebench,all4_guarded,2,15471,active_fraction,5.110626220703125,0.004902778193354607,0.5812042432392052,0.9384579756923834,1.0126316301285512,0.004975124378109453,38,291,3,314,0.7050433158874512,0.7091638445854187,0.5014567971229553
bigcodebench,all4_guarded,3,2825,active_fraction,4.851475715637207,0.02325027622282505,0.5768713581353653,0.9391285160214683,1.013355168490519,0.004975124378109453,73,291,2,314,0.6594521999359131,0.7517462372779846,0.5327005982398987
bigcodebench,all4_guarded,4,10570,mean,4.60791540145874,0.18814197182655334,0.5795607350963693,0.9386108113656176,1.0127965455972643,0.004975124378109453,42,291,1,314,0.7453047633171082,0.6667240262031555,0.4721745252609253
bigcodebench,all4_guarded,5,14881,mean,4.3936309814453125,0.11709156632423401,0.7206036157179142,0.9678731762286064,1.0443717434219326,0.004975124378109453,195,291,11,314,0.7964857816696167,0.604657769203186,0.4315459132194519
bigcodebench,all4_guarded,6,4300,early_max,4.331299304962158,1.528195858001709,0.5943523083818916,0.9405904889990534,1.0149326925969167,0.004975124378109453,90,291,1,314,0.864783763885498,0.5021432638168335,0.3673519194126129
bigcodebench,all4_guarded,7,4484,mean,4.201972007751465,0.09228116273880005,0.6337217988943672,0.9528172508749296,1.0281258308409893,0.004975124378109453,119,291,5,314,0.7746802568435669,0.6323543787002563,0.4494234621524811
bigcodebench,all4_guarded,8,3612,active_fraction,3.9420974254608154,0.2036939412355423,0.7649783355744808,0.9760071258556339,1.0531485825383815,0.004975124378109453,282,291,21,314,0.9504075050354004,0.3110072910785675,0.24655434489250183
bigcodebench,all4_guarded,9,8247,active_fraction,3.7651193141937256,0.011308759450912476,0.5770954728821156,0.9399421880655044,1.0142331513833964,0.004975124378109453,37,291,1,314,0.7396760582923889,0.6729627251625061,0.47638699412345886
bigcodebench,all4_guarded,10,8471,early_max,3.7539477348327637,1.1396965980529785,0.6276707007321082,0.9512864676560702,1.0264740578831821,0.004975124378109453,77,291,4,314,0.7398955225944519,0.6727221608161926,0.47622379660606384
bigcodebench,localized_ev_only,1,4300,early_max,4.331299304962158,1.528195858001709,0.5943523083818916,0.9405904889990534,1.0149326925969167,0.004975124378109453,90,291,1,314,0.864783763885498,0.5021432638168335,0.3673519194126129
bigcodebench,localized_ev_only,2,6130,early_max,3.909029245376587,2.748950242996216,0.5619303750186763,0.9356493842929833,1.0096010538419131,0.004975124378109453,18,291,0,314,0.72704017162323,0.6865943670272827,0.48569437861442566
bigcodebench,localized_ev_only,3,8614,early_max,3.90303635597229,1.1464142799377441,0.546466457492903,0.9332212863734878,1.0069810444030074,0.014925373134328358,8,291,1,314,0.7132310271263123,0.7009283900260925,0.49565020203590393
bigcodebench,localized_ev_only,4,3612,max,3.881056785583496,4.064670562744141,0.7688629911848199,0.9742357570497963,1.0512372086379245,0.004975124378109453,282,291,21,314,0.9504075050354004,0.3110072910785675,0.24655434489250183
bigcodebench,localized_ev_only,5,8471,early_max,3.7539477348327637,1.1396965980529785,0.6276707007321082,0.9512864676560702,1.0264740578831821,0.004975124378109453,77,291,4,314,0.7398955225944519,0.6727221608161926,0.47622379660606384
bigcodebench,localized_ev_only,6,14881,max,3.5307435989379883,8.674445152282715,0.735992828328104,0.9713347663256306,1.0481069299871066,0.004975124378109453,195,291,11,314,0.7964857816696167,0.604657769203186,0.4315459132194519
bigcodebench,localized_ev_only,7,2910,early_max,3.4670722484588623,1.0468878746032715,0.5918123412520544,0.9406405535054234,1.0149867140917628,0.004975124378109453,49,291,0,314,0.8012667298316956,0.5983071327209473,0.4274923801422119
bigcodebench,localized_ev_only,8,16120,early_max,3.3764655590057373,0.498503714799881,0.5362318840579711,0.9365186033614632,1.0105389740738813,0.009950248756218905,11,291,3,314,0.6880649924278259,0.7256496548652649,0.5132928490638733
bigcodebench,localized_ev_only,9,12671,early_max,3.3614652156829834,2.9886012077331543,0.6978933213805468,0.9658310394279107,1.0421682006198074,0.004975124378109453,172,291,9,314,0.6240687966346741,0.781369686126709,0.555961549282074
bigcodebench,localized_ev_only,10,10890,early_max,3.3554069995880127,2.031217098236084,0.6281189302256088,0.9495251038642986,1.0245734797710988,0.009950248756218905,101,291,3,314,0.8505333662033081,0.5259209275245667,0.38208380341529846
bigcodebench,max,1,3612,max,3.881056785583496,4.064670562744141,0.7688629911848199,0.9742357570497963,1.0512372086379245,0.004975124378109453,282,291,21,314,0.9504075050354004,0.3110072910785675,0.24655434489250183
bigcodebench,max,2,14881,max,3.5307435989379883,8.674445152282715,0.735992828328104,0.9713347663256306,1.0481069299871066,0.004975124378109453,195,291,11,314,0.7964857816696167,0.604657769203186,0.4315459132194519
bigcodebench,max,3,1058,max,3.280632972717285,4.604698181152344,0.7289705662632602,0.9736172662806377,1.0505698337186262,0.004975124378109453,243,291,13,314,0.7754640579223633,0.6313912868499756,0.4487961530685425
bigcodebench,max,4,6128,max,3.1850342750549316,2.191627025604248,0.6786194531600179,0.9662767057972809,1.0426490914788529,0.004975124378109453,258,291,22,314,0.9514353275299072,0.30784791707992554,0.24446280300617218
bigcodebench,max,5,2857,max,3.136577606201172,2.3276119232177734,0.6910204691468699,0.9547873624368833,1.0302516556879084,0.004975124378109453,106,291,0,314,0.7775242924690247,0.6288550496101379,0.44714468717575073
bigcodebench,max,6,7436,max,3.0757198333740234,2.334388494491577,0.6925145674585388,0.9565899334897022,1.0321966979923247,0.004975124378109453,107,291,0,314,0.7239816784858704,0.689818799495697,0.48791807889938354
bigcodebench,max,7,11604,max,3.073396921157837,1.9733165502548218,0.6765277155236814,0.9556890308374004,1.0312245899757517,0.004975124378109453,103,291,2,314,0.7683901786804199,0.6399813890457153,0.4544123113155365
bigcodebench,max,8,9579,max,2.9507253170013428,2.1144661903381348,0.6585985357836546,0.9555949141392913,1.031123034500816,0.009950248756218905,129,291,5,314,0.772908627986908,0.6345177292823792,0.4508354663848877
bigcodebench,max,9,9686,max,2.9060187339782715,3.1129133701324463,0.6864634692962797,0.9561686005716424,1.0317420638470642,0.004975124378109453,115,291,1,314,0.6961525678634644,0.7178928852081299,0.5076872706413269
bigcodebench,max,10,14543,max,2.886833429336548,1.6924407482147217,0.6693560436276706,0.9638279863876912,1.040006830672629,0.004975124378109453,173,291,7,314,0.6916835904121399,0.722200334072113,0.5107918381690979
bigcodebench,early_max,1,4300,early_max,4.331299304962158,1.528195858001709,0.5943523083818916,0.9405904889990534,1.0149326925969167,0.004975124378109453,90,291,1,314,0.864783763885498,0.5021432638168335,0.3673519194126129
bigcodebench,early_max,2,8471,early_max,3.7539477348327637,1.1396965980529785,0.6276707007321082,0.9512864676560702,1.0264740578831821,0.004975124378109453,77,291,4,314,0.7398955225944519,0.6727221608161926,0.47622379660606384
bigcodebench,early_max,3,2910,early_max,3.4670722484588623,1.0468878746032715,0.5918123412520544,0.9406405535054234,1.0149867140917628,0.004975124378109453,49,291,0,314,0.8012667298316956,0.5983071327209473,0.4274923801422119
bigcodebench,early_max,4,12671,early_max,3.3614652156829834,2.9886012077331543,0.6978933213805468,0.9658310394279107,1.0421682006198074,0.004975124378109453,172,291,9,314,0.6240687966346741,0.781369686126709,0.555961549282074
bigcodebench,early_max,5,10890,early_max,3.3554069995880127,2.031217098236084,0.6281189302256088,0.9495251038642986,1.0245734797710988,0.009950248756218905,101,291,3,314,0.8505333662033081,0.5259209275245667,0.38208380341529846
bigcodebench,early_max,6,3612,early_max,3.171034812927246,2.507430076599121,0.7458538771851188,0.9727019015693965,1.0495821205937819,0.004975124378109453,214,291,13,314,0.9504075050354004,0.3110072910785675,0.24655434489250183
bigcodebench,early_max,7,8755,early_max,3.0895559787750244,0.9250863790512085,0.6403705363812939,0.9488044878798183,1.023795907884065,0.004975124378109453,60,291,4,314,0.831859290599823,0.5549875497817993,0.4001794159412384
bigcodebench,early_max,8,14364,early_max,3.0760185718536377,1.0452138185501099,0.6591961751083222,0.9633329556462417,1.0394726737901028,0.004975124378109453,291,291,23,314,0.6894044280052185,0.724376916885376,0.512368381023407
bigcodebench,early_max,9,3917,early_max,3.0626556873321533,1.6689491271972656,0.5692514567458539,0.9395279638594428,1.0137861878070964,0.009950248756218905,47,291,2,314,0.7231562733650208,0.6906840205192566,0.48851630091667175
bigcodebench,early_max,10,860,early_max,3.0111515522003174,2.3029444217681885,0.6724936500821754,0.9534012135400033,1.028755948630794,0.009950248756218905,77,291,0,314,0.7753542065620422,0.6315269470214844,0.44888436794281006
bigcodebench,mean,1,13147,mean,5.23139762878418,0.12620002031326294,0.558195129239504,0.9408050631566146,1.015164226223976,0.004975124378109453,65,291,6,314,0.5443973541259766,0.8388271927833557,0.6064288020133972
bigcodebench,mean,2,10570,mean,4.60791540145874,0.18814197182655334,0.5795607350963693,0.9386108113656176,1.0127965455972643,0.004975124378109453,42,291,1,314,0.7453047633171082,0.6667240262031555,0.4721745252609253
bigcodebench,mean,3,2825,mean,4.534318923950195,0.33780530095100403,0.5764231286418646,0.939551963940649,1.0138120848019374,0.004975124378109453,73,291,2,314,0.6594521999359131,0.7517462372779846,0.5327005982398987
bigcodebench,mean,4,14881,mean,4.3936309814453125,0.11709156632423401,0.7206036157179142,0.9678731762286064,1.0443717434219326,0.004975124378109453,195,291,11,314,0.7964857816696167,0.604657769203186,0.4315459132194519
bigcodebench,mean,5,4484,mean,4.201972007751465,0.09228116273880005,0.6337217988943672,0.9528172508749296,1.0281258308409893,0.004975124378109453,119,291,5,314,0.7746802568435669,0.6323543787002563,0.4494234621524811
bigcodebench,mean,6,9109,mean,3.4803273677825928,0.028092036023736,0.5643209323173465,0.9388261563587404,1.0130289109850326,0.009950248756218905,40,291,2,314,0.7137391567230225,0.7004120349884033,0.4952879548072815
bigcodebench,mean,7,10065,mean,3.429765224456787,0.14099964499473572,0.6016733901090692,0.9484333471750154,1.023395433034209,0.004975124378109453,102,291,4,314,0.7473584413528442,0.6644205451011658,0.47062647342681885
bigcodebench,mean,8,469,mean,3.4098479747772217,0.12492858618497849,0.5555057522785,0.9320124620810832,1.005676677297114,0.009950248756218905,108,291,5,314,0.7522181868553162,0.6589124798774719,0.46693938970565796
bigcodebench,mean,9,11766,mean,3.404306650161743,0.09815166145563126,0.5638727028238458,0.9368691278124229,1.010917203206532,0.004975124378109453,30,291,1,314,0.7027779221534729,0.7114090919494629,0.5030516386032104
bigcodebench,mean,10,15457,mean,3.120020866394043,0.16258013248443604,0.6781712236665173,0.9667105735438841,1.0431172511779367,0.009950248756218905,210,291,14,314,0.783363938331604,0.6215639114379883,0.4424169659614563
bigcodebench,active_fraction,1,15471,active_fraction,5.110626220703125,0.004902778193354607,0.5812042432392052,0.9384579756923834,1.0126316301285512,0.004975124378109453,38,291,3,314,0.7050433158874512,0.7091638445854187,0.5014567971229553
bigcodebench,active_fraction,2,2825,active_fraction,4.851475715637207,0.02325027622282505,0.5768713581353653,0.9391285160214683,1.013355168490519,0.004975124378109453,73,291,2,314,0.6594521999359131,0.7517462372779846,0.5327005982398987
bigcodebench,active_fraction,3,10570,active_fraction,4.119106769561768,0.016168830916285515,0.5744808008366951,0.9351381746773854,1.0090494393426082,0.004975124378109453,42,291,1,314,0.7453047633171082,0.6667240262031555,0.4721745252609253
bigcodebench,active_fraction,4,3612,active_fraction,3.9420974254608154,0.2036939412355423,0.7649783355744808,0.9760071258556339,1.0531485825383815,0.004975124378109453,282,291,21,314,0.9504075050354004,0.3110072910785675,0.24655434489250183
bigcodebench,active_fraction,5,13147,active_fraction,3.9309022426605225,0.024504194036126137,0.5625280143433438,0.9400971371869158,1.0144003473425827,0.004975124378109453,65,291,6,314,0.5443973541259766,0.8388271927833557,0.6064288020133972
bigcodebench,active_fraction,6,8247,active_fraction,3.7651193141937256,0.011308759450912476,0.5770954728821156,0.9399421880655044,1.0142331513833964,0.004975124378109453,37,291,1,314,0.7396760582923889,0.6729627251625061,0.47638699412345886
bigcodebench,active_fraction,7,9109,active_fraction,3.6883997917175293,0.01455631386488676,0.5680561780965188,0.9388958193753894,1.0131040800133067,0.009950248756218905,40,291,2,314,0.7137391567230225,0.7004120349884033,0.4952879548072815
bigcodebench,active_fraction,8,8309,active_fraction,3.648198366165161,0.22589272260665894,0.6978933213805468,0.9712286020591843,1.0479923747305286,0.009950248756218905,280,291,19,314,0.6808901429176331,0.7323854565620422,0.5182183980941772
bigcodebench,active_fraction,9,4484,active_fraction,3.641422986984253,0.021448176354169846,0.6338712087255342,0.952658821886247,1.0279548799734761,0.004975124378109453,119,291,5,314,0.7746802568435669,0.6323543787002563,0.4494234621524811
bigcodebench,active_fraction,10,1882,active_fraction,3.424839496612549,0.1706136018037796,0.6925145674585388,0.9702436869093625,1.0469296140534015,0.009950248756218905,227,291,13,314,0.693205714225769,0.7207393646240234,0.5097364783287048
humanevalplus,localized_guarded,1,2572,max,2.5507009029388428,1.090901255607605,0.7291666666666666,0.882626712190219,1.244729978729796,0.009950248756218905,31,39,11,55,0.8394970893859863,0.5433638095855713,0.3929273188114166
humanevalplus,localized_guarded,2,4614,max,2.076141834259033,1.7569326162338257,0.7131410256410257,0.8895308957464433,1.2544666478475481,0.01990049751243781,35,39,5,55,0.7956399321556091,0.6057685017585754,0.43225693702697754
humanevalplus,localized_guarded,3,7097,early_max,1.9595756530761719,3.0866525173187256,0.6378205128205128,0.8547596273981827,1.2054302437666677,0.05472636815920398,38,39,14,55,0.9039792418479919,0.42757558822631836,0.3211100101470947
humanevalplus,localized_guarded,4,3612,max,1.8721109628677368,1.6502329111099243,0.6498397435897436,0.8603097318562319,1.2132573141562244,0.06965174129353234,29,39,4,55,0.9504075050354004,0.3110072910785675,0.24655434489250183
humanevalplus,localized_guarded,5,2969,early_max,1.8682677745819092,2.0344157218933105,0.5961538461538461,0.7779795645315875,1.0971506679291618,0.07462686567164178,11,39,0,55,0.6795269846916199,0.7336511611938477,0.5191497802734375
humanevalplus,localized_guarded,6,1287,max,1.8369503021240234,1.424912452697754,0.5873397435897436,0.7730484632343415,1.090196550715097,0.0845771144278607,12,39,0,55,0.638447642326355,0.7696656584739685,0.5465936064720154
humanevalplus,localized_guarded,7,4966,early_max,1.8245410919189453,2.5573673248291016,0.6025641025641025,0.777864469508083,1.096988354434476,0.06467661691542288,9,39,2,55,0.7531141638755798,0.6578893065452576,0.466256320476532
humanevalplus,localized_guarded,8,8764,early_max,1.7906907796859741,0.9449436664581299,0.5793269230769231,0.7533999892490457,1.0624871643255773,0.1044776119402985,5,39,0,55,0.6961974501609802,0.7178494930267334,0.5076560378074646
humanevalplus,localized_guarded,9,4672,max,1.7887418270111084,1.3498568534851074,0.6418269230769231,0.8011455808115094,1.1298206908880262,0.07462686567164178,15,39,8,55,0.6412836313247681,0.7673032879829407,0.5447326302528381
humanevalplus,localized_guarded,10,7123,max,1.7852516174316406,0.4167892336845398,0.5793269230769231,0.7507122507122507,1.058696763824969,0.0945273631840796,4,39,0,55,0.6666097640991211,0.7454058527946472,0.5279019474983215
humanevalplus,all4_guarded,1,3612,active_fraction,2.8482096195220947,0.16860023140907288,0.7459935897435898,0.892810458423397,1.2590916721355598,0.004975124378109453,29,39,4,55,0.9504075050354004,0.3110072910785675,0.24655434489250183
humanevalplus,all4_guarded,2,1700,active_fraction,2.64870023727417,0.062402889132499695,0.7980769230769231,0.9079671410874007,1.2804664810206934,0.009950248756218905,36,39,6,55,0.8058421611785889,0.5921303033828735,0.4235636293888092
humanevalplus,all4_guarded,3,2572,max,2.5507009029388428,1.090901255607605,0.7291666666666666,0.882626712190219,1.244729978729796,0.009950248756218905,31,39,11,55,0.8394970893859863,0.5433638095855713,0.3929273188114166
humanevalplus,all4_guarded,4,7097,active_fraction,2.4643430709838867,0.20682403445243835,0.7299679487179487,0.893652051453523,1.2602785341011222,0.009950248756218905,39,39,14,55,0.9039792418479919,0.42757558822631836,0.3211100101470947
humanevalplus,all4_guarded,5,3638,active_fraction,2.2405693531036377,0.021178172901272774,0.624198717948718,0.7903413522518453,1.1145839583038843,0.01990049751243781,12,39,1,55,0.6385089755058289,0.7696151733398438,0.5465534925460815
humanevalplus,all4_guarded,6,9142,active_fraction,2.205085039138794,0.02372431568801403,0.6666666666666666,0.8106115948834527,1.1431701979125615,0.03482587064676617,12,39,1,55,0.7148157358169556,0.6993126273155212,0.494518518447876
humanevalplus,all4_guarded,7,2151,active_fraction,2.118720293045044,0.029637619853019714,0.6442307692307693,0.823422212786545,1.161236453929743,0.029850746268656716,18,39,3,55,0.695466160774231,0.7185578346252441,0.5081652402877808
humanevalplus,all4_guarded,8,12047,active_fraction,2.096785306930542,0.039467696100473404,0.6410256410256411,0.8460011247137663,1.1930785092117218,0.03482587064676617,24,39,4,55,0.6256125569343567,0.7801341414451599,0.5549606680870056
humanevalplus,all4_guarded,9,4614,max,2.076141834259033,1.7569326162338257,0.7131410256410257,0.8895308957464433,1.2544666478475481,0.01990049751243781,35,39,5,55,0.7956399321556091,0.6057685017585754,0.43225693702697754
humanevalplus,all4_guarded,10,10387,mean,2.057326078414917,0.5153867602348328,0.6971153846153846,0.8519707922781277,1.201497271161462,0.03980099502487562,26,39,7,55,0.6597174406051636,0.7515131831169128,0.5325233340263367
humanevalplus,localized_ev_only,1,2572,max,2.5507009029388428,1.090901255607605,0.7291666666666666,0.882626712190219,1.244729978729796,0.009950248756218905,31,39,11,55,0.8394970893859863,0.5433638095855713,0.3929273188114166
humanevalplus,localized_ev_only,2,4230,early_max,2.2054526805877686,6.974027633666992,0.5256410256410257,0.7376731112972896,1.040308233880793,0.06467661691542288,3,39,1,55,0.6417980194091797,0.7668740153312683,0.5443949699401855
humanevalplus,localized_ev_only,3,4614,max,2.076141834259033,1.7569326162338257,0.7131410256410257,0.8895308957464433,1.2544666478475481,0.01990049751243781,35,39,5,55,0.7956399321556091,0.6057685017585754,0.43225693702697754
humanevalplus,localized_ev_only,4,7097,early_max,1.9595756530761719,3.0866525173187256,0.6378205128205128,0.8547596273981827,1.2054302437666677,0.05472636815920398,38,39,14,55,0.9039792418479919,0.42757558822631836,0.3211100101470947
humanevalplus,localized_ev_only,5,3612,max,1.8721109628677368,1.6502329111099243,0.6498397435897436,0.8603097318562319,1.2132573141562244,0.06965174129353234,29,39,4,55,0.9504075050354004,0.3110072910785675,0.24655434489250183
humanevalplus,localized_ev_only,6,2969,early_max,1.8682677745819092,2.0344157218933105,0.5961538461538461,0.7779795645315875,1.0971506679291618,0.07462686567164178,11,39,0,55,0.6795269846916199,0.7336511611938477,0.5191497802734375
humanevalplus,localized_ev_only,7,1833,early_max,1.8673371076583862,0.9149265885353088,0.5833333333333334,0.7513621859000011,1.059613339089745,0.06467661691542288,3,39,0,55,0.7124942541122437,0.7016779780387878,0.49617576599121094
humanevalplus,localized_ev_only,8,1287,max,1.8369503021240234,1.424912452697754,0.5873397435897436,0.7730484632343415,1.090196550715097,0.0845771144278607,12,39,0,55,0.638447642326355,0.7696656584739685,0.5465936064720154
humanevalplus,localized_ev_only,9,4966,early_max,1.8245410919189453,2.5573673248291016,0.6025641025641025,0.777864469508083,1.096988354434476,0.06467661691542288,9,39,2,55,0.7531141638755798,0.6578893065452576,0.466256320476532
humanevalplus,localized_ev_only,10,5559,max,1.7982972860336304,0.32909947633743286,0.5552884615384616,0.7364672364672364,1.0386076411717438,0.1890547263681592,2,39,0,55,0.7033279538154602,0.7108654379844666,0.5026649236679077
humanevalplus,max,1,2572,max,2.5507009029388428,1.090901255607605,0.7291666666666666,0.882626712190219,1.244729978729796,0.009950248756218905,31,39,11,55,0.8394970893859863,0.5433638095855713,0.3929273188114166
humanevalplus,max,2,4614,max,2.076141834259033,1.7569326162338257,0.7131410256410257,0.8895308957464433,1.2544666478475481,0.01990049751243781,35,39,5,55,0.7956399321556091,0.6057685017585754,0.43225693702697754
humanevalplus,max,3,3612,max,1.8721109628677368,1.6502329111099243,0.6498397435897436,0.8603097318562319,1.2132573141562244,0.06965174129353234,29,39,4,55,0.9504075050354004,0.3110072910785675,0.24655434489250183
humanevalplus,max,4,1287,max,1.8369503021240234,1.424912452697754,0.5873397435897436,0.7730484632343415,1.090196550715097,0.0845771144278607,12,39,0,55,0.638447642326355,0.7696656584739685,0.5465936064720154
humanevalplus,max,5,4672,max,1.7887418270111084,1.3498568534851074,0.6418269230769231,0.8011455808115094,1.1298206908880262,0.07462686567164178,15,39,8,55,0.6412836313247681,0.7673032879829407,0.5447326302528381
humanevalplus,max,6,7123,max,1.7852516174316406,0.4167892336845398,0.5793269230769231,0.7507122507122507,1.058696763824969,0.0945273631840796,4,39,0,55,0.6666097640991211,0.7454058527946472,0.5279019474983215
humanevalplus,max,7,10510,max,1.7711951732635498,1.0659255981445312,0.5817307692307693,0.7589481862733805,1.0703115447445108,0.0945273631840796,8,39,1,55,0.6798586845397949,0.7333430051803589,0.5189231038093567
humanevalplus,max,8,4192,max,1.72037935256958,0.603176474571228,0.5737179487179487,0.7470073065138376,1.0534718425195146,0.07960199004975124,4,39,0,55,0.5521279573440552,0.8337589502334595,0.6016067862510681
humanevalplus,max,9,9142,max,1.7098177671432495,0.7452346086502075,0.6506410256410257,0.8070504642058903,1.1381480905467685,0.08955223880597014,12,39,1,55,0.7148157358169556,0.6993126273155212,0.494518518447876
humanevalplus,max,10,6030,max,1.673011302947998,0.25740373134613037,0.5793269230769231,0.7507122507122507,1.058696763824969,0.13432835820895522,4,39,0,55,0.8698617219924927,0.49329525232315063,0.36187705397605896
humanevalplus,early_max,1,7097,early_max,1.9595756530761719,3.0866525173187256,0.6378205128205128,0.8547596273981827,1.2054302437666677,0.05472636815920398,38,39,14,55,0.9039792418479919,0.42757558822631836,0.3211100101470947
humanevalplus,early_max,2,2969,early_max,1.8682677745819092,2.0344157218933105,0.5961538461538461,0.7779795645315875,1.0971506679291618,0.07462686567164178,11,39,0,55,0.6795269846916199,0.7336511611938477,0.5191497802734375
humanevalplus,early_max,3,4966,early_max,1.8245410919189453,2.5573673248291016,0.6025641025641025,0.777864469508083,1.096988354434476,0.06467661691542288,9,39,2,55,0.7531141638755798,0.6578893065452576,0.466256320476532
humanevalplus,early_max,4,8764,early_max,1.7906907796859741,0.9449436664581299,0.5793269230769231,0.7533999892490457,1.0624871643255773,0.1044776119402985,5,39,0,55,0.6961974501609802,0.7178494930267334,0.5076560378074646
humanevalplus,early_max,5,15167,early_max,1.78472101688385,1.9110997915267944,0.5512820512820513,0.7504061717408033,1.0582651139934405,0.07462686567164178,9,39,0,55,0.7113714814186096,0.7028163075447083,0.49697524309158325
humanevalplus,early_max,6,8564,early_max,1.7132301330566406,0.38781672716140747,0.5793269230769231,0.7507122507122507,1.058696763824969,0.09950248756218906,4,39,0,55,0.6929041147232056,0.7210299968719482,0.5099459886550903
humanevalplus,early_max,7,6030,early_max,1.6951309442520142,0.2899232506752014,0.5793269230769231,0.7507122507122507,1.058696763824969,0.13930348258706468,4,39,0,55,0.8698617219924927,0.49329525232315063,0.36187705397605896
humanevalplus,early_max,8,2228,early_max,1.694798469543457,1.8706583976745605,0.6081730769230769,0.8307122271513777,1.1715172434186096,0.1044776119402985,33,39,15,55,0.7974600195884705,0.6033715009689331,0.4307238459587097
humanevalplus,early_max,9,9149,early_max,1.6938368082046509,0.8312345147132874,0.6153846153846154,0.7751706713970864,1.0931894083805065,0.11442786069651742,8,39,2,55,0.7253570556640625,0.6883719563484192,0.4869193434715271
humanevalplus,early_max,10,11208,early_max,1.6719697713851929,0.41631361842155457,0.5544871794871795,0.7684232537113738,1.0836738193365527,0.10945273631840796,20,39,6,55,0.8292879462242126,0.558820903301239,0.40257716178894043
humanevalplus,mean,1,3612,mean,2.35174822807312,0.5588972568511963,0.7411858974358975,0.8917624803114729,1.2576137542854104,0.024875621890547265,29,39,4,55,0.9504075050354004,0.3110072910785675,0.24655434489250183
humanevalplus,mean,2,7097,mean,2.2878222465515137,1.6616997718811035,0.7347756410256411,0.8939368838460667,1.2606802208085557,0.01990049751243781,39,39,14,55,0.9039792418479919,0.42757558822631836,0.3211100101470947
humanevalplus,mean,3,10387,mean,2.057326078414917,0.5153867602348328,0.6971153846153846,0.8519707922781277,1.201497271161462,0.03980099502487562,26,39,7,55,0.6597174406051636,0.7515131831169128,0.5325233340263367
humanevalplus,mean,4,14404,mean,2.0169477462768555,0.02379923313856125,0.6009615384615384,0.7619698043334784,1.0745728009831106,0.04477611940298507,4,39,1,55,0.7622326612472534,0.6473035216331482,0.45923158526420593
humanevalplus,mean,5,4672,mean,1.910495638847351,0.06952090561389923,0.6378205128205128,0.7961482701748125,1.1227732015285816,0.06467661691542288,15,39,8,55,0.6412836313247681,0.7673032879829407,0.5447326302528381
humanevalplus,mean,6,3638,mean,1.8896578550338745,0.2651628255844116,0.6418269230769231,0.8002360962923968,1.1285380845149184,0.024875621890547265,12,39,1,55,0.6385089755058289,0.7696151733398438,0.5465534925460815
humanevalplus,mean,7,1700,mean,1.8855562210083008,0.22259220480918884,0.782051282051282,0.915266333818976,1.2907602143600945,0.04975124378109453,36,39,6,55,0.8058421611785889,0.5921303033828735,0.4235636293888092
humanevalplus,mean,8,9142,mean,1.877272129058838,0.06236134469509125,0.6666666666666666,0.8106115948834527,1.1431701979125615,0.04975124378109453,12,39,1,55,0.7148157358169556,0.6993126273155212,0.494518518447876
humanevalplus,mean,9,2346,mean,1.8674499988555908,0.29689908027648926,0.6506410256410257,0.8460849177517715,1.1931966788807034,0.06965174129353234,27,39,6,55,0.7001155018806458,0.7140292525291443,0.5049194693565369
humanevalplus,mean,10,3233,mean,1.848073959350586,0.14157357811927795,0.6410256410256411,0.8307920870156315,1.1716298663040956,0.05970149253731343,35,39,13,55,0.614837646484375,0.7886533737182617,0.5619226098060608
humanevalplus,active_fraction,1,3612,active_fraction,2.8482096195220947,0.16860023140907288,0.7459935897435898,0.892810458423397,1.2590916721355598,0.004975124378109453,29,39,4,55,0.9504075050354004,0.3110072910785675,0.24655434489250183
humanevalplus,active_fraction,2,1700,active_fraction,2.64870023727417,0.062402889132499695,0.7980769230769231,0.9079671410874007,1.2804664810206934,0.009950248756218905,36,39,6,55,0.8058421611785889,0.5921303033828735,0.4235636293888092
humanevalplus,active_fraction,3,7097,active_fraction,2.4643430709838867,0.20682403445243835,0.7299679487179487,0.893652051453523,1.2602785341011222,0.009950248756218905,39,39,14,55,0.9039792418479919,0.42757558822631836,0.3211100101470947
humanevalplus,active_fraction,4,3638,active_fraction,2.2405693531036377,0.021178172901272774,0.624198717948718,0.7903413522518453,1.1145839583038843,0.01990049751243781,12,39,1,55,0.6385089755058289,0.7696151733398438,0.5465534925460815
humanevalplus,active_fraction,5,9142,active_fraction,2.205085039138794,0.02372431568801403,0.6666666666666666,0.8106115948834527,1.1431701979125615,0.03482587064676617,12,39,1,55,0.7148157358169556,0.6993126273155212,0.494518518447876
humanevalplus,active_fraction,6,2151,active_fraction,2.118720293045044,0.029637619853019714,0.6442307692307693,0.823422212786545,1.161236453929743,0.029850746268656716,18,39,3,55,0.695466160774231,0.7185578346252441,0.5081652402877808
humanevalplus,active_fraction,7,12047,active_fraction,2.096785306930542,0.039467696100473404,0.6410256410256411,0.8460011247137663,1.1930785092117218,0.03482587064676617,24,39,4,55,0.6256125569343567,0.7801341414451599,0.5549606680870056
humanevalplus,active_fraction,8,3796,active_fraction,2.033123731613159,0.039625946432352066,0.5961538461538461,0.795743452230141,1.1222023044271219,0.029850746268656716,21,39,2,55,0.7362502813339233,0.6767084002494812,0.4789300858974457
humanevalplus,active_fraction,9,4991,active_fraction,2.0297653675079346,0.03972240537405014,0.5897435897435898,0.8026597183339726,1.1319560130350896,0.03980099502487562,21,39,8,55,0.7429800629615784,0.6693124175071716,0.4739191234111786
humanevalplus,active_fraction,10,7109,active_fraction,2.009622573852539,0.03125811740756035,0.657051282051282,0.830445437810659,1.171141002040673,0.04975124378109453,31,39,5,55,0.6551594734191895,0.7554898262023926,0.535561740398407
