candidate_rank,benchmark,transition,aggregation,feature_id,n,positives,prevalence,roc_auc,pr_auc,pr_lift,effect,permutation_null_sd,effect_to_permutation_variability,permutation_p_nominal,positive_support,positive_delta_support,control_support,decoder_model_a_norm,decoder_model_b_norm,decoder_model_b_specificity,unique_delta_values
1,bigcodebench,regression,early_max,4300,314,291,0.9267515923566879,0.5943523083818916,0.9405904889990534,1.0149326925969167,1.528195858001709,0.35282620787620544,4.331299304962158,0.004975124378109453,90,71,1,0.864783763885498,0.5021432638168335,0.3673519194126129,125
2,bigcodebench,regression,max,3612,314,291,0.9267515923566879,0.7688629911848199,0.9742357570497963,1.0512372086379245,4.064670562744141,1.04731023311615,3.881056785583496,0.004975124378109453,282,261,21,0.9504075050354004,0.3110072910785675,0.24655434489250183,311
3,bigcodebench,regression,early_max,8471,314,291,0.9267515923566879,0.6276707007321082,0.9512864676560702,1.0264740578831821,1.1396965980529785,0.30359947681427,3.7539477348327637,0.004975124378109453,77,66,4,0.7398955225944519,0.6727221608161926,0.47622379660606384,108
4,bigcodebench,regression,max,14881,314,291,0.9267515923566879,0.735992828328104,0.9713347663256306,1.0481069299871066,8.674445152282715,2.4568324089050293,3.5307435989379883,0.004975124378109453,195,183,11,0.7964857816696167,0.604657769203186,0.4315459132194519,240
5,bigcodebench,regression,early_max,2910,314,291,0.9267515923566879,0.5918123412520544,0.9406405535054234,1.0149867140917628,1.0468878746032715,0.3019515573978424,3.4670722484588623,0.004975124378109453,49,43,0,0.8012667298316956,0.5983071327209473,0.4274923801422119,72
6,bigcodebench,regression,early_max,12671,314,291,0.9267515923566879,0.6978933213805468,0.9658310394279107,1.0421682006198074,2.9886012077331543,0.8890769481658936,3.3614652156829834,0.004975124378109453,172,132,9,0.6240687966346741,0.781369686126709,0.555961549282074,230
7,bigcodebench,regression,early_max,10890,314,291,0.9267515923566879,0.6281189302256088,0.9495251038642986,1.0245734797710988,2.031217098236084,0.6053563952445984,3.3554069995880127,0.009950248756218905,101,73,3,0.8505333662033081,0.5259209275245667,0.38208380341529846,132
8,bigcodebench,regression,max,1058,314,291,0.9267515923566879,0.7289705662632602,0.9736172662806377,1.0505698337186262,4.604698181152344,1.4036005735397339,3.280632972717285,0.004975124378109453,243,201,13,0.7754640579223633,0.6313912868499756,0.4487961530685425,282
9,bigcodebench,regression,max,6128,314,291,0.9267515923566879,0.6786194531600179,0.9662767057972809,1.0426490914788529,2.191627025604248,0.6881015300750732,3.1850342750549316,0.004975124378109453,258,166,22,0.9514353275299072,0.30784791707992554,0.24446280300617218,293
10,bigcodebench,regression,max,2857,314,291,0.9267515923566879,0.6910204691468699,0.9547873624368833,1.0302516556879084,2.3276119232177734,0.7420865297317505,3.136577606201172,0.004975124378109453,106,105,0,0.7775242924690247,0.6288550496101379,0.44714468717575073,109
11,bigcodebench,regression,early_max,8755,314,291,0.9267515923566879,0.6403705363812939,0.9488044878798183,1.023795907884065,0.9250863790512085,0.2994237244129181,3.0895559787750244,0.004975124378109453,60,37,4,0.831859290599823,0.5549875497817993,0.4001794159412384,90
12,bigcodebench,regression,early_max,14364,314,291,0.9267515923566879,0.6591961751083222,0.9633329556462417,1.0394726737901028,1.0452138185501099,0.3397943675518036,3.0760185718536377,0.004975124378109453,291,168,23,0.6894044280052185,0.724376916885376,0.512368381023407,313
13,bigcodebench,regression,max,7436,314,291,0.9267515923566879,0.6925145674585388,0.9565899334897022,1.0321966979923247,2.334388494491577,0.7589730620384216,3.0757198333740234,0.004975124378109453,107,101,0,0.7239816784858704,0.689818799495697,0.48791807889938354,130
14,bigcodebench,regression,max,11604,314,291,0.9267515923566879,0.6765277155236814,0.9556890308374004,1.0312245899757517,1.9733165502548218,0.6420636773109436,3.073396921157837,0.004975124378109453,103,102,2,0.7683901786804199,0.6399813890457153,0.4544123113155365,124
15,bigcodebench,regression,early_max,3917,314,291,0.9267515923566879,0.5692514567458539,0.9395279638594428,1.0137861878070964,1.6689491271972656,0.5449352860450745,3.0626556873321533,0.009950248756218905,47,42,2,0.7231562733650208,0.6906840205192566,0.48851630091667175,56
16,bigcodebench,regression,early_max,860,314,291,0.9267515923566879,0.6724936500821754,0.9534012135400033,1.028755948630794,2.3029444217681885,0.7648051977157593,3.0111515522003174,0.009950248756218905,77,63,0,0.7753542065620422,0.6315269470214844,0.44888436794281006,106
17,bigcodebench,regression,early_max,11495,314,291,0.9267515923566879,0.7185118780815778,0.9659313892315199,1.0422764818511934,2.368884563446045,0.789430558681488,3.00075101852417,0.009950248756218905,162,137,3,0.7519962191581726,0.6591674089431763,0.46710914373397827,206
18,bigcodebench,regression,early_max,9559,314,291,0.9267515923566879,0.6198266845958464,0.9558241243984938,1.0313703610348008,4.458554744720459,1.4860857725143433,3.000200033187866,0.009950248756218905,215,128,14,0.9777788519859314,0.2096371352672577,0.176549032330513,275
19,bigcodebench,regression,early_max,4350,314,291,0.9267515923566879,0.584043030031376,0.9463139391588204,1.021108511669655,1.5207664966583252,0.5104498267173767,2.9792673587799072,0.009950248756218905,103,68,10,0.6681888699531555,0.7439913749694824,0.5268388390541077,152
20,bigcodebench,regression,early_max,3754,314,291,0.9267515923566879,0.662856715971911,0.9632620287406616,1.039396140977896,2.14078426361084,0.7188264727592468,2.978165626525879,0.009950248756218905,181,125,13,0.33508795499801636,0.9421870708465576,0.7376539707183838,243
21,bigcodebench,regression,early_max,5409,314,291,0.9267515923566879,0.6293142088749439,0.950156763893105,1.0252550648193641,1.5915042161941528,0.5369728803634644,2.9638447761535645,0.004975124378109453,99,72,5,0.5946176648139954,0.8040080666542053,0.5748557448387146,131
22,bigcodebench,regression,max,9579,314,291,0.9267515923566879,0.6585985357836546,0.9555949141392913,1.031123034500816,2.1144661903381348,0.716592013835907,2.9507253170013428,0.009950248756218905,129,113,5,0.772908627986908,0.6345177292823792,0.4508354663848877,165
23,bigcodebench,regression,early_max,8752,314,291,0.9267515923566879,0.5701479157328552,0.9412723878826582,1.0156684872685728,1.4685789346694946,0.49872761964797974,2.9446513652801514,0.009950248756218905,146,95,4,0.7724534273147583,0.6350712180137634,0.45119723677635193,195
24,bigcodebench,regression,early_max,4484,314,291,0.9267515923566879,0.5913641117585537,0.9450478549477808,1.01974235894709,1.1674391031265259,0.4017001688480377,2.906244993209839,0.014925373134328358,97,74,3,0.7746802568435669,0.6323543787002563,0.4494234621524811,126
25,bigcodebench,regression,max,9686,314,291,0.9267515923566879,0.6864634692962797,0.9561686005716424,1.0317420638470642,3.1129133701324463,1.0711952447891235,2.9060187339782715,0.004975124378109453,115,115,1,0.6961525678634644,0.7178928852081299,0.5076872706413269,123
1,bigcodebench,improvement,max,3078,826,4,0.004842615012106538,0.8719586374695864,0.283493140846082,58.541333584715936,14.407853126525879,4.029647350311279,3.575462579727173,0.004975124378109453,4,2,512,0.6600398421287537,0.7512306571006775,0.532308042049408,797
2,bigcodebench,improvement,max,2286,826,4,0.004842615012106538,0.8880778588807786,0.06405629895240023,13.227625733670646,9.383674621582031,2.9848146438598633,3.1438047885894775,0.004975124378109453,4,4,666,0.7621322274208069,0.6474209427833557,0.45930933952331543,825
3,bigcodebench,improvement,max,12766,826,4,0.004842615012106538,0.9048053527980535,0.04232880698810079,8.740898643042813,8.78133773803711,2.8387112617492676,3.093424081802368,0.009950248756218905,4,4,555,0.7987552881240845,0.6016561985015869,0.4296281635761261,808
4,bigcodebench,improvement,max,9011,826,4,0.004842615012106538,0.8217761557177615,0.05721423289483926,11.814739092784308,8.724065780639648,2.869039297103882,3.040761947631836,0.009950248756218905,4,3,659,0.6642385125160217,0.747520387172699,0.5294957756996155,808
5,bigcodebench,improvement,max,5935,826,4,0.004842615012106538,0.9084549878345499,0.07207888547683458,14.88428985096634,8.741154670715332,2.889483690261841,3.0251615047454834,0.01990049751243781,4,4,462,0.7813927531242371,0.6240392923355103,0.4440195560455322,776
6,bigcodebench,improvement,early_max,3574,826,4,0.004842615012106538,0.7636861313868614,0.09265966670721566,19.134221175040032,4.391204833984375,1.489973545074463,2.947169780731201,0.014925373134328358,3,3,327,0.7039721012115479,0.7102267146110535,0.502211332321167,496
7,bigcodebench,improvement,max,2374,826,4,0.004842615012106538,0.9291362530413625,0.06973424941664506,14.400122504537205,10.30785083770752,3.556948184967041,2.8979480266571045,0.004975124378109453,4,4,628,0.8279538154602051,0.5607961416244507,0.4038136303424835,817
8,bigcodebench,improvement,max,1420,826,4,0.004842615012106538,0.8646593673965937,0.08868847202180535,18.314169472502805,9.294929504394531,3.2482824325561523,2.861490488052368,0.01990049751243781,4,3,560,0.825872540473938,0.5638568997383118,0.4057314097881317,799
9,bigcodebench,improvement,max,14854,826,4,0.004842615012106538,0.9279197080291971,0.0503080678911881,10.388616019530343,11.799128532409668,4.265180587768555,2.7663843631744385,0.009950248756218905,4,4,388,0.6499282717704773,0.7599955201148987,0.539033055305481,768
10,bigcodebench,improvement,max,13768,826,4,0.004842615012106538,0.933698296836983,0.04795054274379877,9.901787076594445,8.885470390319824,3.2354347705841064,2.7462987899780273,0.009950248756218905,4,4,644,0.6817223429679871,0.7316110134124756,0.5176492929458618,816
11,bigcodebench,improvement,max,10961,826,4,0.004842615012106538,0.7469586374695864,0.13466247135331139,27.8078003344588,5.045269966125488,1.9114514589309692,2.6394968032836914,0.014925373134328358,4,2,505,0.7191883325576782,0.6948155760765076,0.4913816750049591,763
12,bigcodebench,improvement,max,4561,826,4,0.004842615012106538,0.8561435523114356,0.07141152346376227,14.746479595266909,8.163168907165527,3.1399643421173096,2.599764823913574,0.009950248756218905,4,2,440,0.7101390957832336,0.7040616273880005,0.49785125255584717,785
13,bigcodebench,improvement,max,3537,826,4,0.004842615012106538,0.889294403892944,0.05830928330928331,12.040867003367003,8.73523998260498,3.366232395172119,2.5949604511260986,0.01990049751243781,4,4,464,0.7176409959793091,0.6964122653007507,0.4924936890602112,758
14,bigcodebench,improvement,max,15922,826,4,0.004842615012106538,0.8348540145985401,0.03832880082880083,7.914897371147371,8.759096145629883,3.4749655723571777,2.5206282138824463,0.01990049751243781,4,3,464,0.7375439405441284,0.6752992868423462,0.4779718518257141,793
15,bigcodebench,improvement,max,7097,826,4,0.004842615012106538,0.8071776155717761,0.03799512987012987,7.845994318181819,5.6247076988220215,2.2454915046691895,2.5048892498016357,0.029850746268656716,4,3,759,0.9039792418479919,0.42757558822631836,0.3211100101470947,818
16,bigcodebench,improvement,max,5215,826,4,0.004842615012106538,0.8628345498783455,0.08671080915639326,17.905782090795206,9.071810722351074,3.6466360092163086,2.487720489501953,0.014925373134328358,3,3,297,0.6640040278434753,0.7477282881736755,0.529653012752533,494
17,bigcodebench,improvement,max,5862,826,4,0.004842615012106538,0.8044403892944039,0.04058931264813617,8.381693061840119,11.16033935546875,4.494846343994141,2.4829189777374268,0.01990049751243781,4,2,491,0.5939878225326538,0.8044740557670593,0.57525634765625,779
18,bigcodebench,improvement,max,5534,826,4,0.004842615012106538,0.7679440389294404,0.06233391134077557,12.871952691870156,6.34086799621582,2.566133499145508,2.4709813594818115,0.014925373134328358,4,3,708,0.7971681356430054,0.6037574410438538,0.43097037076950073,823
19,bigcodebench,improvement,max,2208,826,4,0.004842615012106538,0.9057177615571776,0.03318840579710145,6.853405797101449,6.28835916519165,2.6220433712005615,2.398266553878784,0.01990049751243781,4,4,580,0.6759467124938965,0.7369506359100342,0.5215882658958435,797
20,bigcodebench,improvement,max,5244,826,4,0.004842615012106538,0.7962287104622872,0.0598678675660383,12.362714652386908,7.437310695648193,3.159090518951416,2.3542568683624268,0.03482587064676617,4,1,437,0.779788076877594,0.6260423064231873,0.4453185200691223,797
21,bigcodebench,improvement,max,13404,826,4,0.004842615012106538,0.8083941605839416,0.03916375015748453,8.087314407520555,4.7173895835876465,2.0119690895080566,2.344663143157959,0.01990049751243781,4,3,622,0.7996092438697815,0.6005202531814575,0.42890334129333496,813
22,bigcodebench,improvement,early_max,8720,826,4,0.004842615012106538,0.6596715328467153,0.04047735380892361,8.358573561542725,2.6178226470947266,1.153266429901123,2.2699201107025146,0.03482587064676617,3,2,386,0.8670641779899597,0.4981963038444519,0.3649093508720398,504
23,bigcodebench,improvement,max,10417,826,4,0.004842615012106538,0.8245133819951338,0.03180260986016382,6.567238936123828,7.390311241149902,3.2602570056915283,2.2667880058288574,0.024875621890547265,4,3,586,0.7152072191238403,0.6989122629165649,0.4942384660243988,808
24,bigcodebench,improvement,early_max,970,826,4,0.004842615012106538,0.8388077858880778,0.025927934671369248,5.3541185096377495,5.203830718994141,2.30094838142395,2.2616026401519775,0.03482587064676617,4,4,502,0.7278845310211182,0.6856998801231384,0.4850788116455078,718
25,bigcodebench,improvement,max,13746,826,4,0.004842615012106538,0.7548661800486618,0.038421572933036316,7.934054810671999,5.022345066070557,2.240126132965088,2.2419919967651367,0.029850746268656716,4,2,665,0.5848886966705322,0.8111139535903931,0.5810260772705078,809
