rank,feature_id,orientation,summary,effect,null_sd,ev,abs_ev,support,minimum_support
1,7860,specialized_enriched,mean,2.413038492202759,0.23580043017864227,10.233392715454102,10.233392715454102,3,3
2,10173,base_enriched,mean,-1.4835925102233887,0.156382754445076,-9.486931800842285,9.486931800842285,3,3
3,8175,specialized_enriched,mean,0.6472082138061523,0.07326061278581619,8.83432674407959,8.83432674407959,4,3
4,553,specialized_enriched,mean,2.570496082305908,0.32310351729393005,7.9556427001953125,7.9556427001953125,3,3
5,7392,specialized_enriched,active_fraction,0.15782488882541656,0.02261827513575554,6.977759838104248,6.977759838104248,3,3
6,4663,specialized_enriched,mean,0.3015313744544983,0.04414016008377075,6.831225395202637,6.831225395202637,3,3
7,14636,base_enriched,max,-6.519084930419922,0.9987242817878723,-6.527411937713623,6.527411937713623,3,3
8,9293,base_enriched,mean,-1.4279037714004517,0.24619640409946442,-5.799856185913086,5.799856185913086,4,3
9,16304,base_enriched,mean,-1.1175167560577393,0.19358505308628082,-5.772742748260498,5.772742748260498,3,3
10,8088,specialized_enriched,active_fraction,0.21138788759708405,0.03668014332652092,5.763006210327148,5.763006210327148,3,3
11,12527,specialized_enriched,active_fraction,0.14129893481731415,0.025779571384191513,5.481042861938477,5.481042861938477,3,3
12,6839,specialized_enriched,mean,1.3814932107925415,0.262235164642334,5.268146514892578,5.268146514892578,3,3
13,1059,specialized_enriched,mean,0.8235295414924622,0.1568535417318344,5.250308990478516,5.250308990478516,3,3
14,1854,specialized_enriched,active_fraction,0.11850326508283615,0.023132340982556343,5.122839450836182,5.122839450836182,3,3
15,1908,base_enriched,active_fraction,-0.16670803725719452,0.03325450420379639,-5.013096332550049,5.013096332550049,3,3
16,8594,specialized_enriched,mean,0.9898759722709656,0.20333342254161835,4.8682403564453125,4.8682403564453125,3,3
17,8720,specialized_enriched,active_fraction,0.37862497568130493,0.07817630469799042,4.84321928024292,4.84321928024292,3,3
18,5290,specialized_enriched,mean,1.1526075601577759,0.2396824210882187,4.808894634246826,4.808894634246826,3,3
19,4126,base_enriched,active_fraction,-0.11768127977848053,0.0256629828363657,-4.585643291473389,4.585643291473389,3,3
20,945,base_enriched,active_fraction,-0.27213406562805176,0.06041108816862106,-4.504703998565674,4.504703998565674,3,3
21,5118,specialized_enriched,mean,1.2143323421478271,0.2741811275482178,4.4289422035217285,4.4289422035217285,3,3
22,8915,specialized_enriched,mean,0.7864033579826355,0.18074285984039307,4.350951194763184,4.350951194763184,4,3
23,10459,specialized_enriched,active_fraction,0.18642020225524902,0.04394940659403801,4.241700172424316,4.241700172424316,3,3
24,2911,specialized_enriched,mean,0.9249466061592102,0.21826720237731934,4.237680435180664,4.237680435180664,4,3
25,6938,specialized_enriched,active_fraction,0.2418486624956131,0.05796299874782562,4.172466278076172,4.172466278076172,3,3
26,231,specialized_enriched,mean,0.7786235213279724,0.190129354596138,4.095230579376221,4.095230579376221,3,3
27,631,specialized_enriched,mean,1.0833712816238403,0.2692524194717407,4.023626804351807,4.023626804351807,3,3
28,11896,base_enriched,active_fraction,-0.09942899644374847,0.025157082825899124,-3.9523260593414307,3.9523260593414307,4,3
29,8295,specialized_enriched,active_fraction,0.24567459523677826,0.0626571923494339,3.9209320545196533,3.9209320545196533,3,3
30,12944,base_enriched,active_fraction,-0.18195030093193054,0.046709273010492325,-3.895378589630127,3.895378589630127,3,3
31,9739,base_enriched,max,-8.452470779418945,2.181300401687622,-3.8749687671661377,3.8749687671661377,3,3
32,11866,base_enriched,max,-6.510195255279541,1.6850979328155518,-3.8633928298950195,3.8633928298950195,3,3
33,9178,base_enriched,max,-7.473372459411621,1.97504723072052,-3.783895492553711,3.783895492553711,3,3
34,8336,specialized_enriched,mean,1.0269850492477417,0.2737596035003662,3.7514119148254395,3.7514119148254395,3,3
35,91,specialized_enriched,mean,0.6291412115097046,0.1680421382188797,3.7439491748809814,3.7439491748809814,3,3
36,8973,specialized_enriched,active_fraction,0.1600678414106369,0.04316706582903862,3.7081010341644287,3.7081010341644287,3,3
37,254,specialized_enriched,active_fraction,0.2777763605117798,0.0753210186958313,3.687899589538574,3.687899589538574,3,3
38,10407,base_enriched,max,-7.690820217132568,2.108649253845215,-3.647273302078247,3.647273302078247,3,3
39,840,specialized_enriched,mean,0.48609602451324463,0.13384827971458435,3.6316943168640137,3.6316943168640137,3,3
40,204,specialized_enriched,active_fraction,0.07974929362535477,0.022685032337903976,3.515502691268921,3.515502691268921,3,3
41,15088,base_enriched,active_fraction,-0.07892634719610214,0.02255125716328621,-3.4998645782470703,3.4998645782470703,3,3
42,1370,specialized_enriched,active_fraction,0.08452711999416351,0.024507718160748482,3.449000120162964,3.449000120162964,3,3
43,4084,base_enriched,active_fraction,-0.2050352692604065,0.06036559119820595,-3.3965585231781006,3.3965585231781006,4,3
44,10860,base_enriched,max,-6.830379962921143,2.021388053894043,-3.379054307937622,3.379054307937622,3,3
45,8183,specialized_enriched,active_fraction,0.15996889770030975,0.047372762113809586,3.3768117427825928,3.3768117427825928,3,3
46,16203,base_enriched,active_fraction,-0.21679408848285675,0.0643746554851532,-3.3676931858062744,3.3676931858062744,3,3
47,1857,base_enriched,max,-2.662099838256836,0.7928633689880371,-3.357577085494995,3.357577085494995,3,3
48,713,base_enriched,active_fraction,-0.09595894068479538,0.028921304270625114,-3.317932605743408,3.317932605743408,3,3
49,8412,specialized_enriched,mean,0.6531872153282166,0.19880123436450958,3.2856295108795166,3.2856295108795166,4,3
50,7126,specialized_enriched,active_fraction,0.21722273528575897,0.06746742129325867,3.2196686267852783,3.2196686267852783,3,3
51,7080,specialized_enriched,active_fraction,0.14007270336151123,0.04377801716327667,3.199612855911255,3.199612855911255,4,3
52,5365,specialized_enriched,mean,0.2859432101249695,0.09007535874843597,3.1744887828826904,3.1744887828826904,3,3
53,14129,base_enriched,max,-4.990817070007324,1.5810534954071045,-3.1566402912139893,3.1566402912139893,3,3
54,3951,specialized_enriched,mean,0.7696376442909241,0.245658278465271,3.132960319519043,3.132960319519043,3,3
55,4284,base_enriched,active_fraction,-0.05642695724964142,0.018021445721387863,-3.1311004161834717,3.1311004161834717,3,3
56,1848,base_enriched,max,-5.433337688446045,1.7544459104537964,-3.0968966484069824,3.0968966484069824,3,3
57,4342,base_enriched,active_fraction,-0.04753492400050163,0.015410334803164005,-3.08461332321167,3.08461332321167,3,3
58,489,base_enriched,mean,-0.5465430021286011,0.17769776284694672,-3.075688600540161,3.075688600540161,3,3
59,4352,base_enriched,active_fraction,-0.09604531526565552,0.031475428491830826,-3.0514378547668457,3.0514378547668457,3,3
60,863,base_enriched,active_fraction,-0.11141050606966019,0.036560896784067154,-3.0472586154937744,3.0472586154937744,3,3
61,5886,specialized_enriched,active_fraction,0.16381321847438812,0.054280564188957214,3.0178983211517334,3.0178983211517334,3,3
62,10199,base_enriched,mean,-0.5535820722579956,0.18684636056423187,-2.962766170501709,2.962766170501709,3,3
63,3178,base_enriched,active_fraction,-0.14117461442947388,0.04774460569024086,-2.9568705558776855,2.9568705558776855,3,3
64,2108,specialized_enriched,active_fraction,0.14045903086662292,0.04770764708518982,2.944161891937256,2.944161891937256,3,3
65,535,specialized_enriched,mean,0.6976589560508728,0.23702119290828705,2.9434454441070557,2.9434454441070557,3,3
66,894,specialized_enriched,mean,0.6494471430778503,0.2243531048297882,2.894754409790039,2.894754409790039,3,3
67,15680,specialized_enriched,mean,0.5884908437728882,0.2047141045331955,2.8746960163116455,2.8746960163116455,4,3
68,2757,base_enriched,max,-4.805469989776611,1.6793783903121948,-2.861457586288452,2.861457586288452,3,3
69,8309,base_enriched,max,-7.237845420837402,2.5466456413269043,-2.842109441757202,2.842109441757202,3,3
70,9405,base_enriched,max,-4.169923782348633,1.4688290357589722,-2.83894419670105,2.83894419670105,4,3
71,120,specialized_enriched,active_fraction,0.042939189821481705,0.01528889685869217,2.808521032333374,2.808521032333374,3,3
72,16041,base_enriched,max,-5.610162734985352,2.008918285369873,-2.792628526687622,2.792628526687622,3,3
73,8203,specialized_enriched,active_fraction,0.08403343707323074,0.0301296878606081,2.789057731628418,2.789057731628418,3,3
74,13584,specialized_enriched,mean,1.2380013465881348,0.4593762159347534,2.6949617862701416,2.6949617862701416,3,3
75,15522,specialized_enriched,mean,0.571037232875824,0.2125118523836136,2.687084197998047,2.687084197998047,4,3
76,7097,specialized_enriched,mean,1.4956010580062866,0.556749165058136,2.686310291290283,2.686310291290283,4,3
77,12862,base_enriched,active_fraction,-0.1442514806985855,0.05377887934446335,-2.682307243347168,2.682307243347168,3,3
78,15137,base_enriched,max,-6.126749038696289,2.2865941524505615,-2.6794211864471436,2.6794211864471436,4,3
79,9182,specialized_enriched,active_fraction,0.2458876371383667,0.09203255921602249,2.671746253967285,2.671746253967285,3,3
80,8475,specialized_enriched,active_fraction,0.13674896955490112,0.05126770958304405,2.6673507690429688,2.6673507690429688,3,3
81,3211,specialized_enriched,mean,1.002790927886963,0.37625908851623535,2.665160655975342,2.665160655975342,3,3
82,15744,specialized_enriched,active_fraction,0.2000913918018341,0.07588894665241241,2.636634111404419,2.636634111404419,3,3
83,14083,base_enriched,max,-4.830357551574707,1.8401451110839844,-2.6249873638153076,2.6249873638153076,4,3
84,4634,base_enriched,max,-3.7974345684051514,1.4475659132003784,-2.623324155807495,2.623324155807495,4,3
85,1712,base_enriched,max,-4.829482078552246,1.8601068258285522,-2.596346616744995,2.596346616744995,4,3
86,9189,specialized_enriched,active_fraction,0.06093448027968407,0.023476775735616684,2.5955216884613037,2.5955216884613037,3,3
87,2208,specialized_enriched,mean,0.539061963558197,0.20807893574237823,2.590660810470581,2.590660810470581,4,3
88,5642,specialized_enriched,mean,2.8322222232818604,1.10012686252594,2.5744504928588867,2.5744504928588867,4,3
89,6918,base_enriched,max,-3.859609603881836,1.4993880987167358,-2.5741231441497803,2.5741231441497803,3,3
90,10922,base_enriched,max,-10.651687622070312,4.194707870483398,-2.539315700531006,2.539315700531006,3,3
91,13360,base_enriched,active_fraction,-0.09038306772708893,0.035922568291425705,-2.516052484512329,2.516052484512329,3,3
92,4236,base_enriched,max,-3.321422815322876,1.3340814113616943,-2.4896702766418457,2.4896702766418457,3,3
93,3255,specialized_enriched,active_fraction,0.15489250421524048,0.062276456505060196,2.487175941467285,2.487175941467285,4,3
94,9811,base_enriched,max,-11.256863594055176,4.53450345993042,-2.4824910163879395,2.4824910163879395,3,3
95,10187,specialized_enriched,mean,0.48159992694854736,0.19437389075756073,2.477698564529419,2.477698564529419,4,3
96,7481,base_enriched,max,-2.470916271209717,1.0029312372207642,-2.4636945724487305,2.4636945724487305,4,3
97,8858,base_enriched,mean,-0.5713708400726318,0.23197124898433685,-2.4631106853485107,2.4631106853485107,3,3
98,2228,specialized_enriched,active_fraction,0.24614113569259644,0.10045858472585678,2.4501752853393555,2.4501752853393555,4,3
99,10961,specialized_enriched,mean,0.3315277397632599,0.13559722900390625,2.4449448585510254,2.4449448585510254,3,3
100,13502,base_enriched,active_fraction,-0.1333075314760208,0.05570429190993309,-2.3931286334991455,2.3931286334991455,3,3
101,2004,specialized_enriched,active_fraction,0.15246795117855072,0.06388173997402191,2.3867218494415283,2.3867218494415283,3,3
102,8420,base_enriched,mean,-0.859837532043457,0.36181092262268066,-2.3764829635620117,2.3764829635620117,3,3
103,3122,specialized_enriched,mean,0.8995908498764038,0.37946954369544983,2.3706536293029785,2.3706536293029785,4,3
104,11016,base_enriched,mean,-0.5901702046394348,0.25019460916519165,-2.358844518661499,2.358844518661499,3,3
105,11784,specialized_enriched,active_fraction,0.21855950355529785,0.09327838569879532,2.343088388442993,2.343088388442993,4,3
106,386,specialized_enriched,mean,1.1289552450180054,0.4818478226661682,2.342970609664917,2.342970609664917,3,3
107,14673,base_enriched,max,-4.745942115783691,2.026646137237549,-2.341771364212036,2.341771364212036,4,3
108,12895,specialized_enriched,active_fraction,0.20134150981903076,0.08666173368692398,2.323303461074829,2.323303461074829,4,3
109,1651,specialized_enriched,mean,0.8838963508605957,0.38142406940460205,2.3173584938049316,2.3173584938049316,4,3
110,6681,base_enriched,max,-5.176499843597412,2.2523550987243652,-2.2982609272003174,2.2982609272003174,3,3
111,10040,specialized_enriched,mean,0.4805377721786499,0.21008804440498352,2.287316083908081,2.287316083908081,3,3
112,970,specialized_enriched,mean,0.834227979183197,0.3651876449584961,2.284381628036499,2.284381628036499,4,3
113,15818,base_enriched,active_fraction,-0.06238364800810814,0.02735234797000885,-2.2807419300079346,2.2807419300079346,4,3
114,1698,base_enriched,mean,-0.6370238661766052,0.2796425521373749,-2.2779934406280518,2.2779934406280518,3,3
115,10888,specialized_enriched,active_fraction,0.1883022040128708,0.08320588618516922,2.263087511062622,2.263087511062622,3,3
116,2695,specialized_enriched,active_fraction,0.1622660905122757,0.07193632423877716,2.255690574645996,2.255690574645996,3,3
117,15279,specialized_enriched,active_fraction,0.1273067742586136,0.05644310265779495,2.255488634109497,2.255488634109497,3,3
118,447,specialized_enriched,mean,1.3474335670471191,0.6111519932746887,2.2047438621520996,2.2047438621520996,3,3
119,10749,specialized_enriched,mean,0.43864673376083374,0.20142106711864471,2.177759885787964,2.177759885787964,4,3
120,5635,specialized_enriched,mean,0.17929887771606445,0.0824144259095192,2.1755764484405518,2.1755764484405518,3,3
121,2855,base_enriched,active_fraction,-0.09428080171346664,0.04335949197411537,-2.174398183822632,2.174398183822632,3,3
122,3057,specialized_enriched,mean,0.23338395357131958,0.1078338548541069,2.164292097091675,2.164292097091675,3,3
123,8825,base_enriched,max,-3.1303579807281494,1.4475414752960205,-2.162534236907959,2.162534236907959,4,3
124,827,base_enriched,max,-3.0250208377838135,1.4011701345443726,-2.1589248180389404,2.1589248180389404,4,3
125,13428,base_enriched,max,-4.068829536437988,1.9095268249511719,-2.130805015563965,2.130805015563965,4,3
126,16164,base_enriched,mean,-0.5636781454086304,0.2657397985458374,-2.1211657524108887,2.1211657524108887,4,3
127,15602,specialized_enriched,mean,0.4040949046611786,0.19189953804016113,2.1057627201080322,2.1057627201080322,3,3
128,3993,base_enriched,max,-4.484923839569092,2.130880832672119,-2.1047277450561523,2.1047277450561523,4,3
129,8049,specialized_enriched,mean,0.3343135118484497,0.16070716083049774,2.0802652835845947,2.0802652835845947,3,3
130,14364,base_enriched,max,-3.248403310775757,1.5642375946044922,-2.0766687393188477,2.0766687393188477,4,3
131,6498,base_enriched,active_fraction,-0.05913945659995079,0.028509093448519707,-2.074406862258911,2.074406862258911,3,3
132,6947,specialized_enriched,mean,0.8727449774742126,0.4238365590572357,2.059154510498047,2.059154510498047,3,3
133,9910,specialized_enriched,active_fraction,0.13204410672187805,0.06440779566764832,2.050126075744629,2.050126075744629,4,3
134,895,base_enriched,max,-2.7780094146728516,1.3565574884414673,-2.047837495803833,2.047837495803833,4,3
135,11003,base_enriched,max,-4.74048376083374,2.339975357055664,-2.025869131088257,2.025869131088257,4,3
136,8249,base_enriched,max,-3.696909189224243,1.8340200185775757,-2.0157408714294434,2.0157408714294434,3,3
137,1874,specialized_enriched,mean,0.5046164989471436,0.2504100799560547,2.01516056060791,2.01516056060791,4,3
138,4339,specialized_enriched,active_fraction,0.18051806092262268,0.08988413214683533,2.0083417892456055,2.0083417892456055,3,3
139,16351,specialized_enriched,mean,0.4692676365375519,0.23592354357242584,1.9890666007995605,1.9890666007995605,3,3
140,8590,base_enriched,active_fraction,-0.05161886662244797,0.026097264140844345,-1.977941632270813,1.977941632270813,3,3
141,4182,base_enriched,active_fraction,-0.08588504046201706,0.04362953081727028,-1.9685070514678955,1.9685070514678955,3,3
142,4381,specialized_enriched,active_fraction,0.07045744359493256,0.035882618278265,1.963553547859192,1.963553547859192,3,3
143,10968,base_enriched,max,-4.6937336921691895,2.3990418910980225,-1.9565033912658691,1.9565033912658691,4,3
144,10100,specialized_enriched,active_fraction,0.10596302151679993,0.055203020572662354,1.9195148944854736,1.9195148944854736,4,3
145,9578,specialized_enriched,active_fraction,0.10676258057355881,0.05581901967525482,1.9126559495925903,1.9126559495925903,3,3
146,16353,specialized_enriched,active_fraction,0.05291099101305008,0.027703365311026573,1.9099119901657104,1.9099119901657104,3,3
147,1797,specialized_enriched,active_fraction,0.11208976805210114,0.05913527309894562,1.8954806327819824,1.8954806327819824,4,3
148,12132,base_enriched,active_fraction,-0.09780338406562805,0.05167414993047714,-1.8926945924758911,1.8926945924758911,3,3
149,11625,base_enriched,max,-2.0466997623443604,1.0853739976882935,-1.885709285736084,1.885709285736084,3,3
150,2182,specialized_enriched,active_fraction,0.06575709581375122,0.03521129488945007,1.8675000667572021,1.8675000667572021,4,3
151,4021,specialized_enriched,active_fraction,0.09739803522825241,0.05242044851183891,1.858016014099121,1.858016014099121,3,3
152,14840,specialized_enriched,mean,0.6017532348632812,0.3242245316505432,1.855976939201355,1.855976939201355,4,3
153,6218,specialized_enriched,active_fraction,0.059367574751377106,0.0321321114897728,1.8476089239120483,1.8476089239120483,4,3
154,16207,base_enriched,max,-4.063779354095459,2.218806266784668,-1.8315160274505615,1.8315160274505615,4,3
155,1060,specialized_enriched,active_fraction,0.05768208205699921,0.03150041028857231,1.831153392791748,1.831153392791748,3,3
156,11610,specialized_enriched,mean,0.49753305315971375,0.2722568213939667,1.8274401426315308,1.8274401426315308,4,3
157,15627,specialized_enriched,active_fraction,0.1374526023864746,0.0756579041481018,1.8167645931243896,1.8167645931243896,4,3
158,5584,specialized_enriched,active_fraction,0.10344987362623215,0.05717303976416588,1.8094170093536377,1.8094170093536377,4,3
159,9966,base_enriched,active_fraction,-0.06656568497419357,0.036894381046295166,-1.804222822189331,1.804222822189331,3,3
160,6128,base_enriched,max,-2.5697641372680664,1.425829291343689,-1.802294373512268,1.802294373512268,4,3
161,8045,specialized_enriched,active_fraction,0.09128023684024811,0.050674986094236374,1.8012878894805908,1.8012878894805908,4,3
162,11868,specialized_enriched,active_fraction,0.05890442058444023,0.03278004005551338,1.7969599962234497,1.7969599962234497,4,3
163,507,base_enriched,active_fraction,-0.09570666402578354,0.05343811586499214,-1.7909812927246094,1.7909812927246094,4,3
164,2630,base_enriched,max,-1.0901187658309937,0.612647533416748,-1.7793571949005127,1.7793571949005127,3,3
165,2622,specialized_enriched,mean,0.6383095383644104,0.35917818546295166,1.7771389484405518,1.7771389484405518,4,3
166,15831,base_enriched,max,-2.937670946121216,1.6566420793533325,-1.7732683420181274,1.7732683420181274,3,3
167,5784,base_enriched,max,-1.510697603225708,0.8560956716537476,-1.7646363973617554,1.7646363973617554,3,3
168,5159,specialized_enriched,active_fraction,0.03920653834939003,0.022336140275001526,1.755295991897583,1.755295991897583,3,3
169,7145,base_enriched,active_fraction,-0.05680837854743004,0.0325302891433239,-1.7463226318359375,1.7463226318359375,3,3
170,14230,base_enriched,max,-3.736142873764038,2.143078088760376,-1.7433536052703857,1.7433536052703857,3,3
171,4661,base_enriched,max,-3.7295427322387695,2.1446304321289062,-1.7390141487121582,1.7390141487121582,3,3
172,1375,specialized_enriched,active_fraction,0.07758229970932007,0.044670961797237396,1.7367501258850098,1.7367501258850098,3,3
173,14409,specialized_enriched,active_fraction,0.06523469090461731,0.037639860063791275,1.7331278324127197,1.7331278324127197,3,3
174,12546,base_enriched,max,-4.865025997161865,2.8343470096588135,-1.7164539098739624,1.7164539098739624,4,3
175,14868,base_enriched,max,-2.87406325340271,1.6769012212753296,-1.7139133214950562,1.7139133214950562,4,3
176,1548,base_enriched,active_fraction,-0.0761948823928833,0.044652920216321945,-1.7063807249069214,1.7063807249069214,3,3
177,6494,base_enriched,max,-3.791145086288452,2.2248051166534424,-1.704034686088562,1.704034686088562,4,3
178,6572,specialized_enriched,active_fraction,0.13603921234607697,0.08001008629798889,1.7002757787704468,1.7002757787704468,3,3
179,1423,base_enriched,max,-2.572326183319092,1.517098069190979,-1.6955569982528687,1.6955569982528687,3,3
180,5336,base_enriched,active_fraction,-0.086525559425354,0.051156289875507355,-1.6913963556289673,1.6913963556289673,3,3
181,1317,base_enriched,max,-0.8772257566452026,0.5190394520759583,-1.6900945901870728,1.6900945901870728,4,3
182,3612,base_enriched,active_fraction,-0.19387470185756683,0.11521158367395401,-1.6827709674835205,1.6827709674835205,4,3
183,4897,specialized_enriched,active_fraction,0.0983518734574318,0.058476079255342484,1.681916356086731,1.681916356086731,3,3
184,13158,base_enriched,mean,-0.35442855954170227,0.21143870055675507,-1.6762709617614746,1.6762709617614746,3,3
185,15479,specialized_enriched,active_fraction,0.07541974633932114,0.04507415369153023,1.6732370853424072,1.6732370853424072,3,3
186,11208,specialized_enriched,active_fraction,0.10716380178928375,0.06417960673570633,1.6697485446929932,1.6697485446929932,3,3
187,13715,base_enriched,max,-2.384035110473633,1.4345605373382568,-1.6618574857711792,1.6618574857711792,3,3
188,942,specialized_enriched,active_fraction,0.11896470189094543,0.07195129245519638,1.653406023979187,1.653406023979187,3,3
189,15320,base_enriched,max,-1.690784215927124,1.028594732284546,-1.6437807083129883,1.6437807083129883,3,3
190,10380,base_enriched,active_fraction,-0.07523779571056366,0.04592680186033249,-1.6382111310958862,1.6382111310958862,3,3
191,5411,specialized_enriched,active_fraction,0.177586168050766,0.10843487828969955,1.6377218961715698,1.6377218961715698,4,3
192,15247,base_enriched,active_fraction,-0.05940267816185951,0.036309078335762024,-1.6360282897949219,1.6360282897949219,3,3
193,12671,base_enriched,max,-2.930562973022461,1.8090500831604004,-1.619945764541626,1.619945764541626,3,3
194,3060,specialized_enriched,active_fraction,0.07270022481679916,0.04491138830780983,1.6187480688095093,1.6187480688095093,3,3
195,3079,specialized_enriched,mean,0.22946469485759735,0.14234338700771332,1.6120502948760986,1.6120502948760986,3,3
196,7167,specialized_enriched,active_fraction,0.04802515357732773,0.029795141890645027,1.6118451356887817,1.6118451356887817,3,3
197,15736,base_enriched,max,-3.003523826599121,1.866683006286621,-1.6090165376663208,1.6090165376663208,4,3
198,10615,base_enriched,mean,-0.1960926353931427,0.12187500298023224,-1.6089651584625244,1.6089651584625244,3,3
199,11618,specialized_enriched,mean,0.5600359439849854,0.34815922379493713,1.608562707901001,1.608562707901001,4,3
200,7905,base_enriched,max,-4.434688091278076,2.7596588134765625,-1.6069697141647339,1.6069697141647339,3,3
201,14013,specialized_enriched,mean,0.35344943404197693,0.22229346632957458,1.5900126695632935,1.5900126695632935,3,3
202,1899,base_enriched,max,-1.8959262371063232,1.195177674293518,-1.586313247680664,1.586313247680664,3,3
203,10096,base_enriched,max,-2.1670124530792236,1.3669971227645874,-1.585235595703125,1.585235595703125,3,3
204,2889,base_enriched,max,-3.0242953300476074,1.9102351665496826,-1.5832058191299438,1.5832058191299438,3,3
205,5578,base_enriched,mean,-0.23941145837306976,0.15183894336223602,-1.5767461061477661,1.5767461061477661,3,3
206,15031,specialized_enriched,active_fraction,0.09077942371368408,0.05765470489859581,1.5745363235473633,1.5745363235473633,3,3
207,1126,base_enriched,max,-4.159014701843262,2.644076108932495,-1.5729557275772095,1.5729557275772095,3,3
208,7879,specialized_enriched,active_fraction,0.09152619540691376,0.058388601988554,1.5675352811813354,1.5675352811813354,4,3
209,11084,base_enriched,max,-3.122072696685791,1.9944462776184082,-1.5653831958770752,1.5653831958770752,3,3
210,5463,specialized_enriched,active_fraction,0.059314846992492676,0.03819437697529793,1.5529732704162598,1.5529732704162598,3,3
211,4759,specialized_enriched,active_fraction,0.1197398230433464,0.07715282589197159,1.5519822835922241,1.5519822835922241,3,3
212,11241,base_enriched,active_fraction,-0.04600859805941582,0.029716219753026962,-1.5482654571533203,1.5482654571533203,3,3
213,15069,base_enriched,max,-2.1760504245758057,1.4180139303207397,-1.534576177597046,1.534576177597046,3,3
214,10908,base_enriched,active_fraction,-0.03961187228560448,0.025919131934642792,-1.5282870531082153,1.5282870531082153,3,3
215,11229,base_enriched,active_fraction,-0.07476352900266647,0.048978932201862335,-1.5264426469802856,1.5264426469802856,4,3
216,4470,specialized_enriched,active_fraction,0.14580699801445007,0.09641050547361374,1.512355923652649,1.512355923652649,3,3
217,8109,base_enriched,active_fraction,-0.09001587331295013,0.06026763468980789,-1.4936022758483887,1.4936022758483887,3,3
218,9736,base_enriched,max,-2.335845947265625,1.5723742246627808,-1.485553503036499,1.485553503036499,4,3
219,2371,base_enriched,max,-3.5521345138549805,2.392723321914673,-1.4845571517944336,1.4845571517944336,4,3
220,9451,specialized_enriched,active_fraction,0.055304329842329025,0.037303145974874496,1.4825648069381714,1.4825648069381714,3,3
221,528,base_enriched,max,-1.9027364253997803,1.2868318557739258,-1.4786208868026733,1.4786208868026733,3,3
222,5539,base_enriched,max,-3.1596169471740723,2.1510367393493652,-1.4688810110092163,1.4688810110092163,3,3
223,6214,base_enriched,max,-4.8484296798706055,3.303067445755005,-1.4678566455841064,1.4678566455841064,3,3
224,9929,base_enriched,max,-2.7802343368530273,1.911723256111145,-1.4543079137802124,1.4543079137802124,3,3
225,8167,base_enriched,max,-2.233583688735962,1.5377122163772583,-1.4525368213653564,1.4525368213653564,4,3
226,6901,base_enriched,max,-4.600170135498047,3.1705055236816406,-1.450926423072815,1.450926423072815,4,3
227,5126,base_enriched,active_fraction,-0.08672196418046951,0.05986452102661133,-1.4486370086669922,1.4486370086669922,3,3
228,10845,specialized_enriched,active_fraction,0.12026257067918777,0.08311129361391068,1.447006344795227,1.447006344795227,3,3
229,2572,specialized_enriched,active_fraction,0.10879255086183548,0.07526776939630508,1.4454069137573242,1.4454069137573242,3,3
230,1231,specialized_enriched,mean,0.8304476737976074,0.5776321291923523,1.4376757144927979,1.4376757144927979,4,3
231,8070,base_enriched,active_fraction,-0.11333037912845612,0.080010786652565,-1.4164386987686157,1.4164386987686157,4,3
232,16277,specialized_enriched,mean,0.5246616005897522,0.37224337458610535,1.4094585180282593,1.4094585180282593,4,3
233,955,base_enriched,max,-1.3567105531692505,0.9836615324020386,-1.3792452812194824,1.3792452812194824,3,3
234,3170,specialized_enriched,active_fraction,0.09286674112081528,0.06777897477149963,1.370140790939331,1.370140790939331,3,3
235,4670,specialized_enriched,active_fraction,0.07148483395576477,0.052234798669815063,1.368528962135315,1.368528962135315,3,3
236,4811,specialized_enriched,mean,0.29193082451820374,0.21471336483955383,1.3596304655075073,1.3596304655075073,3,3
237,1974,base_enriched,active_fraction,-0.06068309023976326,0.045021988451480865,-1.347854495048523,1.347854495048523,3,3
238,1852,base_enriched,max,-1.7917397022247314,1.3296359777450562,-1.3475415706634521,1.3475415706634521,3,3
239,14518,base_enriched,active_fraction,-0.19633181393146515,0.14579741656780243,-1.346606969833374,1.346606969833374,4,3
240,13789,base_enriched,max,-1.2391681671142578,0.9202548861503601,-1.3465489149093628,1.3465489149093628,4,3
241,10549,specialized_enriched,active_fraction,0.10596777498722076,0.07904326915740967,1.3406299352645874,1.3406299352645874,4,3
242,16281,base_enriched,max,-3.866154432296753,2.886113405227661,-1.339571237564087,1.339571237564087,4,3
243,11046,base_enriched,max,-4.407782554626465,3.331758975982666,-1.3229596614837646,1.3229596614837646,3,3
244,7915,base_enriched,max,-1.2465507984161377,0.9446436166763306,-1.3195990324020386,1.3195990324020386,4,3
245,4210,specialized_enriched,active_fraction,0.10486242175102234,0.0795421227812767,1.3183256387710571,1.3183256387710571,3,3
246,8148,specialized_enriched,active_fraction,0.059738751500844955,0.04539339616894722,1.3160229921340942,1.3160229921340942,3,3
247,1521,base_enriched,max,-4.032125473022461,3.0810482501983643,-1.3086862564086914,1.3086862564086914,3,3
248,14859,base_enriched,max,-2.0566790103912354,1.5725699663162231,-1.3078458309173584,1.3078458309173584,4,3
249,13595,specialized_enriched,active_fraction,0.10031881928443909,0.07681560516357422,1.30596923828125,1.30596923828125,3,3
250,13614,base_enriched,active_fraction,-0.03806500881910324,0.029181862249970436,-1.3044064044952393,1.3044064044952393,3,3
251,5192,specialized_enriched,active_fraction,0.11508969217538834,0.08828463405370712,1.3036209344863892,1.3036209344863892,4,3
252,10991,specialized_enriched,active_fraction,0.08567201346158981,0.06620168685913086,1.2941062450408936,1.2941062450408936,3,3
253,14817,specialized_enriched,mean,0.36477693915367126,0.282757967710495,1.2900677919387817,1.2900677919387817,3,3
254,13859,specialized_enriched,mean,0.25408539175987244,0.19815072417259216,1.2822834253311157,1.2822834253311157,3,3
255,8665,specialized_enriched,active_fraction,0.05839606374502182,0.04561449587345123,1.2802084684371948,1.2802084684371948,3,3
256,16047,specialized_enriched,active_fraction,0.0673043355345726,0.05296708643436432,1.2706822156906128,1.2706822156906128,3,3
257,2991,base_enriched,active_fraction,-0.031147466972470284,0.02459009177982807,-1.266667366027832,1.266667366027832,3,3
258,5923,specialized_enriched,max,0.9640887379646301,0.7611833810806274,1.2665656805038452,1.2665656805038452,3,3
259,5534,specialized_enriched,mean,0.469014436006546,0.3713216483592987,1.2630947828292847,1.2630947828292847,4,3
260,7154,base_enriched,mean,-0.17748714983463287,0.14083419740200043,-1.260256052017212,1.260256052017212,4,3
261,11690,base_enriched,active_fraction,-0.0822199285030365,0.06527543812990189,-1.2595844268798828,1.2595844268798828,4,3
262,785,base_enriched,max,-1.5966241359710693,1.2738630771636963,-1.2533718347549438,1.2533718347549438,4,3
263,11535,base_enriched,active_fraction,-0.0656014159321785,0.0524870939552784,-1.249858021736145,1.249858021736145,3,3
264,4433,specialized_enriched,active_fraction,0.03239527344703674,0.02594692073762417,1.2485209703445435,1.2485209703445435,3,3
265,9597,specialized_enriched,mean,0.4100550413131714,0.3287970721721649,1.247137188911438,1.247137188911438,3,3
266,2374,base_enriched,max,-3.287722110748291,2.645179033279419,-1.2429109811782837,1.2429109811782837,4,3
267,144,base_enriched,max,-1.4351394176483154,1.1595526933670044,-1.237666368484497,1.237666368484497,4,3
268,5498,base_enriched,active_fraction,-0.03767762705683708,0.030508214607834816,-1.234999418258667,1.234999418258667,3,3
269,8860,specialized_enriched,active_fraction,0.1104569137096405,0.09001749753952026,1.2270604372024536,1.2270604372024536,3,3
270,11396,specialized_enriched,active_fraction,0.06169113516807556,0.050420064479112625,1.223543405532837,1.223543405532837,3,3
271,6329,base_enriched,max,-3.038806438446045,2.505260944366455,-1.2129700183868408,1.2129700183868408,4,3
272,11596,base_enriched,max,-0.8253111243247986,0.683623194694519,-1.207260251045227,1.207260251045227,4,3
273,9849,base_enriched,mean,-0.30316755175590515,0.25273633003234863,-1.1995408535003662,1.1995408535003662,4,3
274,11449,specialized_enriched,active_fraction,0.027130136266350746,0.02278369851410389,1.1907696723937988,1.1907696723937988,3,3
275,13912,base_enriched,max,-3.698845148086548,3.1214988231658936,-1.1849581003189087,1.1849581003189087,4,3
276,15507,base_enriched,max,-1.9537487030029297,1.652787208557129,-1.1820932626724243,1.1820932626724243,4,3
277,10337,base_enriched,max,-2.7687056064605713,2.3472161293029785,-1.179569959640503,1.179569959640503,4,3
278,5057,base_enriched,max,-2.1281790733337402,1.8062291145324707,-1.1782442331314087,1.1782442331314087,4,3
279,11216,base_enriched,active_fraction,-0.05784196779131889,0.04913819581270218,-1.1771284341812134,1.1771284341812134,3,3
280,485,specialized_enriched,mean,0.2854432463645935,0.24329139292240143,1.1732566356658936,1.1732566356658936,3,3
281,5819,base_enriched,max,-1.517944097518921,1.294169306755066,-1.1729099750518799,1.1729099750518799,4,3
282,11465,base_enriched,max,-1.4272092580795288,1.217559576034546,-1.172188401222229,1.172188401222229,3,3
283,15533,specialized_enriched,mean,0.2097702920436859,0.18288207054138184,1.1470248699188232,1.1470248699188232,4,3
284,4185,base_enriched,max,-1.5333843231201172,1.34192955493927,-1.1426712274551392,1.1426712274551392,4,3
285,1664,base_enriched,max,-2.0612144470214844,1.8096171617507935,-1.1390334367752075,1.1390334367752075,4,3
286,7349,base_enriched,max,-1.9960660934448242,1.7542214393615723,-1.137864351272583,1.137864351272583,4,3
287,11958,specialized_enriched,active_fraction,0.062339503318071365,0.05482594668865204,1.137043833732605,1.137043833732605,3,3
288,7581,specialized_enriched,max,2.299009323120117,2.0221121311187744,1.1369346380233765,1.1369346380233765,3,3
289,4313,base_enriched,max,-2.90010142326355,2.5516209602355957,-1.136572241783142,1.136572241783142,3,3
290,9660,base_enriched,active_fraction,-0.06244223192334175,0.05548795312643051,-1.1253294944763184,1.1253294944763184,4,3
291,15457,specialized_enriched,active_fraction,0.07515020668506622,0.06688421964645386,1.1235865354537964,1.1235865354537964,3,3
292,14821,base_enriched,max,-1.7098629474639893,1.5218807458877563,-1.1235196590423584,1.1235196590423584,4,3
293,5044,specialized_enriched,active_fraction,0.03330813720822334,0.02980947121977806,1.1173676252365112,1.1173676252365112,3,3
294,14555,base_enriched,active_fraction,-0.05945252999663353,0.05321631580591202,-1.117186188697815,1.117186188697815,3,3
295,7076,base_enriched,max,-1.7321255207061768,1.5723938941955566,-1.101585030555725,1.101585030555725,3,3
296,9337,base_enriched,max,-0.6785980463027954,0.6176177859306335,-1.0987346172332764,1.0987346172332764,3,3
297,1373,base_enriched,max,-1.360835075378418,1.247097134590149,-1.0912021398544312,1.0912021398544312,3,3
298,1030,base_enriched,max,-0.7624689936637878,0.702013373374939,-1.0861175060272217,1.0861175060272217,3,3
299,9605,base_enriched,max,-0.892971396446228,0.8239021897315979,-1.083831787109375,1.083831787109375,3,3
300,533,base_enriched,max,-1.6942949295043945,1.5644053220748901,-1.0830280780792236,1.0830280780792236,4,3
301,10219,base_enriched,max,-4.273890018463135,3.9512224197387695,-1.0816627740859985,1.0816627740859985,3,3
302,12229,base_enriched,active_fraction,-0.032725777477025986,0.030325207859277725,-1.0791608095169067,1.0791608095169067,3,3
303,10196,base_enriched,max,-0.9688705801963806,0.901858389377594,-1.0743045806884766,1.0743045806884766,3,3
304,10381,specialized_enriched,active_fraction,0.04636571556329727,0.04319450259208679,1.073417067527771,1.073417067527771,3,3
305,12797,base_enriched,active_fraction,-0.044463906437158585,0.041441041976213455,-1.0729436874389648,1.0729436874389648,3,3
306,8313,base_enriched,max,-0.881098747253418,0.8281878232955933,-1.063887596130371,1.063887596130371,4,3
307,9710,base_enriched,max,-2.37338924407959,2.232703447341919,-1.0630114078521729,1.0630114078521729,4,3
308,11580,base_enriched,max,-2.672551155090332,2.5346148014068604,-1.054421067237854,1.054421067237854,4,3
309,2031,specialized_enriched,mean,0.2052122801542282,0.19489765167236328,1.052923321723938,1.052923321723938,3,3
310,9556,base_enriched,max,-2.3180909156799316,2.208139657974243,-1.0497936010360718,1.0497936010360718,3,3
311,3618,base_enriched,max,-1.513579249382019,1.4426405429840088,-1.0491728782653809,1.0491728782653809,4,3
312,9459,specialized_enriched,active_fraction,0.05235401913523674,0.05014955997467041,1.0439577102661133,1.0439577102661133,3,3
313,2750,base_enriched,max,-1.5735406875610352,1.509223461151123,-1.0426161289215088,1.0426161289215088,3,3
314,10648,base_enriched,max,-3.1648824214935303,3.043074607849121,-1.0400278568267822,1.0400278568267822,3,3
315,14225,base_enriched,max,-1.8575127124786377,1.7933917045593262,-1.0357540845870972,1.0357540845870972,3,3
316,15735,specialized_enriched,mean,0.18944710493087769,0.18312157690525055,1.0345427989959717,1.0345427989959717,4,3
317,7299,specialized_enriched,active_fraction,0.05106274038553238,0.04952205717563629,1.0311110019683838,1.0311110019683838,4,3
318,13704,specialized_enriched,mean,0.22891615331172943,0.22312574088573456,1.0259513854980469,1.0259513854980469,3,3
319,6687,specialized_enriched,active_fraction,0.12245990335941315,0.11958590894937515,1.0240328311920166,1.0240328311920166,4,3
320,13457,base_enriched,max,-0.9148350358009338,0.8969218730926514,-1.0199718475341797,1.0199718475341797,4,3
321,14460,specialized_enriched,active_fraction,0.13317327201366425,0.1305830329656601,1.0198359489440918,1.0198359489440918,4,3
322,9247,base_enriched,max,-3.4317314624786377,3.3716042041778564,-1.0178334712982178,1.0178334712982178,3,3
323,5626,base_enriched,max,-4.948324203491211,4.894699573516846,-1.0109556913375854,1.0109556913375854,3,3
324,9163,base_enriched,max,-2.4866907596588135,2.4606642723083496,-1.0105769634246826,1.0105769634246826,3,3
325,11207,specialized_enriched,active_fraction,0.03767276182770729,0.037376463413238525,1.007927417755127,1.007927417755127,3,3
326,16125,base_enriched,max,-1.343157410621643,1.34120512008667,-1.0014556646347046,1.0014556646347046,3,3
327,5101,base_enriched,active_fraction,-0.036536891013383865,0.03660360723733902,-0.9981773495674133,0.9981773495674133,3,3
328,14194,base_enriched,active_fraction,-0.05392966419458389,0.05419132858514786,-0.9951714873313904,0.9951714873313904,3,3
329,965,base_enriched,max,-1.7937320470809937,1.8053390979766846,-0.9935706853866577,0.9935706853866577,3,3
330,9139,base_enriched,active_fraction,-0.027910877019166946,0.02828543819487095,-0.9867578148841858,0.9867578148841858,3,3
331,2326,base_enriched,max,-1.7514045238494873,1.7784416675567627,-0.9847972989082336,0.9847972989082336,3,3
332,619,base_enriched,max,-1.659468173980713,1.688091516494751,-0.9830439686775208,0.9830439686775208,4,3
333,13329,base_enriched,max,-2.597590446472168,2.6453564167022705,-0.9819434881210327,0.9819434881210327,3,3
334,10661,base_enriched,max,-2.1146514415740967,2.161097526550293,-0.9785081148147583,0.9785081148147583,4,3
335,11037,base_enriched,max,-2.31487774848938,2.376948833465576,-0.973886251449585,0.973886251449585,4,3
336,7483,base_enriched,max,-1.897817611694336,1.951117753982544,-0.9726822376251221,0.9726822376251221,3,3
337,5441,base_enriched,active_fraction,-0.0393659844994545,0.04124154523015022,-0.9545225501060486,0.9545225501060486,3,3
338,14359,specialized_enriched,active_fraction,0.043050289154052734,0.04533199593424797,0.9496667385101318,0.9496667385101318,4,3
339,5643,specialized_enriched,active_fraction,0.09414129704236984,0.09966091066598892,0.9446160793304443,0.9446160793304443,3,3
340,2567,specialized_enriched,active_fraction,0.03894413262605667,0.041738878935575485,0.9330421090126038,0.9330421090126038,3,3
341,538,specialized_enriched,active_fraction,0.06726545840501785,0.0730815902352333,0.9204159379005432,0.9204159379005432,4,3
342,4950,specialized_enriched,active_fraction,0.033975325524806976,0.0369400717318058,0.9197417497634888,0.9197417497634888,3,3
343,7966,base_enriched,max,-2.4602932929992676,2.6804683208465576,-0.9178594946861267,0.9178594946861267,4,3
344,9425,base_enriched,active_fraction,-0.05535300076007843,0.060404129326343536,-0.9163777828216553,0.9163777828216553,3,3
345,6913,specialized_enriched,active_fraction,0.049802616238594055,0.054377976804971695,0.9158600568771362,0.9158600568771362,3,3
346,11272,base_enriched,active_fraction,-0.027873408049345016,0.030630186200141907,-0.9099979996681213,0.9099979996681213,3,3
347,4075,specialized_enriched,active_fraction,0.04474121332168579,0.04953569173812866,0.9032116532325745,0.9032116532325745,4,3
348,13934,base_enriched,max,-1.9630260467529297,2.179532051086426,-0.9006639719009399,0.9006639719009399,4,3
349,1083,specialized_enriched,mean,0.3841291666030884,0.42680978775024414,0.900000810623169,0.900000810623169,3,3
350,6882,base_enriched,max,-1.7848634719848633,1.9865388870239258,-0.8984789848327637,0.8984789848327637,3,3
351,6933,specialized_enriched,active_fraction,0.04132861644029617,0.046142760664224625,0.8956685066223145,0.8956685066223145,4,3
352,2020,base_enriched,active_fraction,-0.03748689219355583,0.04201048985123634,-0.8923221826553345,0.8923221826553345,4,3
353,14491,base_enriched,max,-0.8170843124389648,0.9304545521736145,-0.8781560659408569,0.8781560659408569,4,3
354,7085,base_enriched,max,-1.1438950300216675,1.304409146308899,-0.8769449591636658,0.8769449591636658,4,3
355,9135,base_enriched,max,-0.6850930452346802,0.7927885055541992,-0.8641561269760132,0.8641561269760132,3,3
356,10502,specialized_enriched,active_fraction,0.04984793812036514,0.057800281792879105,0.8624168634414673,0.8624168634414673,4,3
357,6629,specialized_enriched,active_fraction,0.07832729816436768,0.0923871099948883,0.8478162884712219,0.8478162884712219,4,3
358,3812,base_enriched,max,-1.3696924448013306,1.6431794166564941,-0.8335623145103455,0.8335623145103455,3,3
359,13371,base_enriched,max,-1.4205955266952515,1.717726707458496,-0.8270207047462463,0.8270207047462463,3,3
360,16154,specialized_enriched,mean,0.16541558504104614,0.20020531117916107,0.8262297511100769,0.8262297511100769,4,3
361,12431,base_enriched,active_fraction,-0.02268112264573574,0.027766861021518707,-0.8168414235115051,0.8168414235115051,3,3
362,14937,base_enriched,max,-0.8764393329620361,1.0748443603515625,-0.8154104351997375,0.8154104351997375,3,3
363,4159,specialized_enriched,mean,0.1437888890504837,0.1779824048280716,0.8078826069831848,0.8078826069831848,3,3
364,1994,base_enriched,active_fraction,-0.027969276532530785,0.03484105318784714,-0.802767813205719,0.802767813205719,3,3
365,14829,base_enriched,max,-0.6695740818977356,0.8359888792037964,-0.8009365797042847,0.8009365797042847,4,3
366,10780,specialized_enriched,active_fraction,0.03853321447968483,0.04816877841949463,0.7999624609947205,0.7999624609947205,3,3
367,1833,base_enriched,max,-2.6455814838409424,3.3444266319274902,-0.7910418510437012,0.7910418510437012,4,3
368,11119,specialized_enriched,active_fraction,0.03985343128442764,0.05044038966298103,0.7901095151901245,0.7901095151901245,4,3
369,13978,specialized_enriched,active_fraction,0.02722824178636074,0.0345984548330307,0.786978542804718,0.786978542804718,3,3
370,478,specialized_enriched,mean,0.43105366826057434,0.554222583770752,0.7777627110481262,0.7777627110481262,3,3
371,15367,base_enriched,max,-1.1895419359207153,1.5455739498138428,-0.7696441411972046,0.7696441411972046,3,3
372,6245,base_enriched,max,-3.429689884185791,4.4838175773620605,-0.7649039626121521,0.7649039626121521,3,3
373,2187,base_enriched,active_fraction,-0.0403936542570591,0.05323048681020737,-0.7588443756103516,0.7588443756103516,3,3
374,4089,base_enriched,active_fraction,-0.031293343752622604,0.04180607944726944,-0.748535692691803,0.748535692691803,3,3
375,11252,base_enriched,max,-1.0391188859939575,1.400615930557251,-0.7419013977050781,0.7419013977050781,3,3
376,2994,base_enriched,max,-0.821867048740387,1.112082839012146,-0.7390339970588684,0.7390339970588684,3,3
377,4239,specialized_enriched,mean,0.11687277257442474,0.15902253985404968,0.7349447011947632,0.7349447011947632,3,3
378,5120,specialized_enriched,active_fraction,0.026569338515400887,0.037784378975629807,0.7031831741333008,0.7031831741333008,4,3
379,15041,specialized_enriched,active_fraction,0.02893875725567341,0.04117247462272644,0.7028666138648987,0.7028666138648987,3,3
380,2268,specialized_enriched,active_fraction,0.05750841647386551,0.08197387307882309,0.7015456557273865,0.7015456557273865,3,3
381,14832,base_enriched,max,-1.360914945602417,1.9550085067749023,-0.6961171627044678,0.6961171627044678,3,3
382,29,base_enriched,max,-1.0125069618225098,1.5104329586029053,-0.670342206954956,0.670342206954956,3,3
383,7000,base_enriched,max,-1.2860983610153198,1.9207416772842407,-0.6695842146873474,0.6695842146873474,3,3
384,10193,specialized_enriched,active_fraction,0.026031170040369034,0.038940224796533585,0.668490469455719,0.668490469455719,3,3
385,12500,specialized_enriched,active_fraction,0.0310447309166193,0.0470232218503952,0.6601999998092651,0.6601999998092651,3,3
386,4863,base_enriched,mean,-0.18350283801555634,0.27892717719078064,-0.6578879952430725,0.6578879952430725,3,3
387,9353,specialized_enriched,active_fraction,0.05819786712527275,0.08847308158874512,0.6578031182289124,0.6578031182289124,3,3
388,4738,base_enriched,max,-2.1048812866210938,3.2559096813201904,-0.6464802622795105,0.6464802622795105,3,3
389,5691,base_enriched,max,-1.5757040977478027,2.5387728214263916,-0.6206558346748352,0.6206558346748352,3,3
390,4479,specialized_enriched,active_fraction,0.030258001759648323,0.049187686294317245,0.615153968334198,0.615153968334198,4,3
391,10586,specialized_enriched,active_fraction,0.026633771136403084,0.04345591738820076,0.612891674041748,0.612891674041748,3,3
392,7744,base_enriched,max,-0.7300612926483154,1.2389781475067139,-0.5892446637153625,0.5892446637153625,4,3
393,1882,base_enriched,max,-0.9727522134780884,1.6744014024734497,-0.5809552073478699,0.5809552073478699,3,3
394,1602,base_enriched,max,-1.5003448724746704,2.596874475479126,-0.5777502655982971,0.5777502655982971,3,3
395,10554,specialized_enriched,mean,0.20173095166683197,0.35100558400154114,0.5747228860855103,0.5747228860855103,3,3
396,3636,base_enriched,active_fraction,-0.030497437343001366,0.05471555516123772,-0.5573815107345581,0.5573815107345581,3,3
397,1777,base_enriched,active_fraction,-0.027142081409692764,0.048724133521318436,-0.557056188583374,0.557056188583374,3,3
398,9219,base_enriched,max,-0.7300137281417847,1.3576127290725708,-0.537718653678894,0.537718653678894,3,3
399,10733,base_enriched,max,-0.6123709082603455,1.1521010398864746,-0.5315253734588623,0.5315253734588623,3,3
400,10396,base_enriched,active_fraction,-0.011085147969424725,0.0210008192807436,-0.5278435945510864,0.5278435945510864,3,3
401,13384,base_enriched,max,-1.3198996782302856,2.512951374053955,-0.5252388715744019,0.5252388715744019,3,3
402,10512,specialized_enriched,mean,0.21665889024734497,0.41445910930633545,0.5227509140968323,0.5227509140968323,4,3
403,8346,base_enriched,max,-1.2124935388565063,2.325115203857422,-0.5214767456054688,0.5214767456054688,3,3
404,11527,base_enriched,max,-0.29753434658050537,0.5808392763137817,-0.5122489929199219,0.5122489929199219,3,3
405,10009,base_enriched,active_fraction,-0.020713286474347115,0.04148944839835167,-0.49924227595329285,0.49924227595329285,4,3
406,5225,base_enriched,max,-0.6184697151184082,1.241209864616394,-0.49827972054481506,0.49827972054481506,3,3
407,16058,specialized_enriched,active_fraction,0.019891168922185898,0.03995726630091667,0.49781104922294617,0.49781104922294617,3,3
408,11579,base_enriched,max,-1.1203049421310425,2.2564995288848877,-0.4964791238307953,0.4964791238307953,3,3
409,12529,base_enriched,active_fraction,-0.009230797179043293,0.018664594739675522,-0.4945618808269501,0.4945618808269501,3,3
410,9342,base_enriched,max,-0.6694602966308594,1.356705904006958,-0.49344539642333984,0.49344539642333984,3,3
411,12725,base_enriched,max,-0.3383496403694153,0.7042031288146973,-0.4804716408252716,0.4804716408252716,3,3
412,7781,base_enriched,max,-4.652905464172363,9.787540435791016,-0.4753906726837158,0.4753906726837158,3,3
413,6548,specialized_enriched,mean,0.1901472508907318,0.40083715319633484,0.47437530755996704,0.47437530755996704,3,3
414,8046,base_enriched,max,-0.780415415763855,1.6474876403808594,-0.47370031476020813,0.47370031476020813,3,3
415,12038,specialized_enriched,active_fraction,0.024714486673474312,0.05282828211784363,0.46782681345939636,0.46782681345939636,3,3
416,10980,base_enriched,max,-0.615097165107727,1.3214855194091797,-0.46545886993408203,0.46545886993408203,3,3
417,6875,specialized_enriched,active_fraction,0.018963871523737907,0.0408519022166729,0.46421024203300476,0.46421024203300476,3,3
418,3914,base_enriched,max,-0.8707670569419861,1.8826217651367188,-0.46252894401550293,0.46252894401550293,3,3
419,3531,specialized_enriched,active_fraction,0.022590814158320427,0.048936087638139725,0.4616391658782959,0.4616391658782959,3,3
420,9728,base_enriched,max,-0.48204705119132996,1.0502293109893799,-0.4589921832084656,0.4589921832084656,3,3
421,12595,base_enriched,max,-0.984066367149353,2.1519644260406494,-0.457287460565567,0.457287460565567,3,3
422,1895,base_enriched,active_fraction,-0.02932095155119896,0.06432195752859116,-0.4558466970920563,0.4558466970920563,3,3
423,2038,base_enriched,max,-1.1096012592315674,2.489877700805664,-0.44564488530158997,0.44564488530158997,3,3
424,13115,base_enriched,max,-0.6683863401412964,1.6495829820632935,-0.4051850438117981,0.4051850438117981,3,3
425,16270,base_enriched,max,-0.7298129796981812,1.8029437065124512,-0.40478965640068054,0.40478965640068054,3,3
426,8138,base_enriched,max,-0.38264143466949463,0.9509049654006958,-0.40239712595939636,0.40239712595939636,3,3
427,5903,specialized_enriched,active_fraction,0.017119599506258965,0.04298032075166702,0.398312509059906,0.398312509059906,3,3
428,10085,base_enriched,active_fraction,-0.01709882915019989,0.045502670109272,-0.37577638030052185,0.37577638030052185,4,3
429,1241,base_enriched,max,-0.517582893371582,1.4160261154174805,-0.36551791429519653,0.36551791429519653,3,3
430,5556,base_enriched,max,-0.6681778430938721,1.866881012916565,-0.3579113185405731,0.3579113185405731,3,3
431,15163,base_enriched,mean,-0.09804356843233109,0.2766695022583008,-0.35437071323394775,0.35437071323394775,4,3
432,3487,base_enriched,active_fraction,-0.025703273713588715,0.07485271245241165,-0.34338465332984924,0.34338465332984924,4,3
433,1419,base_enriched,max,-0.880660355091095,2.7090389728546143,-0.3250822126865387,0.3250822126865387,3,3
434,6212,base_enriched,active_fraction,-0.015533911064267159,0.05376406013965607,-0.2889274060726166,0.2889274060726166,3,3
435,5492,base_enriched,active_fraction,-0.014877820387482643,0.05915924906730652,-0.2514876425266266,0.2514876425266266,3,3
436,1350,specialized_enriched,mean,0.045262135565280914,0.18134690821170807,0.24958868324756622,0.24958868324756622,3,3
437,5930,base_enriched,max,-0.5392478704452515,2.220010280609131,-0.24290332198143005,0.24290332198143005,4,3
438,13462,specialized_enriched,mean,0.10478454828262329,0.4386395812034607,0.238885298371315,0.238885298371315,4,3
439,5974,base_enriched,max,-0.6223138570785522,2.8938822746276855,-0.21504463255405426,0.21504463255405426,3,3
440,6086,specialized_enriched,mean,0.026948776096105576,0.13761313259601593,0.19582997262477875,0.19582997262477875,3,3
441,5029,specialized_enriched,mean,0.04186151176691055,0.21934719383716583,0.19084589183330536,0.19084589183330536,3,3
442,160,base_enriched,max,-0.4106290936470032,2.2114481925964355,-0.18568333983421326,0.18568333983421326,3,3
443,7302,specialized_enriched,mean,0.0841478779911995,0.45542651414871216,0.18476718664169312,0.18476718664169312,3,3
444,12762,specialized_enriched,mean,0.03715737909078598,0.21822959184646606,0.17026737332344055,0.17026737332344055,3,3
445,10802,base_enriched,active_fraction,-0.005170557647943497,0.03605654835700989,-0.1434013545513153,0.1434013545513153,3,3
