case_id,transition,category,aggregation,top_feature_id,pr_auc,roc_auc,normalized_pr_effect,effect_to_variability,p_maxT,difference_count
codellama_base_finetuned_layer16__bigcodebench__layer16__paired_transitions,fail_to_pass,variant_decrease_associated_with_improvement,p50,15944,0.285658179175529,0.5997519334597986,0.1595304098485758,8.6847596917955,1.0,990
codellama_base_finetuned_layer16__bigcodebench__layer16__paired_transitions,fail_to_pass,variant_decrease_associated_with_improvement,p60,11426,0.2706087040855066,0.6291405223989494,0.1418237240685013,8.246120944499635,1.0,990
codellama_base_finetuned_layer16__bigcodebench__layer16__paired_transitions,fail_to_pass,variant_decrease_associated_with_improvement,p70,11426,0.2723995734853075,0.6228221216985262,0.143930798338251,8.040635919378728,1.0,990
codellama_base_finetuned_layer16__bigcodebench__layer16__paired_transitions,fail_to_pass,variant_decrease_associated_with_improvement,p80,11426,0.2636989813961543,0.6161972858602072,0.1336939861370483,7.373288850141979,1.0,990
codellama_base_finetuned_layer16__bigcodebench__layer16__paired_transitions,fail_to_pass,variant_decrease_associated_with_improvement,p90,11426,0.2664635449827425,0.6274624252152342,0.13694667491549,7.873091696496684,1.0,990
codellama_base_finetuned_layer16__bigcodebench__layer16__paired_transitions,fail_to_pass,variant_decrease_associated_with_improvement,p95,3249,0.2598898131973924,0.5984970086093682,0.1292122521247009,7.742831220456991,1.0,990
codellama_base_finetuned_layer16__bigcodebench__layer16__paired_transitions,fail_to_pass,variant_decrease_associated_with_improvement,p99,7275,0.2458571856214048,0.5616518313147527,0.1127019535481376,6.4992591382216975,1.0,990
codellama_base_finetuned_layer16__bigcodebench__layer16__paired_transitions,pass_to_fail,variant_decrease_associated_with_regression,p50,9191,0.508257392593714,0.6314229249011858,0.2340736357368758,4.135602813110644,1.0,990
codellama_base_finetuned_layer16__bigcodebench__layer16__paired_transitions,pass_to_fail,variant_decrease_associated_with_regression,p60,14870,0.4996793734736603,0.5753623188405798,0.2207127211074589,4.075159890145184,1.0,990
codellama_base_finetuned_layer16__bigcodebench__layer16__paired_transitions,pass_to_fail,variant_decrease_associated_with_regression,p70,528,0.5186867559152365,0.6478919631093544,0.250318159213429,4.743748675099163,0.9800995024875622,990
codellama_base_finetuned_layer16__bigcodebench__layer16__paired_transitions,pass_to_fail,variant_decrease_associated_with_regression,p80,528,0.5223197555995461,0.6359683794466403,0.25597683144899,5.054342970001714,0.9104477611940298,990
codellama_base_finetuned_layer16__bigcodebench__layer16__paired_transitions,pass_to_fail,variant_decrease_associated_with_regression,p90,5078,0.5140268017647284,0.5974967061923584,0.2430599275971829,4.2099551107747,0.9950248756218906,990
codellama_base_finetuned_layer16__bigcodebench__layer16__paired_transitions,pass_to_fail,variant_decrease_associated_with_regression,p95,8578,0.5046876960200822,0.614558629776021,0.2285135628918856,4.830204597885948,1.0,990
codellama_base_finetuned_layer16__bigcodebench__layer16__paired_transitions,pass_to_fail,variant_decrease_associated_with_regression,p99,8971,0.5212344375258104,0.6120553359683795,0.2542863663280805,5.039642374900678,0.9353233830845772,990
codellama_base_finetuned_layer16__bigcodebench__layer16__paired_transitions,fail_to_pass,variant_increase_associated_with_improvement,p50,2555,0.250102043117012,0.5988764044943821,0.1176963043415246,6.886108093212303,1.0,990
codellama_base_finetuned_layer16__bigcodebench__layer16__paired_transitions,fail_to_pass,variant_increase_associated_with_improvement,p60,12527,0.2462102399716743,0.5828688165766818,0.1131173449425959,6.882990772620286,1.0,990
codellama_base_finetuned_layer16__bigcodebench__layer16__paired_transitions,fail_to_pass,variant_increase_associated_with_improvement,p70,2755,0.2471324958863593,0.5979716912301182,0.114202438980259,6.373168304398518,1.0,990
codellama_base_finetuned_layer16__bigcodebench__layer16__paired_transitions,fail_to_pass,variant_increase_associated_with_improvement,p80,10663,0.2490491336249247,0.5636801400846345,0.1164574878765165,6.630552888829382,1.0,990
codellama_base_finetuned_layer16__bigcodebench__layer16__paired_transitions,fail_to_pass,variant_increase_associated_with_improvement,p90,6027,0.2673650411748103,0.6087406975047425,0.1380073437899454,7.057536216930028,1.0,990
codellama_base_finetuned_layer16__bigcodebench__layer16__paired_transitions,fail_to_pass,variant_increase_associated_with_improvement,p95,15224,0.263883315900568,0.6033999708157012,0.1339108676647132,7.511269667915774,1.0,990
codellama_base_finetuned_layer16__bigcodebench__layer16__paired_transitions,fail_to_pass,variant_increase_associated_with_improvement,p99,10663,0.2724147204368109,0.5825186049905151,0.1439486197113682,8.427048099380778,1.0,990
codellama_base_finetuned_layer16__bigcodebench__layer16__paired_transitions,pass_to_fail,variant_increase_associated_with_regression,p50,6322,0.5298479306313253,0.6138998682476944,0.2677025343772763,4.980276992501631,0.7611940298507462,990
codellama_base_finetuned_layer16__bigcodebench__layer16__paired_transitions,pass_to_fail,variant_increase_associated_with_regression,p60,6322,0.5257423414077529,0.6124505928853755,0.2613077681320757,5.103673538545364,0.8407960199004975,990
codellama_base_finetuned_layer16__bigcodebench__layer16__paired_transitions,pass_to_fail,variant_increase_associated_with_regression,p70,373,0.5276457740475061,0.6130434782608696,0.2642725086679338,5.164733953868318,0.8009950248756219,990
codellama_base_finetuned_layer16__bigcodebench__layer16__paired_transitions,pass_to_fail,variant_increase_associated_with_regression,p80,1251,0.5236389196962973,0.647167325428195,0.2580315294663539,4.74475511308632,0.900497512437811,990
codellama_base_finetuned_layer16__bigcodebench__layer16__paired_transitions,pass_to_fail,variant_increase_associated_with_regression,p90,373,0.5195927029174541,0.6086297760210804,0.2517292403017315,4.841573888739452,0.9751243781094528,990
codellama_base_finetuned_layer16__bigcodebench__layer16__paired_transitions,pass_to_fail,variant_increase_associated_with_regression,p95,15888,0.500666980356521,0.5872200263504611,0.2222509936462176,4.330644075804105,1.0,990
codellama_base_finetuned_layer16__bigcodebench__layer16__paired_transitions,pass_to_fail,variant_increase_associated_with_regression,p99,11908,0.477086868598089,0.5931818181818181,0.1855231832103568,4.071265572050164,1.0,476
codellama_base_finetuned_layer16__humanevalplus__layer16__paired_transitions,fail_to_pass,variant_decrease_associated_with_improvement,p50,2523,0.4793239392263793,0.6788617886178862,0.3650291941785113,4.857781579261815,1.0,153
codellama_base_finetuned_layer16__humanevalplus__layer16__paired_transitions,fail_to_pass,variant_decrease_associated_with_improvement,p60,14397,0.4370627127511859,0.6917344173441734,0.3134911131112023,4.507579331243267,1.0,153
codellama_base_finetuned_layer16__humanevalplus__layer16__paired_transitions,fail_to_pass,variant_decrease_associated_with_improvement,p70,1805,0.4270846396460817,0.6104336043360433,0.3013227312757093,4.916298863898381,1.0,153
codellama_base_finetuned_layer16__humanevalplus__layer16__paired_transitions,fail_to_pass,variant_decrease_associated_with_improvement,p80,14635,0.4187302745514316,0.7032520325203252,0.2911344811602824,4.278088799194376,1.0,153
codellama_base_finetuned_layer16__humanevalplus__layer16__paired_transitions,fail_to_pass,variant_decrease_associated_with_improvement,p90,7535,0.4488927619410076,0.6849593495934959,0.3279180023670824,4.380324642262486,1.0,153
codellama_base_finetuned_layer16__humanevalplus__layer16__paired_transitions,fail_to_pass,variant_decrease_associated_with_improvement,p95,14635,0.442254004543425,0.6422764227642277,0.3198219567602743,4.441134739488814,1.0,153
codellama_base_finetuned_layer16__humanevalplus__layer16__paired_transitions,fail_to_pass,variant_decrease_associated_with_improvement,p99,2176,0.3686194063706793,0.6446476964769647,0.2300236663057065,3.314921370434773,1.0,145
codellama_base_finetuned_layer16__humanevalplus__layer16__paired_transitions,pass_to_fail,variant_decrease_associated_with_regression,p50,15596,0.7808438606737582,0.8431372549019608,0.6773534615474773,6.199222975006794,0.3482587064676617,153
codellama_base_finetuned_layer16__humanevalplus__layer16__paired_transitions,pass_to_fail,variant_decrease_associated_with_regression,p60,15596,0.7848017404959757,0.8562091503267973,0.6831803401746309,6.361770674181209,0.308457711442786,153
codellama_base_finetuned_layer16__humanevalplus__layer16__paired_transitions,pass_to_fail,variant_decrease_associated_with_regression,p70,15596,0.7347382789508244,0.8300653594771242,0.6094757995664914,5.459514831315325,0.8656716417910447,153
codellama_base_finetuned_layer16__humanevalplus__layer16__paired_transitions,pass_to_fail,variant_decrease_associated_with_regression,p80,11614,0.7407626470991524,0.803921568627451,0.6183450082293077,5.259063969129113,0.8009950248756219,153
codellama_base_finetuned_layer16__humanevalplus__layer16__paired_transitions,pass_to_fail,variant_decrease_associated_with_regression,p90,10912,0.7126953353415896,0.7450980392156863,0.5770236881417846,4.471412985495668,0.965174129353234,153
codellama_base_finetuned_layer16__humanevalplus__layer16__paired_transitions,pass_to_fail,variant_decrease_associated_with_regression,p95,15945,0.7270468482768451,0.8088235294117647,0.5981523044075774,5.525257141731435,0.9104477611940298,153
codellama_base_finetuned_layer16__humanevalplus__layer16__paired_transitions,pass_to_fail,variant_decrease_associated_with_regression,p99,7993,0.788923812898872,0.8415032679738562,0.6892489467677838,5.235362551629909,0.2885572139303483,153
codellama_base_finetuned_layer16__humanevalplus__layer16__paired_transitions,fail_to_pass,variant_increase_associated_with_improvement,p50,3214,0.4717270750274545,0.6646341463414634,0.3557647256432372,5.741016285856339,1.0,153
codellama_base_finetuned_layer16__humanevalplus__layer16__paired_transitions,fail_to_pass,variant_increase_associated_with_improvement,p60,5688,0.4944806017713412,0.69579945799458,0.3835129289894404,6.083995310284485,1.0,153
codellama_base_finetuned_layer16__humanevalplus__layer16__paired_transitions,fail_to_pass,variant_increase_associated_with_improvement,p70,5688,0.5105533962247424,0.714769647696477,0.4031138978350516,6.240307899890485,1.0,153
codellama_base_finetuned_layer16__humanevalplus__layer16__paired_transitions,fail_to_pass,variant_increase_associated_with_improvement,p80,13637,0.5384445001007951,0.7859078590785907,0.4371274391473111,6.124719063651566,1.0,153
codellama_base_finetuned_layer16__humanevalplus__layer16__paired_transitions,fail_to_pass,variant_increase_associated_with_improvement,p90,1076,0.512181935186321,0.7493224932249323,0.4050999209589281,5.805092136842087,1.0,153
codellama_base_finetuned_layer16__humanevalplus__layer16__paired_transitions,fail_to_pass,variant_increase_associated_with_improvement,p95,1076,0.5398627744882035,0.7750677506775068,0.4388570420587848,6.349554138436083,1.0,153
codellama_base_finetuned_layer16__humanevalplus__layer16__paired_transitions,fail_to_pass,variant_increase_associated_with_improvement,p99,1076,0.522610033545507,0.7838753387533876,0.4178171140798865,6.139163652792054,1.0,153
codellama_base_finetuned_layer16__humanevalplus__layer16__paired_transitions,pass_to_fail,variant_increase_associated_with_regression,p50,8946,0.7932065234387214,0.8398692810457516,0.6955540483958954,5.487053961177993,0.2587064676616915,153
codellama_base_finetuned_layer16__humanevalplus__layer16__paired_transitions,pass_to_fail,variant_increase_associated_with_regression,p60,3719,0.7718186394403433,0.8513071895424836,0.6640663302871721,5.773060352900039,0.4527363184079602,153
codellama_base_finetuned_layer16__humanevalplus__layer16__paired_transitions,pass_to_fail,variant_increase_associated_with_regression,p70,6806,0.7650804206864948,0.8513071895424836,0.6541461748995618,5.532279649352575,0.5422885572139303,153
codellama_base_finetuned_layer16__humanevalplus__layer16__paired_transitions,pass_to_fail,variant_increase_associated_with_regression,p80,3719,0.8120087428910958,0.8725490196078431,0.7232350937007799,6.531601215211972,0.1044776119402985,153
codellama_base_finetuned_layer16__humanevalplus__layer16__paired_transitions,pass_to_fail,variant_increase_associated_with_regression,p90,3719,0.7634963440008058,0.869281045751634,0.6518140620011863,5.385042392379866,0.582089552238806,153
codellama_base_finetuned_layer16__humanevalplus__layer16__paired_transitions,pass_to_fail,variant_increase_associated_with_regression,p95,9585,0.7220064436809385,0.7941176470588235,0.5907317087524927,5.349098329753056,0.9303482587064676,153
codellama_base_finetuned_layer16__humanevalplus__layer16__paired_transitions,pass_to_fail,variant_increase_associated_with_regression,p99,4187,0.7834495809119869,0.8366013071895425,0.6811896607870918,6.023994421909919,0.3134328358208955,153
codellama_base_merged_layer16__bigcodebench__layer16__paired_transitions,fail_to_pass,variant_decrease_associated_with_improvement,p50,5683,0.3384171384171384,0.6944818304172274,0.3357458751805992,25.731455094507467,1.0,1008
codellama_base_merged_layer16__bigcodebench__layer16__paired_transitions,fail_to_pass,variant_decrease_associated_with_improvement,p60,5683,0.3399195718944934,0.7765814266487214,0.3372543750111603,23.880242454590284,1.0,1008
codellama_base_merged_layer16__bigcodebench__layer16__paired_transitions,fail_to_pass,variant_decrease_associated_with_improvement,p70,11384,0.338738344988345,0.7276805742485419,0.3360683786827798,20.433059873101698,1.0,1008
codellama_base_merged_layer16__bigcodebench__layer16__paired_transitions,fail_to_pass,variant_decrease_associated_with_improvement,p80,12590,0.3364945350067231,0.5069537909376401,0.3338155089031164,15.078167649120653,1.0,1008
codellama_base_merged_layer16__bigcodebench__layer16__paired_transitions,fail_to_pass,variant_decrease_associated_with_improvement,p90,12494,0.3360028229484204,0.4454912516823687,0.3333218114663817,32.800759066530794,1.0,1008
codellama_base_merged_layer16__bigcodebench__layer16__paired_transitions,fail_to_pass,variant_decrease_associated_with_improvement,p95,12494,0.3358562673494967,0.411395244504262,0.3331746641221057,35.26665787679488,1.0,1008
codellama_base_merged_layer16__bigcodebench__layer16__paired_transitions,fail_to_pass,variant_decrease_associated_with_improvement,p99,6444,0.3396060906984442,0.696276357110812,0.336939628076769,21.8871837605975,1.0,1008
codellama_base_merged_layer16__bigcodebench__layer16__paired_transitions,pass_to_fail,variant_decrease_associated_with_regression,p50,4567,0.9884030862905256,0.8353658536585366,0.8101005380073574,3.799989550244133,0.0099502487562189,1008
codellama_base_merged_layer16__bigcodebench__layer16__paired_transitions,pass_to_fail,variant_decrease_associated_with_regression,p60,4567,0.9881743622967442,0.8335873983739838,0.8063551826091856,3.8155342211174186,0.0099502487562189,1008
codellama_base_merged_layer16__bigcodebench__layer16__paired_transitions,pass_to_fail,variant_decrease_associated_with_regression,p70,11883,0.989258856112246,0.8536585365853658,0.8241137688380293,3.701391508950873,0.0099502487562189,1008
codellama_base_merged_layer16__bigcodebench__layer16__paired_transitions,pass_to_fail,variant_decrease_associated_with_regression,p80,4815,0.9916052550171088,0.880589430894309,0.862536050905159,4.101975953231752,0.0049751243781094,1008
codellama_base_merged_layer16__bigcodebench__layer16__paired_transitions,pass_to_fail,variant_decrease_associated_with_regression,p90,14336,0.9886551214640285,0.8447662601626016,0.8142276139734641,3.8991621782448056,0.0099502487562189,1008
codellama_base_merged_layer16__bigcodebench__layer16__paired_transitions,pass_to_fail,variant_decrease_associated_with_regression,p95,13439,0.9903306511514413,0.8650914634146342,0.8416644126048487,3.602137595976178,0.0099502487562189,1008
codellama_base_merged_layer16__bigcodebench__layer16__paired_transitions,pass_to_fail,variant_decrease_associated_with_regression,p99,8994,0.991893516145236,0.8821138211382114,0.8672563268782398,3.702356334714292,0.0049751243781094,1008
codellama_base_merged_layer16__bigcodebench__layer16__paired_transitions,fail_to_pass,variant_increase_associated_with_improvement,p50,13382,0.3811907470610542,0.8640646029609691,0.378692190185123,52.08900394928576,1.0,1008
codellama_base_merged_layer16__bigcodebench__layer16__paired_transitions,fail_to_pass,variant_increase_associated_with_improvement,p60,6150,0.6718213058419243,0.9143113503813368,0.6704962236313264,18.375331159380185,0.9552238805970148,1008
codellama_base_merged_layer16__bigcodebench__layer16__paired_transitions,fail_to_pass,variant_increase_associated_with_improvement,p70,13382,0.6725838264299803,0.9255271422162404,0.6712618230373691,33.599550879785134,0.9552238805970148,1008
codellama_base_merged_layer16__bigcodebench__layer16__paired_transitions,fail_to_pass,variant_increase_associated_with_improvement,p80,13382,0.6724137931034483,0.9232839838492598,0.6710911031698148,35.554609838631464,0.9552238805970148,1008
codellama_base_merged_layer16__bigcodebench__layer16__paired_transitions,fail_to_pass,variant_increase_associated_with_improvement,p90,4730,0.6696340257171117,0.8501570210856887,0.6683001119582306,31.398093044815,0.9701492537313432,1008
codellama_base_merged_layer16__bigcodebench__layer16__paired_transitions,fail_to_pass,variant_increase_associated_with_improvement,p95,3503,0.6680143755615453,0.8326603858232391,0.6666739221654278,19.564500952094956,0.9850746268656716,19
codellama_base_merged_layer16__bigcodebench__layer16__paired_transitions,fail_to_pass,variant_increase_associated_with_improvement,p99,8739,0.556908735528492,0.8337819650067295,0.5551196725494684,63.60250378556077,1.0,14
codellama_base_merged_layer16__bigcodebench__layer16__paired_transitions,pass_to_fail,variant_increase_associated_with_regression,p50,3569,0.9878964565042364,0.8358739837398373,0.8018044752568712,3.499979411794105,0.0199004975124378,1008
codellama_base_merged_layer16__bigcodebench__layer16__paired_transitions,pass_to_fail,variant_increase_associated_with_regression,p60,560,0.986845966099189,0.821900406504065,0.7846026948742191,3.4427738590377333,0.044776119402985,1008
codellama_base_merged_layer16__bigcodebench__layer16__paired_transitions,pass_to_fail,variant_increase_associated_with_regression,p70,560,0.9871591978297376,0.8196138211382114,0.789731864461955,3.489958420064463,0.0298507462686567,1008
codellama_base_merged_layer16__bigcodebench__layer16__paired_transitions,pass_to_fail,variant_increase_associated_with_regression,p80,560,0.9863023454280118,0.8091971544715447,0.7757009063836926,3.4410951184581307,0.0746268656716417,1008
codellama_base_merged_layer16__bigcodebench__layer16__paired_transitions,pass_to_fail,variant_increase_associated_with_regression,p90,9673,0.9806857709266076,0.7545731707317073,0.6837294989231991,2.9772876296783584,0.8955223880597015,1008
codellama_base_merged_layer16__bigcodebench__layer16__paired_transitions,pass_to_fail,variant_increase_associated_with_regression,p95,9673,0.9795446875155418,0.7390752032520326,0.665044258066997,2.970255418622186,0.9850746268656716,1008
codellama_base_merged_layer16__bigcodebench__layer16__paired_transitions,pass_to_fail,variant_increase_associated_with_regression,p99,6942,0.9753891252806528,0.7022357723577236,0.5969969264706914,3.0929406231766703,1.0,1008
codellama_base_merged_layer16__humanevalplus__layer16__paired_transitions,fail_to_pass,variant_decrease_associated_with_improvement,p50,552,1.0,1.0,1.0,6.733668471016582,1.0,155
codellama_base_merged_layer16__humanevalplus__layer16__paired_transitions,fail_to_pass,variant_decrease_associated_with_improvement,p60,1287,1.0,1.0,1.0,6.801623225829051,1.0,155
codellama_base_merged_layer16__humanevalplus__layer16__paired_transitions,fail_to_pass,variant_decrease_associated_with_improvement,p70,3988,1.0,1.0,1.0,6.791543031403339,1.0,155
codellama_base_merged_layer16__humanevalplus__layer16__paired_transitions,fail_to_pass,variant_decrease_associated_with_improvement,p80,14488,1.0,1.0,1.0,6.705019366572699,1.0,155
codellama_base_merged_layer16__humanevalplus__layer16__paired_transitions,fail_to_pass,variant_decrease_associated_with_improvement,p90,4092,1.0,1.0,1.0,6.701379802632417,1.0,155
codellama_base_merged_layer16__humanevalplus__layer16__paired_transitions,fail_to_pass,variant_decrease_associated_with_improvement,p95,1012,1.0,1.0,1.0,6.719290572507578,1.0,155
codellama_base_merged_layer16__humanevalplus__layer16__paired_transitions,fail_to_pass,variant_decrease_associated_with_improvement,p99,12119,1.0,1.0,1.0,6.999997403785627,1.0,15
codellama_base_merged_layer16__humanevalplus__layer16__paired_transitions,pass_to_fail,variant_decrease_associated_with_regression,p50,15553,0.9614929575515926,0.9052631578947368,0.8639417833489605,4.1486824803976985,1.0,155
codellama_base_merged_layer16__humanevalplus__layer16__paired_transitions,pass_to_fail,variant_decrease_associated_with_regression,p60,15553,0.9552957264048778,0.887719298245614,0.8420448999639016,4.0697632020657295,1.0,155
codellama_base_merged_layer16__humanevalplus__layer16__paired_transitions,pass_to_fail,variant_decrease_associated_with_regression,p70,4635,0.9433181356914844,0.8719298245614036,0.7997240794432444,4.308656579287996,1.0,155
codellama_base_merged_layer16__humanevalplus__layer16__paired_transitions,pass_to_fail,variant_decrease_associated_with_regression,p80,4635,0.9449003863879216,0.8701754385964913,0.8053146985706561,4.294334988369573,1.0,155
codellama_base_merged_layer16__humanevalplus__layer16__paired_transitions,pass_to_fail,variant_decrease_associated_with_regression,p90,2280,0.9592857146983484,0.8947368421052632,0.8561428586008308,4.134242623016849,1.0,155
codellama_base_merged_layer16__humanevalplus__layer16__paired_transitions,pass_to_fail,variant_decrease_associated_with_regression,p95,1609,0.9560189557922106,0.8912280701754386,0.844600310465811,4.144466834987976,1.0,155
codellama_base_merged_layer16__humanevalplus__layer16__paired_transitions,pass_to_fail,variant_decrease_associated_with_regression,p99,7003,0.934626392590113,0.8280701754385965,0.7690132538183995,4.112042867944696,1.0,155
codellama_base_merged_layer16__humanevalplus__layer16__paired_transitions,fail_to_pass,variant_increase_associated_with_improvement,p50,3010,1.0,1.0,1.0,6.7980269145291095,1.0,155
codellama_base_merged_layer16__humanevalplus__layer16__paired_transitions,fail_to_pass,variant_increase_associated_with_improvement,p60,8485,1.0,1.0,1.0,6.799337225789902,1.0,155
codellama_base_merged_layer16__humanevalplus__layer16__paired_transitions,fail_to_pass,variant_increase_associated_with_improvement,p70,8485,1.0,1.0,1.0,6.748588568769285,1.0,155
codellama_base_merged_layer16__humanevalplus__layer16__paired_transitions,fail_to_pass,variant_increase_associated_with_improvement,p80,15312,1.0,1.0,1.0,6.717543537741422,1.0,155
codellama_base_merged_layer16__humanevalplus__layer16__paired_transitions,fail_to_pass,variant_increase_associated_with_improvement,p90,10374,1.0,1.0,1.0,6.708287214262736,1.0,155
codellama_base_merged_layer16__humanevalplus__layer16__paired_transitions,fail_to_pass,variant_increase_associated_with_improvement,p95,8191,1.0,1.0,1.0,6.999999973390784,1.0,5
codellama_base_merged_layer16__humanevalplus__layer16__paired_transitions,fail_to_pass,variant_increase_associated_with_improvement,p99,2531,1.0,1.0,1.0,7.000000292758185,1.0,6
codellama_base_merged_layer16__humanevalplus__layer16__paired_transitions,pass_to_fail,variant_increase_associated_with_regression,p50,2742,0.9256813546592124,0.8192982456140351,0.7374074531292168,3.4490814695420884,1.0,155
codellama_base_merged_layer16__humanevalplus__layer16__paired_transitions,pass_to_fail,variant_increase_associated_with_regression,p60,2742,0.9200986242828524,0.8210526315789474,0.7176818057994122,3.3149700552431587,1.0,155
codellama_base_merged_layer16__humanevalplus__layer16__paired_transitions,pass_to_fail,variant_increase_associated_with_regression,p70,9559,0.9151595492658836,0.7929824561403509,0.7002304074061225,3.6824256723375,1.0,155
codellama_base_merged_layer16__humanevalplus__layer16__paired_transitions,pass_to_fail,variant_increase_associated_with_regression,p80,14730,0.9276329532289882,0.8210526315789474,0.7443031014090917,3.4908896107750964,1.0,155
codellama_base_merged_layer16__humanevalplus__layer16__paired_transitions,pass_to_fail,variant_increase_associated_with_regression,p90,2300,0.9015233077360176,0.7631578947368421,0.6520490206672623,3.206713276085168,1.0,155
codellama_base_merged_layer16__humanevalplus__layer16__paired_transitions,pass_to_fail,variant_increase_associated_with_regression,p95,9902,0.90703284464512,0.7666666666666667,0.6715160510794245,3.223854951634418,1.0,155
codellama_base_merged_layer16__humanevalplus__layer16__paired_transitions,pass_to_fail,variant_increase_associated_with_regression,p99,7713,0.8584905660377355,0.75,0.499999999999999,3.3516105339622966,1.0,57
deepseek_base_finetuned_layer16__bigcodebench__layer16__paired_transitions,fail_to_pass,variant_decrease_associated_with_improvement,p50,14662,0.3420553067876011,0.5928929601927333,0.1456137419429994,6.230065209580775,1.0,802
deepseek_base_finetuned_layer16__bigcodebench__layer16__paired_transitions,fail_to_pass,variant_decrease_associated_with_improvement,p60,8185,0.3467608414263711,0.5962966075580581,0.1517242010342447,6.39236074859683,1.0,802
deepseek_base_finetuned_layer16__bigcodebench__layer16__paired_transitions,fail_to_pass,variant_decrease_associated_with_improvement,p70,8185,0.3539963233101977,0.6060173123791915,0.1611199699426903,6.730917892451656,1.0,802
deepseek_base_finetuned_layer16__bigcodebench__layer16__paired_transitions,fail_to_pass,variant_decrease_associated_with_improvement,p80,8185,0.3570724703930445,0.6095470207580469,0.1651145576678595,6.962509271535589,1.0,802
deepseek_base_finetuned_layer16__bigcodebench__layer16__paired_transitions,fail_to_pass,variant_decrease_associated_with_improvement,p90,15510,0.3431624662653809,0.5886068857326946,0.1470514643732451,6.75346397957471,1.0,802
deepseek_base_finetuned_layer16__bigcodebench__layer16__paired_transitions,fail_to_pass,variant_decrease_associated_with_improvement,p95,15510,0.3468011531048097,0.5896714009580637,0.1517765485103357,6.77077846233258,1.0,802
deepseek_base_finetuned_layer16__bigcodebench__layer16__paired_transitions,fail_to_pass,variant_decrease_associated_with_improvement,p99,12140,0.3708088748600118,0.6197439560747402,0.1829522199102403,7.737864151780671,1.0,802
deepseek_base_finetuned_layer16__bigcodebench__layer16__paired_transitions,pass_to_fail,variant_decrease_associated_with_regression,p50,13393,0.5127211568552669,0.6743221690590112,0.260222119952996,4.3559077101025645,1.0,802
deepseek_base_finetuned_layer16__bigcodebench__layer16__paired_transitions,pass_to_fail,variant_decrease_associated_with_regression,p60,13393,0.5071995569982968,0.6752791068580543,0.2518393274428687,4.2046093770711535,1.0,802
deepseek_base_finetuned_layer16__bigcodebench__layer16__paired_transitions,pass_to_fail,variant_decrease_associated_with_regression,p70,13393,0.4969638945425548,0.6558213716108453,0.2362997308055149,4.017218175562631,1.0,802
deepseek_base_finetuned_layer16__bigcodebench__layer16__paired_transitions,pass_to_fail,variant_decrease_associated_with_regression,p80,13393,0.4870902977625814,0.656140350877193,0.2213098156941008,3.781780913774071,1.0,802
deepseek_base_finetuned_layer16__bigcodebench__layer16__paired_transitions,pass_to_fail,variant_decrease_associated_with_regression,p90,13548,0.4938896081581222,0.6338118022328548,0.2316324051127855,4.014398360185491,1.0,580
deepseek_base_finetuned_layer16__bigcodebench__layer16__paired_transitions,pass_to_fail,variant_decrease_associated_with_regression,p95,7794,0.5301293503776919,0.6318181818181818,0.2866509228461322,4.619229268228029,1.0,659
deepseek_base_finetuned_layer16__bigcodebench__layer16__paired_transitions,pass_to_fail,variant_decrease_associated_with_regression,p99,11294,0.5361760600783188,0.6645933014354067,0.2958309275734475,4.723337830703275,1.0,761
deepseek_base_finetuned_layer16__bigcodebench__layer16__paired_transitions,fail_to_pass,variant_increase_associated_with_improvement,p50,15421,0.3763674527695143,0.6196739221783343,0.1901704141281013,7.331653208844049,1.0,802
deepseek_base_finetuned_layer16__bigcodebench__layer16__paired_transitions,fail_to_pass,variant_increase_associated_with_improvement,p60,15421,0.3775497822138081,0.6177830069753761,0.1917057499095462,7.476793277516919,1.0,802
deepseek_base_finetuned_layer16__bigcodebench__layer16__paired_transitions,fail_to_pass,variant_increase_associated_with_improvement,p70,11933,0.3465397959680595,0.6356556573381517,0.151437158363431,7.109205926897792,1.0,802
deepseek_base_finetuned_layer16__bigcodebench__layer16__paired_transitions,fail_to_pass,variant_increase_associated_with_improvement,p80,15421,0.3825272086874739,0.6261870745440793,0.1981692791749405,7.600756550328952,1.0,802
deepseek_base_finetuned_layer16__bigcodebench__layer16__paired_transitions,fail_to_pass,variant_increase_associated_with_improvement,p90,11933,0.3459629960752909,0.6140992240244278,0.1506881441877499,7.147169695189099,1.0,802
deepseek_base_finetuned_layer16__bigcodebench__layer16__paired_transitions,fail_to_pass,variant_increase_associated_with_improvement,p95,7988,0.3597216005435616,0.6162982883715719,0.1685546346526823,7.0229213472630345,1.0,802
deepseek_base_finetuned_layer16__bigcodebench__layer16__paired_transitions,fail_to_pass,variant_increase_associated_with_improvement,p99,11724,0.3595590552180298,0.6205423424937669,0.168343558411961,6.934340188536522,1.0,802
deepseek_base_finetuned_layer16__bigcodebench__layer16__paired_transitions,pass_to_fail,variant_increase_associated_with_regression,p50,2704,0.5481993760906176,0.6491228070175439,0.314084507337574,4.833708098332619,0.9701492537313432,802
deepseek_base_finetuned_layer16__bigcodebench__layer16__paired_transitions,pass_to_fail,variant_increase_associated_with_regression,p60,2704,0.5583603052600332,0.6644338118022328,0.329510645258414,5.039732121831748,0.9203980099502488,802
deepseek_base_finetuned_layer16__bigcodebench__layer16__paired_transitions,pass_to_fail,variant_increase_associated_with_regression,p70,494,0.5355342629826051,0.679585326953748,0.2948565628917731,4.462835589137394,1.0,802
deepseek_base_finetuned_layer16__bigcodebench__layer16__paired_transitions,pass_to_fail,variant_increase_associated_with_regression,p80,12031,0.5438193626972887,0.6875598086124401,0.3074348506404292,4.826095304801847,0.9950248756218906,802
deepseek_base_finetuned_layer16__bigcodebench__layer16__paired_transitions,pass_to_fail,variant_increase_associated_with_regression,p90,7608,0.5597302482036458,0.6875598086124401,0.3315904677273532,4.704261393355898,0.9104477611940298,802
deepseek_base_finetuned_layer16__bigcodebench__layer16__paired_transitions,pass_to_fail,variant_increase_associated_with_regression,p95,7608,0.616725821599796,0.7044657097288676,0.4181201109742358,6.048130506384902,0.0348258706467661,802
deepseek_base_finetuned_layer16__bigcodebench__layer16__paired_transitions,pass_to_fail,variant_increase_associated_with_regression,p99,3446,0.6004412916346711,0.6669856459330143,0.393397233663546,5.164232887330608,0.099502487562189,802
deepseek_base_finetuned_layer16__humanevalplus__layer16__paired_transitions,fail_to_pass,variant_decrease_associated_with_improvement,p50,5102,0.7761267959968212,0.7666666666666667,0.6044906729277175,5.052911955170364,1.0,85
deepseek_base_finetuned_layer16__humanevalplus__layer16__paired_transitions,fail_to_pass,variant_decrease_associated_with_improvement,p60,5102,0.7671211946243955,0.7347826086956522,0.5885807771697654,4.82053948311774,1.0,85
deepseek_base_finetuned_layer16__humanevalplus__layer16__paired_transitions,fail_to_pass,variant_decrease_associated_with_improvement,p70,5102,0.715669597954264,0.7043478260869566,0.4976829563858663,4.006914974390272,1.0,85
deepseek_base_finetuned_layer16__humanevalplus__layer16__paired_transitions,fail_to_pass,variant_decrease_associated_with_improvement,p80,10156,0.7206621565279842,0.7,0.5065031431994387,4.162353970265029,1.0,85
deepseek_base_finetuned_layer16__humanevalplus__layer16__paired_transitions,fail_to_pass,variant_decrease_associated_with_improvement,p90,14935,0.7338492186006628,0.7231884057971014,0.5298002861945043,4.372759581091025,1.0,85
deepseek_base_finetuned_layer16__humanevalplus__layer16__paired_transitions,fail_to_pass,variant_decrease_associated_with_improvement,p95,14935,0.7392932120244714,0.7188405797101449,0.5394180079098995,4.454062490089507,1.0,85
deepseek_base_finetuned_layer16__humanevalplus__layer16__paired_transitions,fail_to_pass,variant_decrease_associated_with_improvement,p99,138,0.6655330116638258,0.6260869565217392,0.4091083206060923,3.0243845093602637,1.0,85
deepseek_base_finetuned_layer16__humanevalplus__layer16__paired_transitions,pass_to_fail,variant_decrease_associated_with_regression,p50,11121,1.0,1.0,1.0,5.999130464306221,1.0,85
deepseek_base_finetuned_layer16__humanevalplus__layer16__paired_transitions,pass_to_fail,variant_decrease_associated_with_regression,p60,4459,1.0,1.0,1.0,6.041631413669532,1.0,85
deepseek_base_finetuned_layer16__humanevalplus__layer16__paired_transitions,pass_to_fail,variant_decrease_associated_with_regression,p70,15119,1.0,1.0,1.0,6.417647428690922,1.0,9
deepseek_base_finetuned_layer16__humanevalplus__layer16__paired_transitions,pass_to_fail,variant_decrease_associated_with_regression,p80,4543,1.0,1.0,1.0,6.403864708241761,1.0,12
deepseek_base_finetuned_layer16__humanevalplus__layer16__paired_transitions,pass_to_fail,variant_decrease_associated_with_regression,p90,10678,1.0,1.0,1.0,6.835214526861562,1.0,10
deepseek_base_finetuned_layer16__humanevalplus__layer16__paired_transitions,pass_to_fail,variant_decrease_associated_with_regression,p95,13235,1.0,1.0,1.0,6.558318661232918,1.0,14
deepseek_base_finetuned_layer16__humanevalplus__layer16__paired_transitions,pass_to_fail,variant_decrease_associated_with_regression,p99,3094,1.0,1.0,1.0,6.156104173518018,1.0,85
deepseek_base_finetuned_layer16__humanevalplus__layer16__paired_transitions,fail_to_pass,variant_increase_associated_with_improvement,p50,8059,0.8080260239785714,0.8028985507246377,0.6608459756954761,5.313465787102851,1.0,85
deepseek_base_finetuned_layer16__humanevalplus__layer16__paired_transitions,fail_to_pass,variant_increase_associated_with_improvement,p60,8059,0.8394438260508063,0.8304347826086956,0.7163507593564243,5.8385350241298735,1.0,85
deepseek_base_finetuned_layer16__humanevalplus__layer16__paired_transitions,fail_to_pass,variant_increase_associated_with_improvement,p70,8059,0.7967504029165724,0.7898550724637681,0.6409257118192779,5.412166668507187,1.0,85
deepseek_base_finetuned_layer16__humanevalplus__layer16__paired_transitions,fail_to_pass,variant_increase_associated_with_improvement,p80,3600,0.7899195851655993,0.7652173913043478,0.6288579337925588,5.319305582034478,1.0,85
deepseek_base_finetuned_layer16__humanevalplus__layer16__paired_transitions,fail_to_pass,variant_increase_associated_with_improvement,p90,1072,0.8093881234285983,0.7884057971014493,0.6632523513905237,5.3909379610833446,1.0,85
deepseek_base_finetuned_layer16__humanevalplus__layer16__paired_transitions,fail_to_pass,variant_increase_associated_with_improvement,p95,8059,0.7950204587009441,0.763768115942029,0.6378694770383345,5.48697204591277,1.0,85
deepseek_base_finetuned_layer16__humanevalplus__layer16__paired_transitions,fail_to_pass,variant_increase_associated_with_improvement,p99,8059,0.8289015449693738,0.8043478260869565,0.6977260627792271,5.820464636814028,1.0,85
deepseek_base_finetuned_layer16__humanevalplus__layer16__paired_transitions,pass_to_fail,variant_increase_associated_with_regression,p50,2993,1.0,1.0,1.0,6.126602253933736,1.0,85
deepseek_base_finetuned_layer16__humanevalplus__layer16__paired_transitions,pass_to_fail,variant_increase_associated_with_regression,p60,2392,1.0,1.0,1.0,6.180147582033663,1.0,85
deepseek_base_finetuned_layer16__humanevalplus__layer16__paired_transitions,pass_to_fail,variant_increase_associated_with_regression,p70,13252,1.0,1.0,1.0,6.310348663029576,1.0,85
deepseek_base_finetuned_layer16__humanevalplus__layer16__paired_transitions,pass_to_fail,variant_increase_associated_with_regression,p80,2993,1.0,1.0,1.0,6.077000059581374,1.0,85
deepseek_base_finetuned_layer16__humanevalplus__layer16__paired_transitions,pass_to_fail,variant_increase_associated_with_regression,p90,10036,1.0,1.0,1.0,6.102831810441828,1.0,85
deepseek_base_finetuned_layer16__humanevalplus__layer16__paired_transitions,pass_to_fail,variant_increase_associated_with_regression,p95,2993,1.0,1.0,1.0,6.085263804394255,1.0,85
deepseek_base_finetuned_layer16__humanevalplus__layer16__paired_transitions,pass_to_fail,variant_increase_associated_with_regression,p99,5619,1.0,1.0,1.0,6.755817123520751,1.0,5
deepseek_base_merged_layer16__bigcodebench__layer16__paired_transitions,fail_to_pass,variant_decrease_associated_with_improvement,p50,6633,0.4351179421403697,0.5881734722265154,0.1738222308844444,5.33867829649462,1.0,686
deepseek_base_merged_layer16__bigcodebench__layer16__paired_transitions,fail_to_pass,variant_decrease_associated_with_improvement,p60,6633,0.4512543087211144,0.5975085777873945,0.1974227456429133,6.036627695886225,1.0,686
deepseek_base_merged_layer16__bigcodebench__layer16__paired_transitions,fail_to_pass,variant_decrease_associated_with_improvement,p70,6187,0.4342475816999875,0.5978795091341844,0.1725492705612117,5.216885925063761,1.0,686
deepseek_base_merged_layer16__bigcodebench__layer16__paired_transitions,fail_to_pass,variant_decrease_associated_with_improvement,p80,6187,0.4340199583013867,0.593366511081574,0.1722163561252902,5.14307482947095,1.0,686
deepseek_base_merged_layer16__bigcodebench__layer16__paired_transitions,fail_to_pass,variant_decrease_associated_with_improvement,p90,6187,0.4265323715197539,0.5814657970387315,0.1612652599500143,4.9316923792022695,1.0,686
deepseek_base_merged_layer16__bigcodebench__layer16__paired_transitions,fail_to_pass,variant_decrease_associated_with_improvement,p95,15122,0.4190641250204205,0.5933046891904423,0.1503424502304011,4.737302099736713,1.0,686
deepseek_base_merged_layer16__bigcodebench__layer16__paired_transitions,fail_to_pass,variant_decrease_associated_with_improvement,p99,7654,0.4343495723495615,0.6088528948100522,0.1726984387037705,5.085034670554137,1.0,686
deepseek_base_merged_layer16__bigcodebench__layer16__paired_transitions,pass_to_fail,variant_decrease_associated_with_regression,p50,15037,0.6085125850968073,0.7458371877890841,0.4085135796571327,6.3441031979366285,0.3582089552238806,686
deepseek_base_merged_layer16__bigcodebench__layer16__paired_transitions,pass_to_fail,variant_decrease_associated_with_regression,p60,15037,0.6012799402673548,0.7264107308048103,0.397585996708286,5.82134984981275,0.4925373134328358,686
deepseek_base_merged_layer16__bigcodebench__layer16__paired_transitions,pass_to_fail,variant_decrease_associated_with_regression,p70,11104,0.60608562381907,0.6822386679000925,0.4048467577266384,5.933351216965756,0.4029850746268656,686
deepseek_base_merged_layer16__bigcodebench__layer16__paired_transitions,pass_to_fail,variant_decrease_associated_with_regression,p80,15037,0.6084465723120362,0.7395929694727105,0.4084138429497069,5.980954620589577,0.3582089552238806,686
deepseek_base_merged_layer16__bigcodebench__layer16__paired_transitions,pass_to_fail,variant_decrease_associated_with_regression,p90,4427,0.5704880466553354,0.6616558741905643,0.351063461794474,4.70899987628751,0.9751243781094528,686
deepseek_base_merged_layer16__bigcodebench__layer16__paired_transitions,pass_to_fail,variant_decrease_associated_with_regression,p95,15037,0.5833497132625001,0.6970397779833487,0.370495762429212,5.382962792978886,0.8557213930348259,686
deepseek_base_merged_layer16__bigcodebench__layer16__paired_transitions,pass_to_fail,variant_decrease_associated_with_regression,p99,10727,0.6213385032135779,0.6806197964847364,0.4278918689857318,6.6825647236120975,0.1741293532338308,686
deepseek_base_merged_layer16__bigcodebench__layer16__paired_transitions,fail_to_pass,variant_increase_associated_with_improvement,p50,656,0.4240579975095804,0.6027943494791506,0.1576463225608035,5.7021727137481255,1.0,686
deepseek_base_merged_layer16__bigcodebench__layer16__paired_transitions,fail_to_pass,variant_increase_associated_with_improvement,p60,656,0.4252302930586004,0.6036598559549937,0.1593608831632471,5.730078872641117,1.0,686
deepseek_base_merged_layer16__bigcodebench__layer16__paired_transitions,fail_to_pass,variant_increase_associated_with_improvement,p70,7988,0.4322143472844455,0.606766405984359,0.1695755293170901,5.266079725256813,1.0,686
deepseek_base_merged_layer16__bigcodebench__layer16__paired_transitions,fail_to_pass,variant_increase_associated_with_improvement,p80,5577,0.4404201972974932,0.5936137986461005,0.1815771334805582,5.77562289896637,1.0,686
deepseek_base_merged_layer16__bigcodebench__layer16__paired_transitions,fail_to_pass,variant_increase_associated_with_improvement,p90,5577,0.4160715041129666,0.5816667181849092,0.1459655421117452,4.693799202743165,1.0,686
deepseek_base_merged_layer16__bigcodebench__layer16__paired_transitions,fail_to_pass,variant_increase_associated_with_improvement,p95,11249,0.4230152035453844,0.6091774597384934,0.1561211666826879,5.371066450455714,1.0,686
deepseek_base_merged_layer16__bigcodebench__layer16__paired_transitions,fail_to_pass,variant_increase_associated_with_improvement,p99,11249,0.4121347824305278,0.5991468579023832,0.1402078235013335,4.48253676233128,1.0,686
deepseek_base_merged_layer16__bigcodebench__layer16__paired_transitions,pass_to_fail,variant_increase_associated_with_regression,p50,14099,0.5704880596856726,0.6961147086031453,0.351063481481614,4.9159963767324895,0.9751243781094528,686
deepseek_base_merged_layer16__bigcodebench__layer16__paired_transitions,pass_to_fail,variant_increase_associated_with_regression,p60,7147,0.5744234153330714,0.6956521739130435,0.3570092905575752,5.187708907375697,0.9552238805970148,686
deepseek_base_merged_layer16__bigcodebench__layer16__paired_transitions,pass_to_fail,variant_increase_associated_with_regression,p70,4434,0.570908933581101,0.6496299722479186,0.3516993670410112,5.131791125887079,0.9751243781094528,686
deepseek_base_merged_layer16__bigcodebench__layer16__paired_transitions,pass_to_fail,variant_increase_associated_with_regression,p80,1889,0.5587409465564241,0.6734505087881592,0.3333151257754669,5.188543221984286,1.0,419
deepseek_base_merged_layer16__bigcodebench__layer16__paired_transitions,pass_to_fail,variant_increase_associated_with_regression,p90,7510,0.6175857453090894,0.7240980573543015,0.4222219412822111,6.529829981927711,0.2288557213930348,424
deepseek_base_merged_layer16__bigcodebench__layer16__paired_transitions,pass_to_fail,variant_increase_associated_with_regression,p95,7510,0.6060913938914042,0.7395929694727105,0.4048554755533172,5.634240684737438,0.4029850746268656,616
deepseek_base_merged_layer16__bigcodebench__layer16__paired_transitions,pass_to_fail,variant_increase_associated_with_regression,p99,5841,0.5914911853354742,0.6764569842738205,0.3827964648003359,5.2953530496155015,0.6965174129353234,618
deepseek_base_merged_layer16__humanevalplus__layer16__paired_transitions,fail_to_pass,variant_decrease_associated_with_improvement,p50,4957,0.8593619445018132,0.7170138888888888,0.609338734727259,3.5237786719551183,1.0,82
deepseek_base_merged_layer16__humanevalplus__layer16__paired_transitions,fail_to_pass,variant_decrease_associated_with_improvement,p60,4957,0.8566468194888155,0.7152777777777778,0.6017967208022652,3.4259683517778945,1.0,82
deepseek_base_merged_layer16__humanevalplus__layer16__paired_transitions,fail_to_pass,variant_decrease_associated_with_improvement,p70,4957,0.857169847516137,0.7239583333333334,0.6032495764337139,3.515964086164768,1.0,82
deepseek_base_merged_layer16__humanevalplus__layer16__paired_transitions,fail_to_pass,variant_decrease_associated_with_improvement,p80,7786,0.8482216046449265,0.7065972222222222,0.5783933462359069,3.660516363673232,1.0,82
deepseek_base_merged_layer16__humanevalplus__layer16__paired_transitions,fail_to_pass,variant_decrease_associated_with_improvement,p90,11796,0.8868353286996815,0.7621527777777778,0.6856536908324486,3.667427388634917,1.0,82
deepseek_base_merged_layer16__humanevalplus__layer16__paired_transitions,fail_to_pass,variant_decrease_associated_with_improvement,p95,11073,0.8940495374654863,0.8038194444444444,0.7056931596263509,3.961028851853037,1.0,72
deepseek_base_merged_layer16__humanevalplus__layer16__paired_transitions,fail_to_pass,variant_decrease_associated_with_improvement,p99,11627,0.8887896744032912,0.7829861111111112,0.691082428898031,3.640735837369203,1.0,73
deepseek_base_merged_layer16__humanevalplus__layer16__paired_transitions,pass_to_fail,variant_decrease_associated_with_regression,p50,303,1.0,1.0,1.0,5.25085107338707,1.0,6
deepseek_base_merged_layer16__humanevalplus__layer16__paired_transitions,pass_to_fail,variant_decrease_associated_with_regression,p60,10304,1.0,1.0,1.0,5.25085107338707,1.0,5
deepseek_base_merged_layer16__humanevalplus__layer16__paired_transitions,pass_to_fail,variant_decrease_associated_with_regression,p70,618,1.0,1.0,1.0,5.25085107338707,1.0,7
deepseek_base_merged_layer16__humanevalplus__layer16__paired_transitions,pass_to_fail,variant_decrease_associated_with_regression,p80,3674,1.0,1.0,1.0,5.25085107338707,1.0,5
deepseek_base_merged_layer16__humanevalplus__layer16__paired_transitions,pass_to_fail,variant_decrease_associated_with_regression,p90,2097,1.0,1.0,1.0,5.25085107338707,1.0,12
deepseek_base_merged_layer16__humanevalplus__layer16__paired_transitions,pass_to_fail,variant_decrease_associated_with_regression,p95,412,1.0,1.0,1.0,5.25085107338707,1.0,7
deepseek_base_merged_layer16__humanevalplus__layer16__paired_transitions,pass_to_fail,variant_decrease_associated_with_regression,p99,1430,1.0,1.0,1.0,5.25085107338707,1.0,7
deepseek_base_merged_layer16__humanevalplus__layer16__paired_transitions,fail_to_pass,variant_increase_associated_with_improvement,p50,14510,0.8899258381211982,0.8107638888888888,0.6942384392255505,3.740089657468176,1.0,82
deepseek_base_merged_layer16__humanevalplus__layer16__paired_transitions,fail_to_pass,variant_increase_associated_with_improvement,p60,10182,0.8813102547858529,0.8350694444444444,0.6703062632940359,3.556095613854912,1.0,82
deepseek_base_merged_layer16__humanevalplus__layer16__paired_transitions,fail_to_pass,variant_increase_associated_with_improvement,p70,4961,0.8657601450702013,0.7552083333333334,0.6271115140838924,3.482104219929974,1.0,82
deepseek_base_merged_layer16__humanevalplus__layer16__paired_transitions,fail_to_pass,variant_increase_associated_with_improvement,p80,5345,0.8772735636509863,0.7847222222222222,0.6590932323638509,3.6376625049301854,1.0,82
deepseek_base_merged_layer16__humanevalplus__layer16__paired_transitions,fail_to_pass,variant_increase_associated_with_improvement,p90,14110,0.9009889650077472,0.7951388888888888,0.7249693472437421,3.6532727756611343,1.0,82
deepseek_base_merged_layer16__humanevalplus__layer16__paired_transitions,fail_to_pass,variant_increase_associated_with_improvement,p95,1074,0.8732352411410798,0.7673611111111112,0.6478756698363326,3.3139989560868184,1.0,82
deepseek_base_merged_layer16__humanevalplus__layer16__paired_transitions,fail_to_pass,variant_increase_associated_with_improvement,p99,14219,0.858368855539658,0.7829861111111112,0.6065801542768279,3.1903611927414848,1.0,82
deepseek_base_merged_layer16__humanevalplus__layer16__paired_transitions,pass_to_fail,variant_increase_associated_with_regression,p50,3480,1.0,1.0,1.0,4.792367446440776,1.0,82
deepseek_base_merged_layer16__humanevalplus__layer16__paired_transitions,pass_to_fail,variant_increase_associated_with_regression,p60,11045,1.0,1.0,1.0,4.72019857558848,1.0,82
deepseek_base_merged_layer16__humanevalplus__layer16__paired_transitions,pass_to_fail,variant_increase_associated_with_regression,p70,15656,1.0,1.0,1.0,5.25085107338707,1.0,5
deepseek_base_merged_layer16__humanevalplus__layer16__paired_transitions,pass_to_fail,variant_increase_associated_with_regression,p80,14740,1.0,1.0,1.0,4.815869770235922,1.0,82
deepseek_base_merged_layer16__humanevalplus__layer16__paired_transitions,pass_to_fail,variant_increase_associated_with_regression,p90,3306,1.0,1.0,1.0,5.25085107338707,1.0,7
deepseek_base_merged_layer16__humanevalplus__layer16__paired_transitions,pass_to_fail,variant_increase_associated_with_regression,p95,14431,1.0,1.0,1.0,5.25085107338707,1.0,6
deepseek_base_merged_layer16__humanevalplus__layer16__paired_transitions,pass_to_fail,variant_increase_associated_with_regression,p99,3617,1.0,1.0,1.0,5.25085107338707,1.0,6
