feature_id,aggregation,analysis_column,selected_category,selected_pr_auc,selected_normalized_effect,selected_effect_to_variability,p_maxT,support_ok,difference_count,difference_proportion,unique_differential_values,base_contribution_mean,variant_contribution_mean,differential_mean,differential_median,regression_differential_mean,regression_differential_median,preserved_success_differential_mean,preserved_success_differential_median,improvement_differential_mean,improvement_differential_median,persistent_failure_differential_mean,persistent_failure_differential_median,variant_increase_associated_with_regression_pr_auc,variant_increase_associated_with_regression_roc_auc,variant_increase_associated_with_regression_baseline,variant_increase_associated_with_regression_normalized_effect,variant_increase_associated_with_regression_effect_to_variability,variant_decrease_associated_with_regression_pr_auc,variant_decrease_associated_with_regression_roc_auc,variant_decrease_associated_with_regression_baseline,variant_decrease_associated_with_regression_normalized_effect,variant_decrease_associated_with_regression_effect_to_variability,variant_increase_associated_with_improvement_pr_auc,variant_increase_associated_with_improvement_roc_auc,variant_increase_associated_with_improvement_baseline,variant_increase_associated_with_improvement_normalized_effect,variant_increase_associated_with_improvement_effect_to_variability,variant_decrease_associated_with_improvement_pr_auc,variant_decrease_associated_with_improvement_roc_auc,variant_decrease_associated_with_improvement_baseline,variant_decrease_associated_with_improvement_normalized_effect,variant_decrease_associated_with_improvement_effect_to_variability,case_id
4815,p80,53967,variant_decrease_associated_with_regression,0.9916052550171088,0.862536050905159,4.101975953231752,0.0049751243781094,True,1008,1.0,1008,0.6511185765266418,0.4073513746261596,-0.2437671422958374,-0.2326865196228027,-0.2267063707113266,-0.2151686549186706,-0.0471274331212043,-0.0505894720554351,0.0094630420207977,-0.0075413286685943,-0.2546727657318115,-0.2388469576835632,0.8657028158621382,0.119410569105691,0.9389312977099236,-1.1991163902574882,-5.456262997649918,0.9916052550171088,0.880589430894309,0.9389312977099236,0.862536050905159,4.101975953231752,0.0759803921568627,0.9533423059668013,0.0040214477211796,0.0722494919906051,1.4344748688776812,0.0027791143524139,0.0466576940331987,0.0040214477211796,-0.0012473495196489,-0.2645339455632192,codellama_base_merged_layer16__bigcodebench__layer16__paired_transitions
8994,p99,107298,variant_decrease_associated_with_regression,0.991893516145236,0.8672563268782398,3.702356334714292,0.0049751243781094,True,1008,1.0,1008,1.583928465843201,1.1426891088485718,-0.4412393271923065,-0.4013453722000122,-0.3787542879581451,-0.3720848858356476,0.1815335154533386,0.0982389450073242,-0.2720364332199096,-0.0715794563293457,-0.4760217368602752,-0.4272397756576538,0.8673832952745198,0.1178861788617886,0.9389312977099236,-1.1715985398797375,-5.197010167344018,0.991893516145236,0.8821138211382114,0.9389312977099236,0.8672563268782398,3.702356334714292,0.0121525924195916,0.6523104531179902,0.0040214477211796,0.008163975699886,-0.0406034470992612,0.0046625399110733,0.3476895468820098,0.0040214477211796,0.0006436807182512,-0.3486477181160696,codellama_base_merged_layer16__bigcodebench__layer16__paired_transitions
13439,p80,62591,variant_decrease_associated_with_regression,0.9913743136364483,0.8587543857968435,3.571960586794674,0.0049751243781094,True,1008,1.0,1008,1.024886131286621,0.6286076903343201,-0.3962785005569458,-0.4098869562149048,-0.3600718080997467,-0.3620479106903076,0.0591237656772136,0.0840737223625183,-0.2891474068164825,-0.2958604693412781,-0.4185054898262024,-0.4248800873756408,0.8533644409412036,0.1138211382113821,0.9389312977099236,-1.401157279587792,-5.991548484475337,0.9913743136364483,0.8861788617886179,0.9389312977099236,0.8587543857968435,3.571960586794674,0.0096371156230311,0.6558995065051593,0.0040214477211796,0.0056383422002438,-0.0871419236773152,0.0039638049759507,0.3441004934948407,0.0040214477211796,-5.787548848016023e-05,-0.289757518815696,codellama_base_merged_layer16__bigcodebench__layer16__paired_transitions
14336,p90,79872,variant_decrease_associated_with_regression,0.9886551214640285,0.8142276139734641,3.8991621782448056,0.0099502487562189,True,1008,1.0,1008,1.3475829362869265,0.8439681529998779,-0.5036148428916931,-0.4493992924690246,-0.4591947197914123,-0.4039939641952514,-0.0518872179090976,-0.0796921253204345,-0.3581345379352569,-0.3319143056869507,-0.5286369323730469,-0.4755919575691223,0.8687038709996387,0.1552337398373983,0.9389312977099236,-1.1499741123809155,-5.538224935759719,0.9886551214640285,0.8447662601626016,0.9389312977099236,0.8142276139734641,3.8991621782448056,0.0080696046534555,0.639300134589502,0.0040214477211796,0.0040645021150442,-0.1032246214440195,0.0040470938329242,0.360699865410498,0.0040214477211796,2.5749662666925422e-05,-0.309294302940876,codellama_base_merged_layer16__bigcodebench__layer16__paired_transitions
4567,p60,20951,variant_decrease_associated_with_regression,0.9881743622967442,0.8063551826091856,3.8155342211174186,0.0099502487562189,True,1008,1.0,1008,0.8340213298797607,0.3965257406234741,-0.4374955892562866,-0.452166736125946,-0.4034843742847442,-0.4193378686904907,-0.1562594324350357,-0.1490335613489151,-0.1209749802947044,-0.0760160088539123,-0.4560905992984772,-0.4656114876270294,0.8862919770547615,0.1664126016260162,0.9389312977099236,-0.8619688757282811,-4.400209097240074,0.9881743622967442,0.8335873983739838,0.9389312977099236,0.8063551826091856,3.8155342211174186,0.3544988088693421,0.6989681471511888,0.0040214477211796,0.3518924783533367,9.546369197835936,0.005450102111116,0.3010318528488111,0.0040214477211796,0.0014344228464233,-0.2051022927347847,codellama_base_merged_layer16__bigcodebench__layer16__paired_transitions
11344,p99,109648,variant_decrease_associated_with_regression,0.9889901333057368,0.8197134328814386,3.8038509395452462,0.0099502487562189,True,1008,1.0,1008,1.5522127151489258,1.2238786220550537,-0.3283340334892273,-0.3036853075027466,-0.2383948266506195,-0.214434266090393,0.2987880706787109,0.3390074372291565,-0.0472342558205127,-0.0509827136993408,-0.3727516829967499,-0.3542312383651733,0.8645066194530707,0.1465955284552845,0.9389312977099236,-1.2187041064559672,-5.719378252284295,0.9889901333057368,0.8534044715447154,0.9389312977099236,0.8197134328814386,3.8038509395452462,0.0108333716345932,0.7653656348138178,0.0040214477211796,0.0068394283168324,-0.0573355443407231,0.0034227444615158,0.2346343651861821,0.0040214477211796,-0.000601120634871,-0.3518575011865698,codellama_base_merged_layer16__bigcodebench__layer16__paired_transitions
4567,p50,4567,variant_decrease_associated_with_regression,0.9884030862905256,0.8101005380073574,3.799989550244133,0.0099502487562189,True,1008,1.0,1008,0.7419784665107727,0.3190167844295501,-0.4229617118835449,-0.4396412670612335,-0.3949249982833862,-0.4044736623764038,-0.1691552102565765,-0.1665559709072113,-0.1416944712400436,-0.048878788948059,-0.4388456046581268,-0.4543043971061706,0.8869350510361239,0.1646341463414634,0.9389312977099236,-0.8514385392834712,-4.409493551325975,0.9884030862905256,0.8353658536585366,0.9389312977099236,0.8101005380073574,3.799989550244133,0.3615600624024961,0.7034544638851503,0.0040214477211796,0.3589822430043904,9.61197336104221,0.0054084976959412,0.2965455361148497,0.0040214477211796,0.0013926504457229,-0.3418835242424514,codellama_base_merged_layer16__bigcodebench__layer16__paired_transitions
11883,p70,44651,variant_decrease_associated_with_regression,0.989258856112246,0.8241137688380293,3.701391508950873,0.0099502487562189,True,1008,1.0,1008,0.9298102855682372,0.4965559244155884,-0.4332543611526489,-0.4098396897315979,-0.4310094714164734,-0.4109906554222107,-0.175585463643074,-0.1929075419902801,-0.3800607025623321,-0.3230222463607788,-0.4397611021995544,-0.412610113620758,0.8697502933125604,0.1463414634146341,0.9389312977099236,-1.1328389470068243,-5.355341154333893,0.989258856112246,0.8536585365853658,0.9389312977099236,0.8241137688380293,3.701391508950873,0.0074284462364635,0.5845670704351728,0.0040214477211796,0.0034207549022904,-0.2527829021786557,0.0049045204687228,0.4154329295648273,0.0040214477211796,0.0008866383171833,-0.2463998202843332,codellama_base_merged_layer16__bigcodebench__layer16__paired_transitions
11883,p80,61035,variant_decrease_associated_with_regression,0.989208784657826,0.8232938487719011,3.6562891504386537,0.0099502487562189,True,1008,1.0,1008,1.0633600950241089,0.5975764393806458,-0.4657837450504303,-0.4361321032047272,-0.4642875492572784,-0.4457123875617981,-0.1927510946989059,-0.1827482283115387,-0.4221579134464264,-0.3192848563194275,-0.4723348617553711,-0.4407725930213928,0.8737892886846788,0.1473577235772357,0.9389312977099236,-1.0667003977883858,-4.997439543040786,0.989208784657826,0.8526422764227642,0.9389312977099236,0.8232938487719011,3.6562891504386537,0.0066026334326139,0.5612382234185733,0.0040214477211796,0.0025916077264199,-0.2571870739671489,0.0050063447073413,0.4387617765814266,0.0040214477211796,0.0009888736900089,-0.2463110739565069,codellama_base_merged_layer16__bigcodebench__layer16__paired_transitions
11883,p60,28267,variant_decrease_associated_with_regression,0.9886883792391352,0.8147722100408373,3.655953005163109,0.0099502487562189,True,1008,1.0,1008,0.8182341456413269,0.4129766225814819,-0.4052575528621673,-0.3856536448001861,-0.4078063070774078,-0.3854126334190368,-0.1808973252773285,-0.2261758893728256,-0.3738007545471191,-0.3733329772949219,-0.4093721508979797,-0.3889695107936859,0.8756527108093806,0.1557418699186991,0.9389312977099236,-1.0361868604963935,-4.839239313925813,0.9886883792391352,0.8442581300813008,0.9389312977099236,0.8147722100408373,3.655953005163109,0.0065474513239885,0.5397039030955586,0.0040214477211796,0.0025362028098189,-0.3343470616176158,0.0051116797817814,0.4602960969044414,0.0040214477211796,0.0010946340743054,-0.2356534635072187,codellama_base_merged_layer16__bigcodebench__layer16__paired_transitions
9442,p80,58594,variant_decrease_associated_with_regression,0.9888518506054224,0.8174490536637911,3.61018883685499,0.0099502487562189,True,1008,1.0,1008,0.8817434310913086,0.836134672164917,-0.0456087589263916,-0.0462009906768798,-0.0435789860785007,-0.028566837310791,0.2606546878814697,0.2290661036968231,0.1600741744041443,0.2797777354717254,-0.0537064485251903,-0.0567001104354858,0.8570726123174368,0.1369410569105691,0.9389312977099236,-1.3404359733019726,-5.935797852468871,0.9888518506054224,0.8630589430894309,0.9389312977099236,0.8174490536637911,3.61018883685499,0.018994304362218,0.7541498429789143,0.0040214477211796,0.0150333123206119,0.1889980374108847,0.0034922769029648,0.2458501570210857,0.0040214477211796,-0.0005313074433219,-0.5060800891147768,codellama_base_merged_layer16__bigcodebench__layer16__paired_transitions
13439,p95,95359,variant_decrease_associated_with_regression,0.9903306511514413,0.8416644126048487,3.602137595976178,0.0099502487562189,True,1008,1.0,1008,1.3657773733139038,0.9049416184425354,-0.4608358144760132,-0.483180969953537,-0.4287299811840057,-0.4462966024875641,0.0767054334282875,-0.0006319880485534,-0.6241574287414551,-0.5801954865455627,-0.4823818802833557,-0.5019562244415283,0.8630976268460128,0.1349085365853658,0.9389312977099236,-1.2417763603965413,-5.451543623674497,0.9903306511514413,0.8650914634146342,0.9389312977099236,0.8416644126048487,3.602137595976178,0.0039858893505477,0.354419021982952,0.0040214477211796,-3.570194413370961e-05,-0.3481708112166949,0.0073927693142984,0.6455809780170481,0.0040214477211796,0.0033849339279497,-0.2326702591236904,codellama_base_merged_layer16__bigcodebench__layer16__paired_transitions
13681,p90,79217,variant_decrease_associated_with_regression,0.9882936068659042,0.8083078124291808,3.550945154195501,0.0099502487562189,True,1008,1.0,1008,1.0540144443511963,0.6909066438674927,-0.3631077110767364,-0.3503590822219848,-0.3292636573314667,-0.3271773159503937,-0.0705714151263237,-0.0218068957328796,-0.1539634317159652,-0.1886211037635803,-0.3814572095870971,-0.3768898248672485,0.8816626627835243,0.1600609756097561,0.9389312977099236,-0.9377738969197892,-4.094867178087192,0.9882936068659042,0.8399390243902439,0.9389312977099236,0.8083078124291808,3.550945154195501,0.018046407105798,0.82907133243607,0.0040214477211796,0.0140815877536007,0.1408963628530969,0.0031355290863975,0.17092866756393,0.0040214477211796,-0.0008894956952186,-0.6101267945288246,codellama_base_merged_layer16__bigcodebench__layer16__paired_transitions
15525,p95,97445,variant_decrease_associated_with_regression,0.9884889331266906,0.8115062799495588,3.5385181225368765,0.0099502487562189,True,1008,1.0,1008,1.0248725414276123,0.7836337685585022,-0.2412387132644653,-0.2175837755203247,-0.2321877926588058,-0.2026339471340179,0.0137452110648155,0.0123644769191741,-0.1712951064109802,-0.1438794732093811,-0.2500086724758148,-0.2260300517082214,0.8827303087939978,0.1636178861788617,0.9389312977099236,-0.9202911934982858,-4.379950973283598,0.9884889331266906,0.8363821138211383,0.9389312977099236,0.8115062799495588,3.5385181225368765,0.0111886818084782,0.5899506505159264,0.0040214477211796,0.0071961731212985,-0.1080692993569676,0.0050781372724268,0.4100493494840735,0.0040214477211796,0.0010609561308619,-0.2605351604570821,codellama_base_merged_layer16__bigcodebench__layer16__paired_transitions
2264,p80,51416,variant_decrease_associated_with_regression,0.9901680285121444,0.8390014668863657,3.5325816108279358,0.0099502487562189,True,1008,1.0,1008,0.9755297303199768,0.5590912699699402,-0.4164384603500366,-0.4089176058769226,-0.4123597145080566,-0.3972962498664856,-0.139477252960205,-0.153724193572998,-0.4157539904117584,-0.3792693316936493,-0.4237558245658874,-0.4161345064640045,0.8676995421479501,0.1349085365853658,0.9389312977099236,-1.1664199973273175,-5.031212976208439,0.9901680285121444,0.8650914634146342,0.9389312977099236,0.8390014668863657,3.5325816108279358,0.0052110852270646,0.5033647375504711,0.0040214477211796,0.00119444088747,-0.3182092930451591,0.0051105013904009,0.4966352624495289,0.0040214477211796,0.0010934509249516,-0.2763067306433165,codellama_base_merged_layer16__bigcodebench__layer16__paired_transitions
13439,p99,111743,variant_decrease_associated_with_regression,0.9882167387765102,0.807049097465354,3.5121262061463328,0.0099502487562189,True,1008,1.0,1008,1.6374685764312744,1.183605670928955,-0.4538629949092865,-0.4880356788635254,-0.4090280830860138,-0.4395895004272461,0.3014600872993469,0.1713541746139526,-0.7896373867988586,-0.8755028247833252,-0.4836170375347137,-0.5129420757293701,0.8625788682176099,0.150660569105691,0.9389312977099236,-1.2502710329366389,-5.547982331819932,0.9882167387765102,0.849339430894309,0.9389312977099236,0.807049097465354,3.5121262061463328,0.0035210586276018,0.2696276357110812,0.0040214477211796,-0.0005024095071453,-0.4335497630729964,0.0111980724396685,0.7303723642889188,0.0040214477211796,0.0072056016689,-0.12093685260685,codellama_base_merged_layer16__bigcodebench__layer16__paired_transitions
13439,p90,78975,variant_decrease_associated_with_regression,0.989545042350797,0.8288000684943007,3.5027405394995577,0.0099502487562189,True,1008,1.0,1008,1.2094557285308838,0.7739366888999939,-0.435519129037857,-0.4493069052696228,-0.4065561592578888,-0.410986453294754,0.0356323011219501,0.0638092160224914,-0.5179993510246277,-0.4874760508537292,-0.4549214243888855,-0.4670806527137756,0.8602918674516687,0.1397357723577235,0.9389312977099236,-1.2877206704789246,-5.544054789969894,0.989545042350797,0.8602642276422764,0.9389312977099236,0.8288000684943007,3.5027405394995577,0.0045497028954611,0.4347240915208614,0.0040214477211796,0.0005303881023069,-0.3535875426640944,0.0059233784663407,0.5652759084791387,0.0040214477211796,0.0019096101425171,-0.2560043193080214,codellama_base_merged_layer16__bigcodebench__layer16__paired_transitions
6058,p50,6058,variant_decrease_associated_with_regression,0.9880876297451257,0.8049349370764325,3.501310233985247,0.0099502487562189,True,1008,1.0,1008,0.5765451788902283,0.43683922290802,-0.1397059559822082,-0.1342535018920898,-0.0954367592930793,-0.0910665094852447,0.0983750075101852,0.1084151566028595,0.0131509499624371,-0.0030886530876159,-0.1601071655750274,-0.1554714143276214,0.8837304822358705,0.1638719512195122,0.9389312977099236,-0.9039133533876212,-4.9878303329576825,0.9880876297451257,0.8361280487804879,0.9389312977099236,0.8049349370764325,3.501310233985247,0.0124419128203821,0.7891431135038134,0.0040214477211796,0.0084544642853365,-0.0097929353981606,0.0032997375994934,0.2108568864961866,0.0040214477211796,-0.0007246241598625,-0.3248726882068632,codellama_base_merged_layer16__bigcodebench__layer16__paired_transitions
9150,p99,107454,variant_decrease_associated_with_regression,0.9884826579631532,0.8114035241466329,3.491542893352864,0.0099502487562189,True,1008,1.0,1008,1.764333724975586,1.2109626531600952,-0.553371012210846,-0.5362846255302429,-0.5475712418556213,-0.562279224395752,-0.1021801680326461,-0.1122850179672241,-0.2101027965545654,-0.1453540325164795,-0.5663933753967285,-0.5387356281280518,0.8784459449073744,0.1585365853658536,0.9389312977099236,-0.9904476521417448,-4.614403831244225,0.9884826579631532,0.8414634146341463,0.9389312977099236,0.8114035241466329,3.491542893352864,0.0131276424589366,0.7783759533423059,0.0040214477211796,0.0091429626842082,0.0236144861035283,0.0033081974580491,0.221624046657694,0.0040214477211796,-0.0007161301430623,-0.2726615154729048,codellama_base_merged_layer16__bigcodebench__layer16__paired_transitions
9150,p95,91070,variant_decrease_associated_with_regression,0.9899838402966098,0.8359853848569854,3.47909172984571,0.0099502487562189,True,1008,1.0,1008,1.4360946416854858,0.9957905411720276,-0.4403040409088135,-0.4124906659126282,-0.4318328499794006,-0.4068718552589416,-0.0309832990169525,-0.028075635433197,-0.1398553848266601,-0.1037776470184326,-0.4531363248825073,-0.4242057800292969,0.871793428273275,0.1384654471544715,0.9389312977099236,-1.0993826120251222,-4.7722735258879245,0.9899838402966098,0.8615345528455285,0.9389312977099236,0.8359853848569854,3.47909172984571,0.0237583617922054,0.7433826828174069,0.0040214477211796,0.019816605514112,0.4906167037729868,0.0035177302451491,0.2566173171825931,0.0040214477211796,-0.0005057513285582,-0.2613273974395297,codellama_base_merged_layer16__bigcodebench__layer16__paired_transitions
15525,p99,113829,variant_decrease_associated_with_regression,0.9885279617345244,0.8121453734028351,3.4620883281645893,0.0099502487562189,True,1008,1.0,1008,1.3001422882080078,0.950074315071106,-0.3500679731369018,-0.3219895958900451,-0.3503884375095367,-0.3180173635482788,0.0094695724546909,0.0209301114082336,-0.1319499164819717,-0.1054658889770507,-0.3585849404335022,-0.3324396014213562,0.8723956799143069,0.1521849593495935,0.9389312977099236,-1.089520741403225,-4.836632319643772,0.9885279617345244,0.8478150406504065,0.9389312977099236,0.8121453734028351,3.4620883281645893,0.0112468591040019,0.7590847913862718,0.0040214477211796,0.0072545853184191,-0.0991792779630864,0.0033958044652808,0.2409152086137281,0.0040214477211796,-0.0006281694063263,-0.4410794310481634,codellama_base_merged_layer16__bigcodebench__layer16__paired_transitions
10,p99,98314,variant_decrease_associated_with_regression,0.9892932812896132,0.8246774811174151,3.4430048290482094,0.0099502487562189,True,1008,1.0,1008,1.327570557594299,0.9742441177368164,-0.3533263802528381,-0.3284384608268738,-0.3693834841251373,-0.3208816349506378,0.009389191865921,0.0173209309577941,-0.6401365399360657,-0.3900662064552307,-0.3546628057956695,-0.3368231654167175,0.8803210276847352,0.148119918699187,0.9389312977099236,-0.9597431716624616,-3.94115667967553,0.9892932812896132,0.851880081300813,0.9389312977099236,0.8246774811174151,3.4430048290482094,0.0037096553566031,0.2938537460744728,0.0040214477211796,-0.0003130512839489,-0.2422086433284759,0.0421187591692246,0.7061462539255271,0.0040214477211796,0.0382511363933264,0.8200159807736971,codellama_base_merged_layer16__bigcodebench__layer16__paired_transitions
7313,p50,7313,variant_decrease_associated_with_regression,0.9884959416598268,0.8116210446796637,3.429637808870554,0.0099502487562189,True,1008,1.0,1008,0.7709633708000183,0.3505280911922455,-0.4204353392124176,-0.4077051281929016,-0.3953059017658233,-0.390396773815155,-0.1805772185325622,-0.1841035932302475,-0.3092822730541229,-0.2951870560646057,-0.4343694746494293,-0.422116219997406,0.8733355102579855,0.1554878048780487,0.9389312977099236,-1.0741310195254876,-4.697790994546994,0.9884959416598268,0.8445121951219512,0.9389312977099236,0.8116210446796637,3.429637808870554,0.0118008912262794,0.6899955136832661,0.0040214477211796,0.0078108544479199,0.179812880602988,0.0038058210792774,0.3100044863167339,0.0040214477211796,-0.0002164972743728,-0.4001532396636071,codellama_base_merged_layer16__bigcodebench__layer16__paired_transitions
13439,p70,46207,variant_decrease_associated_with_regression,0.988573510549882,0.8128912352543171,3.394012814752076,0.0099502487562189,True,1008,1.0,1008,0.8962897658348083,0.5314772129058838,-0.3648125827312469,-0.3846996426582336,-0.3303364813327789,-0.3399998545646667,0.0259860157966613,0.0624145865440368,-0.2276484966278076,-0.2895574569702148,-0.3851966857910156,-0.4047700762748718,0.8594247729749951,0.142530487804878,0.9389312977099236,-1.3019193425344555,-5.580709255979665,0.988573510549882,0.8574695121951219,0.9389312977099236,0.8128912352543171,3.394012814752076,0.0177687727480918,0.6796769851951547,0.0040214477211796,0.0138028323957961,0.2345270454873014,0.0038335520330132,0.3203230148048452,0.0040214477211796,-0.0001886543517794,-0.4909176513937033,codellama_base_merged_layer16__bigcodebench__layer16__paired_transitions
14336,p95,96256,variant_decrease_associated_with_regression,0.9875164370520338,0.7955816567270542,3.8557287302946697,0.0199004975124378,True,1008,1.0,1007,1.5043823719024658,1.0089493989944458,-0.4954331517219543,-0.4331637620925903,-0.4385853409767151,-0.3871927261352539,-0.0276418700814247,-0.0457577109336853,-0.4046701192855835,-0.468640923500061,-0.5246949195861816,-0.4601324796676636,0.872600688101477,0.1671747967479674,0.9389312977099236,-1.086163732338315,-5.288043199192474,0.9875164370520338,0.8328252032520326,0.9389312977099236,0.7955816567270542,3.8557287302946697,0.0069656490173158,0.5648272768057425,0.0040214477211796,0.0029560890537249,-0.1474794749175852,0.0046762461589718,0.4351727231942575,0.0040214477211796,0.0006574423076622,-0.2535514903634197,codellama_base_merged_layer16__bigcodebench__layer16__paired_transitions
12197,p99,110501,variant_decrease_associated_with_regression,0.987982172097548,0.8032080680973488,3.612142138846649,0.0199004975124378,True,1008,1.0,1008,1.4375157356262207,0.8729956150054932,-0.5645201802253723,-0.534451961517334,-0.5446729063987732,-0.5326573252677917,-0.2134315073490142,-0.2262243330478668,-0.4268383085727691,-0.4306764602661133,-0.5792078375816345,-0.5400422811508179,0.8801324781485487,0.1653963414634146,0.9389312977099236,-0.9628306703175158,-4.474373445774635,0.987982172097548,0.8346036585365854,0.9389312977099236,0.8032080680973488,3.612142138846649,0.0079064477896494,0.6711529834006281,0.0040214477211796,0.0039006864752065,-0.1209270435661784,0.0038253153930889,0.3288470165993719,0.0040214477211796,-0.0001969242486617,-0.2763539094435752,codellama_base_merged_layer16__bigcodebench__layer16__paired_transitions
14336,p60,30720,variant_decrease_associated_with_regression,0.9876237443906491,0.7973388143968816,3.608438060549948,0.0199004975124378,True,1008,1.0,1008,0.9150350093841552,0.4292918443679809,-0.4857431948184967,-0.4743607640266418,-0.4611149430274963,-0.4564681053161621,-0.1571616530418396,-0.1651711761951446,-0.3277990818023681,-0.392885684967041,-0.5016108751296997,-0.4905964434146881,0.8747887388612796,0.1636178861788617,0.9389312977099236,-1.0503344011465467,-4.90758958470805,0.9876237443906491,0.8363821138211383,0.9389312977099236,0.7973388143968816,3.608438060549948,0.0231705698336849,0.6666666666666666,0.0040214477211796,0.0192264402367818,0.2463788651295721,0.0039384873029029,0.3333333333333333,0.0040214477211796,-8.329538631816331e-05,-0.397562682097092,codellama_base_merged_layer16__bigcodebench__layer16__paired_transitions
8370,p95,90290,variant_decrease_associated_with_regression,0.9878259272979776,0.800649559504381,3.554304126757037,0.0199004975124378,True,1008,1.0,1008,1.3341991901397705,0.8573581576347351,-0.4768410325050354,-0.4411716759204864,-0.4480661451816559,-0.3967525959014892,-0.0363499037921428,-0.0298327505588531,-0.265346884727478,-0.4033666849136352,-0.4967077672481537,-0.4657287001609802,0.8813190171892102,0.1664126016260162,0.9389312977099236,-0.9434010935266826,-4.262897119901613,0.9878259272979776,0.8335873983739838,0.9389312977099236,0.800649559504381,3.554304126757037,0.0119523971824585,0.6567967698519516,0.0040214477211796,0.0079629721374348,0.0577454356467915,0.0039686474927119,0.3432032301480484,0.0040214477211796,-5.3013419161383725e-05,-0.3996333072478871,codellama_base_merged_layer16__bigcodebench__layer16__paired_transitions
13681,p80,62833,variant_decrease_associated_with_regression,0.9878897685634366,0.801694960226274,3.548337055876751,0.0199004975124378,True,1008,1.0,1008,0.8752526044845581,0.5808582901954651,-0.2943942844867706,-0.2900590896606445,-0.2705171108245849,-0.2676686644554138,-0.0378173999488353,-0.0425092875957489,-0.0651889666914939,-0.0367034673690795,-0.3087504804134369,-0.3032869100570678,0.8759203438737431,0.1600609756097561,0.9389312977099236,-1.0318043690674576,-4.556320667011949,0.9878897685634366,0.8399390243902439,0.9389312977099236,0.801694960226274,3.548337055876751,0.0277519490737429,0.8721399730820996,0.0040214477211796,0.0238263176433542,0.4228472522542195,0.0029750453315557,0.1278600269179004,0.0040214477211796,-0.0010506274329197,-0.5887887188435247,codellama_base_merged_layer16__bigcodebench__layer16__paired_transitions
5373,p70,38141,variant_decrease_associated_with_regression,0.9879267439609116,0.8023004323599296,3.5444327669728533,0.0199004975124378,True,1008,1.0,1008,0.6677140593528748,0.5753035545349121,-0.0924104526638984,-0.089165598154068,-0.0521920658648014,-0.0424857139587402,0.1523897498846054,0.1179640591144561,0.0329608730971813,0.0384614467620849,-0.1115041673183441,-0.1129975914955139,0.8781527819729753,0.1626016260162601,0.9389312977099236,-0.9952481951925296,-4.659637481328235,0.9879267439609116,0.8373983739837398,0.9389312977099236,0.8023004323599296,3.5444327669728533,0.0117988379677316,0.7828622700762674,0.0040214477211796,0.0078087928989607,-0.0066302727931201,0.00337828347216,0.2171377299237326,0.0040214477211796,-0.0006457611436993,-0.2883392728646844,codellama_base_merged_layer16__bigcodebench__layer16__paired_transitions
3569,p50,3569,variant_increase_associated_with_regression,0.9878964565042364,0.8018044752568712,3.499979411794105,0.0199004975124378,True,1008,1.0,1008,0.4892914891242981,0.6644455790519714,0.1751541048288345,0.039544865489006,0.1207053810358047,0.0084402710199356,-0.2057736217975616,-0.2335982620716095,-0.0953005254268646,-0.0123974382877349,0.2024765759706497,0.0656866729259491,0.9878964565042364,0.8358739837398373,0.9389312977099236,0.8018044752568712,3.499979411794105,0.8769910745042073,0.1641260162601626,0.9389312977099236,-1.0142711549936054,-4.789812916964037,0.0036279453271176,0.281740690892777,0.0040214477211796,-0.0003950912327998,-0.2914085600367566,0.011619109450104,0.718259309107223,0.0040214477211796,0.0076283386941825,-0.1206332432734087,codellama_base_merged_layer16__bigcodebench__layer16__paired_transitions
4923,p90,70459,variant_decrease_associated_with_regression,0.9879911289366228,0.8033547363371961,3.4844318694398906,0.0199004975124378,True,1008,1.0,1008,0.7408159971237183,0.6540891528129578,-0.0867269709706306,-0.0721979141235351,-0.0799327045679092,-0.06219482421875,0.1141497194766998,0.0732656121253967,0.0949823185801506,0.0054959058761596,-0.0940359160304069,-0.0786370635032653,0.8682691305243824,0.1623475609756097,0.9389312977099236,-1.157092987663239,-5.058462692092879,0.9879911289366228,0.8376524390243902,0.9389312977099236,0.8033547363371961,3.4844318694398906,0.0714479112944816,0.6514131897711979,0.0040214477211796,0.0676987103979587,1.6461116031468577,0.0043495218710326,0.3485868102288021,0.0040214477211796,0.0003293988099466,-0.2848877194274429,codellama_base_merged_layer16__bigcodebench__layer16__paired_transitions
11883,p90,77419,variant_decrease_associated_with_regression,0.9880401332503684,0.8041571819747831,3.475904892176059,0.0199004975124378,True,1008,1.0,1008,1.250543475151062,0.7470391988754272,-0.5035042762756348,-0.4744625091552734,-0.4967389106750488,-0.4770790636539459,-0.1941129714250564,-0.2154453098773956,-0.422124832868576,-0.3700917959213257,-0.5127353072166443,-0.4779931902885437,0.8779645949834227,0.1641260162601626,0.9389312977099236,-0.9983297571464532,-4.5439654502397415,0.9880401332503684,0.8358739837398373,0.9389312977099236,0.8041571819747831,3.475904892176059,0.0068796992481203,0.5890533871691341,0.0040214477211796,0.0028697922464303,-0.2537757202641869,0.0045403538647935,0.4109466128308658,0.0040214477211796,0.0005210013231978,-0.4231450412346884,codellama_base_merged_layer16__bigcodebench__layer16__paired_transitions
2264,p60,18648,variant_decrease_associated_with_regression,0.9880022560651404,0.8035369430666752,3.452271711929279,0.0199004975124378,True,1008,1.0,1008,0.7152775526046753,0.4222124516963959,-0.2930650413036346,-0.2877345383167267,-0.2903388142585754,-0.2824969291687011,-0.0830564796924591,-0.121649220585823,-0.3274594247341156,-0.333865612745285,-0.2983512282371521,-0.2918895781040191,0.8724987908983431,0.1638719512195122,0.9389312977099236,-1.0878322990396312,-4.700615866069171,0.9880022560651404,0.8361280487804879,0.9389312977099236,0.8035369430666752,3.452271711929279,0.0045321298308454,0.4297891431135038,0.0040214477211796,0.0005127440831907,-0.4591984048079272,0.0061554231808634,0.5702108568864962,0.0040214477211796,0.002142591780517,-0.2232019445831126,codellama_base_merged_layer16__bigcodebench__layer16__paired_transitions
15500,p95,97420,variant_decrease_associated_with_regression,0.9875427363962944,0.796012308489321,3.430623499020378,0.0199004975124378,True,1008,1.0,1008,1.0764720439910889,0.826666533946991,-0.2498055696487426,-0.1784274876117706,-0.2473854124546051,-0.1531053185462951,0.0954406261444091,0.0577538907527923,-0.0360117740929126,-0.0657732486724853,-0.258904755115509,-0.1902575492858886,0.8766794277685456,0.1666666666666666,0.9389312977099236,-1.0193743702900666,-4.445709255899246,0.9875427363962944,0.8333333333333334,0.9389312977099236,0.796012308489321,3.430623499020378,0.0118499094557273,0.7379991027366533,0.0040214477211796,0.0078600705975405,-0.0857445260063163,0.0034782013695957,0.2620008972633468,0.0040214477211796,-0.0005454398092619,-0.5122030953947994,codellama_base_merged_layer16__bigcodebench__layer16__paired_transitions
4815,p90,70351,variant_decrease_associated_with_regression,0.987372997831368,0.7932328394886529,3.733679629359372,0.0248756218905472,True,1008,1.0,1008,0.7783510088920593,0.4938044846057892,-0.2845464944839477,-0.2705554068088531,-0.2627954483032226,-0.2430760264396667,-0.0850892588496208,-0.1291094720363617,-0.0320203304290771,-0.0293340682983398,-0.297062873840332,-0.2789170145988464,0.8826043739247696,0.1720020325203252,0.9389312977099236,-0.9223533769818972,-4.134549318574517,0.987372997831368,0.8279979674796748,0.9389312977099236,0.7932328394886529,3.733679629359372,0.0468636824569028,0.9470614625392552,0.0040214477211796,0.0430152181868768,0.7915810367531989,0.0028130782617294,0.0529385374607447,0.0040214477211796,-0.0012132484747642,-0.3916055687507596,codellama_base_merged_layer16__bigcodebench__layer16__paired_transitions
4815,p50,4815,variant_decrease_associated_with_regression,0.9871920801586698,0.7902703125982175,3.67028784826332,0.0298507462686567,True,1008,1.0,1008,0.4268131554126739,0.2547890841960907,-0.1720240861177444,-0.1668868660926818,-0.1575291007757187,-0.1564242541790008,-0.030903223901987,-0.0259101241827011,0.0364579074084758,-0.0029685199260711,-0.1807039678096771,-0.1761259734630584,0.8835247965324027,0.1758130081300813,0.9389312977099236,-0.9072814567819064,-4.15346543046538,0.9871920801586698,0.8241869918699187,0.9389312977099236,0.7902703125982175,3.67028784826332,0.3582020389249304,0.9416778824585016,0.0040214477211796,0.3556106608855964,19.76634929847804,0.0028017232197639,0.0583221175414984,0.0040214477211796,-0.001224649364813,-0.4333744763097674,codellama_base_merged_layer16__bigcodebench__layer16__paired_transitions
14336,p80,63488,variant_decrease_associated_with_regression,0.9872600832282836,0.7913838628631461,3.651590446183621,0.0298507462686567,True,1008,1.0,1008,1.1602579355239868,0.6528187394142151,-0.5074391961097717,-0.4774448573589325,-0.4714285433292389,-0.4310235381126404,-0.1040057092905044,-0.0999610722064971,-0.3739612102508545,-0.3527567386627197,-0.528588593006134,-0.4997534155845642,0.8659375004740872,0.1664126016260162,0.9389312977099236,-1.1952734297368215,-5.709258881784819,0.9872600832282836,0.8335873983739838,0.9389312977099236,0.7913838628631461,3.651590446183621,0.0091154493520129,0.6455809780170481,0.0040214477211796,0.0051145696051166,-0.1021965648337193,0.004041150578964,0.354419021982952,0.0040214477211796,1.9782411718957712e-05,-0.2843732028670229,codellama_base_merged_layer16__bigcodebench__layer16__paired_transitions
14336,p70,47104,variant_decrease_associated_with_regression,0.9872682691964187,0.7915179080913588,3.6478977722536032,0.0298507462686567,True,1008,1.0,1008,1.0270432233810425,0.5284525752067566,-0.4985906481742859,-0.4820145666599273,-0.4713035523891449,-0.4617699980735779,-0.1512166857719421,-0.1631865501403808,-0.352465271949768,-0.4362163543701172,-0.5156956315040588,-0.5083820819854736,0.87586998115837,0.1707317073170731,0.9389312977099236,-1.0326290585316915,-4.829927340076616,0.9872682691964187,0.8292682926829268,0.9389312977099236,0.7915179080913588,3.6478977722536032,0.01314770651895,0.6460296096904441,0.0040214477211796,0.009163107756577,-0.0084656771900208,0.0040466011625182,0.3539703903095558,0.0040214477211796,2.525500301293751e-05,-0.2938962197368034,codellama_base_merged_layer16__bigcodebench__layer16__paired_transitions
5301,p70,38069,variant_decrease_associated_with_regression,0.9872821139793242,0.7917446164114337,3.577017234928062,0.0298507462686567,True,1008,1.0,1008,0.9614660143852234,0.5675749778747559,-0.3938909769058227,-0.3892147243022918,-0.3568027019500732,-0.337895005941391,-0.0150481276214122,-0.0269972085952758,0.0474688597023487,0.0693591237068176,-0.4161107540130615,-0.4115674793720245,0.8668931818144097,0.166920731707317,0.9389312977099236,-1.179624147789042,-5.487204473502962,0.9872821139793242,0.833079268292683,0.9389312977099236,0.7917446164114337,3.577017234928062,0.1350107997419282,0.8815612382234186,0.0040214477211796,0.1315182457704959,3.278330632185284,0.0029276108149013,0.1184387617765814,0.0040214477211796,-0.0010982534752134,-0.3450185654107349,codellama_base_merged_layer16__bigcodebench__layer16__paired_transitions
560,p70,33328,variant_increase_associated_with_regression,0.9871591978297376,0.789731864461955,3.489958420064463,0.0298507462686567,True,1008,1.0,1008,0.6246408820152283,0.785595715045929,0.1609548777341842,0.0944463610649108,0.1065676808357238,0.0447776913642883,-0.1574523150920868,-0.1565658450126648,0.1165060624480247,0.0190424919128417,0.1859981119632721,0.1155911684036254,0.9871591978297376,0.8196138211382114,0.9389312977099236,0.789731864461955,3.489958420064463,0.890187034568411,0.1803861788617886,0.9389312977099236,-0.7981873089422706,-3.753057946590224,0.0052355586435836,0.4822790489008524,0.0040214477211796,0.0012190131199372,-0.285667192306457,0.0055920592908115,0.5177209510991476,0.0040214477211796,0.0015769532045025,-0.3946036772395296,codellama_base_merged_layer16__bigcodebench__layer16__paired_transitions
525,p50,525,variant_decrease_associated_with_regression,0.9873682160756638,0.7931545382389952,3.4042155561632947,0.0298507462686567,True,1008,1.0,1008,0.7030743360519409,0.2329597473144531,-0.4701145887374878,-0.464530885219574,-0.4674957990646362,-0.4627066850662231,-0.2845805287361145,-0.2767046391963959,-0.3988915979862213,-0.4044414758682251,-0.4752645790576935,-0.4708039760589599,0.8779329554706481,0.1694613821138211,0.9389312977099236,-0.9988478541681378,-4.312371165447962,0.9873682160756638,0.8305386178861789,0.9389312977099236,0.7931545382389952,3.4042155561632947,0.0090426535048248,0.6599371915657245,0.0040214477211796,0.0050414798312238,-0.1231017463312317,0.003907524070701,0.3400628084342754,0.0040214477211796,-0.0001143836383001,-0.2662542908601322,codellama_base_merged_layer16__bigcodebench__layer16__paired_transitions
11586,p99,109890,variant_decrease_associated_with_regression,0.9872844315380864,0.7917825664361652,3.37760196046024,0.0298507462686567,True,1008,1.0,1007,1.6738954782485962,0.9987480044364928,-0.675147533416748,-0.6766706705093384,-0.6416535973548889,-0.6398555040359497,0.0433726981282234,0.0627261400222778,-0.5296171307563782,-0.6372857093811035,-0.7022974491119385,-0.6994995474815369,0.8565483833536386,0.1514227642276422,0.9389312977099236,-1.3490202225841683,-6.389720371281426,0.9872844315380864,0.8485772357723578,0.9389312977099236,0.7917825664361652,3.37760196046024,0.0081250904666702,0.661283086585913,0.0040214477211796,0.004120211962498,-0.0836731907278967,0.0039383048817011,0.338716913414087,0.0040214477211796,-8.347854407937205e-05,-0.3059128254341262,codellama_base_merged_layer16__bigcodebench__layer16__paired_transitions
9150,p90,74686,variant_decrease_associated_with_regression,0.9871932436593458,0.7902893649217874,3.3774169978714053,0.0298507462686567,True,1008,1.0,1008,1.2423856258392334,0.8673483729362488,-0.3750371634960174,-0.3634423017501831,-0.3590768873691559,-0.3745675683021545,-0.0046575106680393,0.0007479190826416,-0.0326625704765319,0.020179271697998,-0.3896797299385071,-0.3707570433616638,0.8720400962653552,0.166920731707317,0.9389312977099236,-1.0953434236548094,-4.868061137917558,0.9871932436593458,0.833079268292683,0.9389312977099236,0.7902893649217874,3.3774169978714053,0.0367075800543542,0.7868999551368326,0.0040214477211796,0.0328181086413839,1.0147871297186222,0.0033093346238391,0.2131000448631673,0.0040214477211796,-0.000714988385755,-0.2304743801443819,codellama_base_merged_layer16__bigcodebench__layer16__paired_transitions
7313,p90,72849,variant_decrease_associated_with_regression,0.987173255993242,0.7899620668893398,3.315779146345223,0.0298507462686567,True,1008,1.0,1008,1.3538997173309326,0.7093111276626587,-0.6445885896682739,-0.622151255607605,-0.6126944422721863,-0.5924208164215088,-0.3174103796482086,-0.3037063777446747,-0.4334261417388916,-0.4440590143203735,-0.663046658039093,-0.6336039304733276,0.8707945934596476,0.1689532520325203,0.9389312977099236,-1.115738532098271,-4.958333666479111,0.987173255993242,0.8310467479674797,0.9389312977099236,0.7899620668893398,3.315779146345223,0.0160248903808371,0.7240915208613729,0.0040214477211796,0.0120519087807597,0.3221473957778678,0.0035621303596522,0.2759084791386272,0.0040214477211796,-0.000461171940376,-0.2871889724963565,codellama_base_merged_layer16__bigcodebench__layer16__paired_transitions
7608,p95,89528,variant_increase_associated_with_regression,0.616725821599796,0.4181201109742358,6.048130506384902,0.0348258706467661,True,802,1.0,802,1.603121995925903,2.6711041927337646,1.0679820775985718,1.079311728477478,1.268588900566101,1.3207534551620483,0.878705620765686,0.9097062349319458,1.063035249710083,1.0708138942718506,1.0886529684066772,1.0969598293304443,0.616725821599796,0.7044657097288676,0.3413173652694611,0.4181201109742358,6.048130506384902,0.2576565885871642,0.2955342902711323,0.3413173652694611,-0.1270122700540325,-2.667428554017834,0.228386060102998,0.4810208140740118,0.2299212598425196,-0.001993562033939,-0.4662892499458449,0.2464524212170258,0.5189791859259881,0.2299212598425196,0.0214668455476715,0.4133271562356389,deepseek_base_finetuned_layer16__bigcodebench__layer16__paired_transitions
8419,p95,90339,variant_decrease_associated_with_regression,0.9870352814179422,0.7877027332188029,3.866893429714581,0.0348258706467661,True,1008,1.0,1008,0.9385201334953308,0.7643600106239319,-0.1741601377725601,-0.1600221097469329,-0.1489064842462539,-0.1334827244281768,0.0614678040146827,0.0297252833843231,-0.0235028658062219,-0.1216208338737487,-0.1882037669420242,-0.1780858039855957,0.8736993352025996,0.1722560975609756,0.9389312977099236,-1.0681733860574325,-5.2239337397278645,0.9870352814179422,0.8277439024390244,0.9389312977099236,0.7877027332188029,3.866893429714581,0.0324281115648022,0.6774338268281741,0.0040214477211796,0.0285213610058444,1.526870695228493,0.0038488418279359,0.3225661731718259,0.0040214477211796,-0.0001733028214802,-0.313333051968973,codellama_base_merged_layer16__bigcodebench__layer16__paired_transitions
2226,p80,51378,variant_decrease_associated_with_regression,0.9870717918659208,0.7883005918044523,3.711973593341324,0.0348258706467661,True,1008,1.0,1008,1.117414951324463,0.49372598528862,-0.6236890554428101,-0.5990102291107178,-0.6305248141288757,-0.6218073964118958,-0.3590704202651977,-0.3888436257839203,-0.3454927504062652,-0.3122223615646362,-0.6282474994659424,-0.5984656810760498,0.8747668023560589,0.1722560975609756,0.9389312977099236,-1.0506936114195364,-5.34671630814668,0.9870717918659208,0.8277439024390244,0.9389312977099236,0.7883005918044523,3.711973593341324,0.022151322599753,0.851502916105877,0.0040214477211796,0.0182030776035206,0.2527785932122046,0.0030396078953688,0.1484970838941229,0.0040214477211796,-0.0009858041858072,-0.4574370754186476,codellama_base_merged_layer16__bigcodebench__layer16__paired_transitions
11586,p95,93506,variant_decrease_associated_with_regression,0.9871463056336816,0.7895207547515373,3.492908552153054,0.0348258706467661,True,1008,1.0,1008,1.3932422399520874,0.7357631921768188,-0.6574790477752686,-0.6425147652626038,-0.6214871406555176,-0.6213229894638062,-0.2177682816982269,-0.2612125277519226,-0.4403494894504547,-0.3845151662826538,-0.6797412037849426,-0.6608142852783203,0.8671355762510288,0.1666666666666666,0.9389312977099236,-1.1756549388894042,-5.490855655046195,0.9871463056336816,0.8333333333333334,0.9389312977099236,0.7895207547515373,3.492908552153054,0.0122564586763259,0.7640197397936295,0.0040214477211796,0.0082682613358535,0.0484791358270895,0.0033686639960141,0.2359802602063705,0.0040214477211796,-0.0006554194602603,-0.310348264191686,codellama_base_merged_layer16__bigcodebench__layer16__paired_transitions
2264,p70,35032,variant_decrease_associated_with_regression,0.9870326602783088,0.7876598120573088,3.4105905981230897,0.0348258706467661,True,1008,1.0,1008,0.8300827741622925,0.4838537573814392,-0.3462290167808532,-0.3361804485321045,-0.3411732017993927,-0.3310204744338989,-0.1135406643152237,-0.1144291162490844,-0.380630761384964,-0.406199961900711,-0.3527748584747314,-0.3405373394489288,0.8697958649737441,0.1704776422764227,0.9389312977099236,-1.1320927110549412,-4.913775972401761,0.9870326602783088,0.8295223577235772,0.9389312977099236,0.7876598120573088,3.4105905981230897,0.0045216752533825,0.4311350381336922,0.0040214477211796,0.0005022472934366,-0.4455759307479492,0.0060568233005581,0.5688649618663078,0.0040214477211796,0.0020435937849479,-0.2268739366006548,codellama_base_merged_layer16__bigcodebench__layer16__paired_transitions
13913,p90,79449,variant_decrease_associated_with_regression,0.9869462326356478,0.7862445594087335,3.3796615447269693,0.0348258706467661,True,1008,1.0,1008,1.0018683671951294,0.8683319687843323,-0.1335364580154419,-0.1154556572437286,-0.110285073518753,-0.1186682283878326,0.1829315721988678,0.2197320163249969,-0.0006446440820582,0.0072652697563171,-0.1485862731933593,-0.1255710124969482,0.8910915263891769,0.1796239837398374,0.9389312977099236,-0.7833762553772289,-3.603769541610716,0.9869462326356478,0.8203760162601627,0.9389312977099236,0.7862445594087335,3.3796615447269693,0.0073608207510646,0.6496186630776133,0.0040214477211796,0.0033528563664794,-0.1886554923973043,0.0039503315549923,0.3503813369223867,0.0040214477211796,-7.140331086906913e-05,-0.3269293208163498,codellama_base_merged_layer16__bigcodebench__layer16__paired_transitions
13956,p95,95876,variant_decrease_associated_with_regression,0.986836893503424,0.7844541311185655,3.844762268252192,0.044776119402985,True,1008,1.0,1008,1.0795789957046509,0.7160319089889526,-0.3635470271110534,-0.3472940623760223,-0.3245793282985687,-0.3226146101951599,-0.0726651102304458,-0.0735235810279846,-0.1614888310432434,-0.2647410631179809,-0.3835286200046539,-0.359085202217102,0.8798006160208451,0.1758130081300813,0.9389312977099236,-0.9682649126586612,-4.643201215110631,0.986836893503424,0.8241869918699187,0.9389312977099236,0.7844541311185655,3.844762268252192,0.0341740651062685,0.765814266487214,0.0040214477211796,0.0302743641578415,0.4437813784605793,0.0033789515336802,0.234185733512786,0.0040214477211796,-0.000645090384757,-0.3527273211537142,codellama_base_merged_layer16__bigcodebench__layer16__paired_transitions
2407,p95,84327,variant_decrease_associated_with_regression,0.9868852870568914,0.7852465755565963,3.653596541028964,0.044776119402985,True,1008,1.0,1008,1.234006643295288,1.0142614841461182,-0.2197451144456863,-0.2868504524230957,-0.128994345664978,-0.1741924881935119,0.4342915415763855,0.3853886127471924,0.252356618642807,0.1736451387405395,-0.2657822370529175,-0.3255192041397095,0.8733988136231264,0.1740345528455284,0.9389312977099236,-1.073094426921305,-5.01258049517246,0.9868852870568914,0.8259654471544715,0.9389312977099236,0.7852465755565963,3.653596541028964,0.0232551353874883,0.8304172274562585,0.0040214477211796,0.0193113472396585,0.4418307561064641,0.0031115819682403,0.1695827725437416,0.0040214477211796,-0.000913539504297,-0.4553334446715395,codellama_base_merged_layer16__bigcodebench__layer16__paired_transitions
14850,p95,96770,variant_decrease_associated_with_regression,0.9866502171328988,0.781397305551216,3.6174451725366863,0.044776119402985,True,1008,1.0,1008,1.3372498750686646,0.8018099069595337,-0.5354400277137756,-0.5025615692138672,-0.5533192157745361,-0.5383801460266113,-0.305966705083847,-0.325107604265213,-0.6144946217536926,-0.4826335608959198,-0.534142792224884,-0.5009202361106873,0.8948195548263909,0.188770325203252,0.9389312977099236,-0.7223297897178499,-3.5035004124696045,0.9866502171328988,0.811229674796748,0.9389312977099236,0.781397305551216,3.6174451725366863,0.0044749869737224,0.408254822790489,0.0040214477211796,0.0004553705012071,-0.3748735621814571,0.0077861952861952,0.591745177209511,0.0040214477211796,0.0037799484300157,-0.2518595093443658,codellama_base_merged_layer16__bigcodebench__layer16__paired_transitions
15500,p90,81036,variant_decrease_associated_with_regression,0.9867120258105032,0.7824094226469901,3.602317074917712,0.044776119402985,True,1008,1.0,1008,0.8748038411140442,0.7357269525527954,-0.1390769183635711,-0.1087334156036377,-0.1192196160554885,-0.0825554132461547,0.1089173555374145,0.0997795462608337,-0.0392056703567504,-0.0738555788993835,-0.1513951122760772,-0.1219857335090637,0.8762674542113998,0.1745426829268292,0.9389312977099236,-1.026120437288328,-4.6121028956605405,0.9867120258105032,0.8254573170731707,0.9389312977099236,0.7824094226469901,3.602317074917712,0.0106061005683841,0.6200089726334679,0.0040214477211796,0.0066112396016346,-0.0872071203523428,0.0042715234926683,0.379991027366532,0.0040214477211796,0.0002510854986952,-0.4465244047678945,codellama_base_merged_layer16__bigcodebench__layer16__paired_transitions
2226,p90,67762,variant_decrease_associated_with_regression,0.9867574567046948,0.7831533535393779,3.596086126659441,0.044776119402985,True,1008,1.0,1008,1.3373032808303833,0.6274284720420837,-0.7098748087882996,-0.6713055372238159,-0.7305834889411926,-0.6998507976531982,-0.382358968257904,-0.3261221349239349,-0.399419903755188,-0.3292710185050964,-0.7113247513771057,-0.6691006422042847,0.8717398787843244,0.1666666666666666,0.9389312977099236,-1.1002594849066891,-5.386452148517122,0.9867574567046948,0.8333333333333334,0.9389312977099236,0.7831533535393779,3.596086126659441,0.0208046948565666,0.8160610139075819,0.0040214477211796,0.0168510126016133,0.2130364553101923,0.0031570150765197,0.1839389860924181,0.0040214477211796,-0.0008679229514351,-0.421867830560685,codellama_base_merged_layer16__bigcodebench__layer16__paired_transitions
3170,p70,35938,variant_decrease_associated_with_regression,0.9868773972437784,0.7851173798668699,3.5617932303325115,0.044776119402985,True,1008,1.0,1008,0.9929152727127076,0.489146888256073,-0.5037683844566345,-0.4927083849906921,-0.4804939925670624,-0.4850654900074005,-0.182793527841568,-0.19493168592453,-0.2945495545864105,-0.2989686131477356,-0.5192310214042664,-0.5024203062057495,0.8790460958283616,0.1712398373983739,0.9389312977099236,-0.9806201808105796,-4.538886288214189,0.9868773972437784,0.828760162601626,0.9389312977099236,0.7851173798668699,3.5617932303325115,0.0315234007773314,0.6846119336025124,0.0040214477211796,0.027612997281143,0.8292692398935436,0.0040408750952873,0.3153880663974877,0.0040214477211796,1.950581572596983e-05,-0.3574482403761738,codellama_base_merged_layer16__bigcodebench__layer16__paired_transitions
560,p50,560,variant_increase_associated_with_regression,0.9868084195253888,0.7839878697282412,3.4898340569710977,0.044776119402985,True,1008,1.0,1008,0.4502868056297302,0.6405650973320007,0.1902783364057541,0.1362394988536834,0.1379794776439666,0.0951630026102066,-0.1286924481391906,-0.1421204358339309,0.2016583532094955,0.0722076296806335,0.2144168317317962,0.1507591009140014,0.9868084195253888,0.8201219512195121,0.9389312977099236,0.7839878697282412,3.4898340569710977,0.8840249371480136,0.1798780487804878,0.9389312977099236,-0.8990916542012783,-4.212477904421779,0.0062281772808088,0.5029161058770749,0.0040214477211796,0.0022156396386048,-0.2139840601258452,0.0055196526883168,0.4970838941229251,0.0040214477211796,0.0015042542469507,-0.3684483486802491,codellama_base_merged_layer16__bigcodebench__layer16__paired_transitions
560,p60,16944,variant_increase_associated_with_regression,0.986845966099189,0.7846026948742191,3.4427738590377333,0.044776119402985,True,1008,1.0,1008,0.5340197086334229,0.7211044430732727,0.187084749341011,0.1126621514558792,0.1311249136924743,0.0767921507358551,-0.1476395726203918,-0.1662178933620453,0.1426892429590225,0.0124455690383911,0.2129998207092285,0.1376054883003235,0.986845966099189,0.821900406504065,0.9389312977099236,0.7846026948742191,3.4427738590377333,0.8853192792169229,0.1780995934959349,0.9389312977099236,-0.8778968028228881,-4.152295268403466,0.0055211910057143,0.4535666218034993,0.0040214477211796,0.0015057987755893,-0.2714280972379326,0.0064428690848247,0.5464333781965006,0.0040214477211796,0.0024311983005104,-0.2506711545235911,codellama_base_merged_layer16__bigcodebench__layer16__paired_transitions
13681,p95,95601,variant_decrease_associated_with_regression,0.9866162394842062,0.7808409215538762,3.4028438845493136,0.044776119402985,True,1008,1.0,1008,1.2084839344024658,0.781109094619751,-0.4273749887943268,-0.4215649664402008,-0.3864249587059021,-0.3676881492137909,-0.0940534770488739,-0.0499955117702484,-0.2503795623779297,-0.2763717174530029,-0.4488256275653839,-0.4392021298408508,0.8768747571401272,0.1679369918699187,0.9389312977099236,-1.0161758518304176,-4.501240999234509,0.9866162394842062,0.8320630081300813,0.9389312977099236,0.7808409215538762,3.4028438845493136,0.0118407136367056,0.765814266487214,0.0040214477211796,0.0078508376486976,-0.0359063781577037,0.0033735859605835,0.234185733512786,0.0040214477211796,-0.0006504776223481,-0.3816115462575601,codellama_base_merged_layer16__bigcodebench__layer16__paired_transitions
2264,p90,67800,variant_decrease_associated_with_regression,0.986657169983485,0.7815111584795662,3.3830736642727035,0.044776119402985,True,1008,1.0,1008,1.1919431686401367,0.6668221354484558,-0.5251209735870361,-0.5094588994979858,-0.5203579664230347,-0.4958195388317108,-0.2218613028526306,-0.22850301861763,-0.5537278056144714,-0.588822066783905,-0.5331129431724548,-0.5218020677566528,0.8713889386482798,0.1722560975609756,0.9389312977099236,-1.1060061296344184,-4.83296069993496,0.986657169983485,0.8277439024390244,0.9389312977099236,0.7815111584795662,3.3830736642727035,0.0046381669641431,0.4436967249887842,0.0040214477211796,0.0006192093610374,-0.3417717847074187,0.0058426520879312,0.5563032750112158,0.0040214477211796,0.0018285578164154,-0.2380846299171896,codellama_base_merged_layer16__bigcodebench__layer16__paired_transitions
6717,p95,88637,variant_decrease_associated_with_regression,0.9867160739608,0.7824757111081012,3.362731213031769,0.044776119402985,True,1008,1.0,1008,1.1396747827529907,0.9192320704460144,-0.2204428762197494,-0.2242799699306488,-0.2232601344585418,-0.2253205180168151,0.0312996432185173,-0.0049001276493072,-0.0836456641554832,-0.1205540895462036,-0.2254835367202758,-0.2274744510650634,0.8757677819378048,0.1768292682926829,0.9389312977099236,-1.0343025707684468,-4.382928073208786,0.9867160739608,0.823170731707317,0.9389312977099236,0.7824757111081012,3.362731213031769,0.0101091361614025,0.7169134140870346,0.0040214477211796,0.0061122686088914,-0.110531405020337,0.0035856474336361,0.2830865859129655,0.0040214477211796,-0.0004375599118539,-0.473983057570073,codellama_base_merged_layer16__bigcodebench__layer16__paired_transitions
4698,p60,21082,variant_decrease_associated_with_regression,0.986691030407058,0.7820656229155741,3.3001398013938466,0.044776119402985,True,1008,1.0,1008,0.7587868571281433,0.3935752213001251,-0.3652116954326629,-0.3550949692726135,-0.3089812994003296,-0.2973135411739349,-0.1082635074853897,-0.0963939130306243,-0.2476419806480407,-0.22574383020401,-0.3898369669914245,-0.3765442371368408,0.8790098651618703,0.1735264227642276,0.9389312977099236,-0.9812134579743742,-4.802756553658241,0.986691030407058,0.8264735772357723,0.9389312977099236,0.7820656229155741,3.3001398013938466,0.0132632446918161,0.7133243606998654,0.0040214477211796,0.0092791124361976,0.0623466105332351,0.0036482719421645,0.2866756393001345,0.0040214477211796,-0.0003746825452829,-0.3546814206802073,codellama_base_merged_layer16__bigcodebench__layer16__paired_transitions
8994,p95,90914,variant_decrease_associated_with_regression,0.986628958832679,0.7810492008851183,3.290335717119224,0.044776119402985,True,1008,1.0,1007,1.2872676849365234,0.9213624000549316,-0.3659052848815918,-0.3494904935359955,-0.3054928779602051,-0.2889486253261566,0.0881155729293823,0.120093435049057,-0.1419688314199447,-0.0035570859909057,-0.3965884447097778,-0.387373685836792,0.8779517955196193,0.1773373983739837,0.9389312977099236,-0.9985393483662338,-4.512339395386287,0.986628958832679,0.8226626016260162,0.9389312977099236,0.7810492008851183,3.290335717119224,0.0116565167412625,0.7209510991475998,0.0040214477211796,0.0076658970242016,-0.080174281383868,0.0036022088659137,0.2790489008524002,0.0040214477211796,-0.0004209316097285,-0.2755176008119595,codellama_base_merged_layer16__bigcodebench__layer16__paired_transitions
10699,p95,92619,variant_decrease_associated_with_regression,0.9865863201813572,0.7803509929697254,3.4941480652794805,0.0497512437810945,True,1008,1.0,1008,1.4300765991210938,0.9813945293426514,-0.4486822187900543,-0.4291709661483764,-0.4370323121547699,-0.4308579564094543,-0.1298032104969024,-0.1756423115730285,-0.147896334528923,-0.0970748662948608,-0.4606207013130188,-0.4360305070877075,0.8923177022102524,0.1880081300813008,0.9389312977099236,-0.763297626307117,-3.509540078616936,0.9865863201813572,0.8119918699186992,0.9389312977099236,0.7803509929697254,3.4941480652794805,0.0135599872784767,0.7783759533423059,0.0040214477211796,0.0095770531759672,0.0026469600940801,0.0033036993475367,0.221624046657694,0.0040214477211796,-0.0007206464155283,-0.5041427482188012,codellama_base_merged_layer16__bigcodebench__layer16__paired_transitions
14336,p50,14336,variant_decrease_associated_with_regression,0.9865495729155922,0.7797492564928222,3.463453727625618,0.0497512437810945,True,1008,1.0,1008,0.8108647465705872,0.3453356921672821,-0.4655290246009826,-0.4584739506244659,-0.4472717046737671,-0.4510592818260193,-0.1944520175457,-0.1837139129638672,-0.3256548643112182,-0.3750851154327392,-0.4779760837554931,-0.4689564704895019,0.8844000272511933,0.1796239837398374,0.9389312977099236,-0.8929495537617106,-4.268731562894962,0.9865495729155922,0.8203760162601627,0.9389312977099236,0.7797492564928222,3.463453727625618,0.0267704517704517,0.6532077164647824,0.0040214477211796,0.0228408573630646,0.3395693286835505,0.0041067877246281,0.3467922835352175,0.0040214477211796,8.568457950550642e-05,-0.3963241767591536,codellama_base_merged_layer16__bigcodebench__layer16__paired_transitions
