rank,feature_id,benchmark,task_id,task_idx,source_text,tokens,filename,rms_normalized,transition,max_activation,position,position_percent,token_text,context,encoder_base_contribution,encoder_finetuned_contribution
1,13147,bigcodebench,BigCodeBench/552,552,codellama_base,323,same_text__bigcodebench__task_0552__gen_00__BigCodeBench_552.npz,True,both_fail,37.675655364990234,65,20.123839009287927,  ,chain to combine two lists.\n    # - Use matplotlib.pyplot.bar to plot a bar chart.\n    # - Use matplotlib.pyplot.xticks to set the labels of the x-axis.\n    # -,12.919654846191406,24.758251190185547
2,13147,bigcodebench,BigCodeBench/1098,1098,codellama_base,513,same_text__bigcodebench__task_1098__gen_00__BigCodeBench_1098.npz,True,both_fail,36.71192169189453,39,7.60233918128655,  ,   # - Use re.sub() to remove urls\n    # - Use Counter() to count the words\n    # - Use sorted() to sort the words by frequency\n    # - Use a list comprehension to get the top,13.07100772857666,23.643190383911133
3,13147,bigcodebench,BigCodeBench/1049,1049,codellama_base,513,same_text__bigcodebench__task_1049__gen_00__BigCodeBench_1049.npz,True,both_fail,36.07093048095703,43,8.382066276803119,  ,the re module to replace tabs with spaces.\n    # - Use the re module to filter out empty lines.\n    # - Use the re module to filter out lines that contain only whitespace.\n    # - Use the re module to,12.4287109375,23.644458770751953
4,13147,bigcodebench,BigCodeBench/1108,1108,codellama_base,513,same_text__bigcodebench__task_1108__gen_00__BigCodeBench_1108.npz,True,both_fail,35.974327087402344,66,12.865497076023392,  ,   # Hint: Use re.compile()\n    # Hint: Use re.IGNORECASE\n    # Hint: Use re.MULTILINE\n    # Hint: Use re.DOTALL\n,12.345294952392578,23.631277084350586
5,13147,bigcodebench,BigCodeBench/98,98,codellama_base,513,same_text__bigcodebench__task_0098__gen_00__BigCodeBench_98.npz,True,both_fail,35.89289093017578,47,9.161793372319687,  ,Hint: Use the Counter class from the collections module\n    # Hint: Use the sorted() function\n    # Hint: Use the zip() function\n    # Hint: Use the map() function\n    # H,12.513555526733398,23.381591796875
6,13147,bigcodebench,BigCodeBench/1046,1046,codellama_base,501,same_text__bigcodebench__task_1046__gen_00__BigCodeBench_1046.npz,True,both_fail,35.57731628417969,113,22.55489021956088,  ,   # Hint: Use the pandas.DataFrame() function to create a DataFrame from the list of tuples\n    # Hint: Use the pandas.DataFrame.to_dict() function to convert the DataFrame to a dictionary\n,12.627954483032227,22.95160484313965
7,13147,bigcodebench,BigCodeBench/569,569,codellama_base,138,same_text__bigcodebench__task_0569__gen_00__BigCodeBench_569.npz,True,both_fail,35.559791564941406,69,50.0,  ,"is a lambda function\n    # Hint: Use math.sqrt() to get the square root of a number\n    return {'function_name': f.__name__, 'sqrt_args': math.sqrt(len(inspect",11.650674819946289,23.91138458251953
8,13147,bigcodebench,BigCodeBench/874,874,codellama_base,88,same_text__bigcodebench__task_0874__gen_00__BigCodeBench_874.npz,True,both_fail,35.51548385620117,40,45.45454545454545,  ,"_longest from itertools\n    # Hint: Use distance.euclidean from scipy.spatial\n    # Hint: Use the return statement\n    return [distance.euclidean(a, b) for a,",13.311676025390625,22.206069946289062
9,13147,bigcodebench,BigCodeBench/1089,1089,codellama_base,513,same_text__bigcodebench__task_1089__gen_00__BigCodeBench_1089.npz,True,both_fail,35.470149993896484,104,20.2729044834308,  ,to a list\n    # Hint: Use the dict() function to convert the Counter object to a dictionary\n    # Hint: Use the zip() function to iterate over the list of tuples\n    # Hint: Use,12.995248794555664,22.477163314819336
10,13147,bigcodebench,BigCodeBench/279,279,codellama_base,513,same_text__bigcodebench__task_0279__gen_00__BigCodeBench_279.npz,True,both_fail,35.36781311035156,58,11.306042884990253,  ,draw x hands.\n    # Hint: Use random.sample to draw 5 cards from the deck.\n    # Hint: Use random.sample to draw 5 cards from the deck.\n    # Hint: Use,11.921834945678711,23.448226928710938
11,13147,bigcodebench,BigCodeBench/268,268,codellama_base,513,same_text__bigcodebench__task_0268__gen_00__BigCodeBench_268.npz,True,improvement,35.24477767944336,69,13.450292397660819,  ,function\n    # Hint: Use the list() function\n    # Hint: Use the zip() function\n    # Hint: Use the len() function\n    # Hint: Use the int() function\n    # H,12.484582901000977,22.762470245361328
12,13147,bigcodebench,BigCodeBench/389,389,codellama_base,513,same_text__bigcodebench__task_0389__gen_00__BigCodeBench_389.npz,True,both_fail,35.085975646972656,71,13.840155945419104,  ,int: Use os.path.join()\n    # Hint: Use os.path.isfile()\n    # Hint: Use os.path.isdir()\n    # Hint: Use os.path.exists,12.229009628295898,22.859207153320312
13,13147,bigcodebench,BigCodeBench/1094,1094,codellama_base,512,same_text__bigcodebench__task_1094__gen_00__BigCodeBench_1094.npz,True,both_fail,35.00507736206055,87,16.9921875,  ,"   # Hint: Use the isalpha() method to filter out tokens that are solely ""$"" symbols.\n    # Hint: Use the join() method to convert the list of tuples into a string.\n    # H",12.377265930175781,22.630081176757812
14,13147,bigcodebench,BigCodeBench/471,471,codellama_base,512,same_text__bigcodebench__task_0471__gen_00__BigCodeBench_471.npz,True,both_fail,34.86040115356445,64,12.5,  ,Use pd.DataFrame.reset_index()\n    # Hint: Use pd.DataFrame.rename()\n    # Hint: Use pd.DataFrame.sort_values()\n    # Hint: Use pd.DataFrame.,13.094236373901367,21.768430709838867
15,13147,bigcodebench,BigCodeBench/159,159,codellama_base,76,same_text__bigcodebench__task_0159__gen_00__BigCodeBench_159.npz,True,both_fail,34.46741485595703,72,94.73684210526316,  ,Use the gzip module to compress the BytesIO object\n    # Hint: Return the compressed data\n    return None\n,10.602262496948242,23.867414474487305
16,13147,bigcodebench,BigCodeBench/7,7,codellama_base,513,same_text__bigcodebench__task_0007__gen_00__BigCodeBench_7.npz,True,both_fail,34.36399841308594,93,18.128654970760234,  ,create a sum function.\n    # Hint: Use the operator module to create a itemgetter function.\n    # Hint: Use the operator module to create a attrgetter function.\n    # Hint: Use the,11.268514633178711,23.09772491455078
17,13147,bigcodebench,BigCodeBench/1069,1069,codellama_base,513,same_text__bigcodebench__task_1069__gen_00__BigCodeBench_1069.npz,True,both_fail,34.20411682128906,78,15.2046783625731,  ,DataFrame.plot() method.\n    # Hint: Use the pandas.DataFrame.isnull() method.\n    # Hint: Use the pandas.DataFrame.dropna() method.\n    # Hint: Use the pandas,11.556120872497559,22.650243759155273
18,13147,bigcodebench,BigCodeBench/226,226,codellama_base,513,same_text__bigcodebench__task_0226__gen_00__BigCodeBench_226.npz,True,both_fail,34.15923309326172,80,15.594541910331383,  ,.\n    #       Use the range_start and range_end parameters to generate the e^x values.\n    #       Use the range_start and range_end parameters to set the x and y limits of the plot.\n,12.143135070800781,22.018381118774414
19,13147,bigcodebench,BigCodeBench/623,623,codellama_base,513,same_text__bigcodebench__task_0623__gen_00__BigCodeBench_623.npz,True,both_fail,34.017513275146484,89,17.348927875243664,  ,scatter() function.\n    # Hint: Use the 'cmap' parameter of the scatter() function.\n    # Hint: Use the 'vmin' parameter of the scatter() function.\n    # Hint: Use,11.928677558898926,22.09113121032715
20,13147,bigcodebench,BigCodeBench/287,287,codellama_base,513,same_text__bigcodebench__task_0287__gen_00__BigCodeBench_287.npz,True,both_fail,33.92401123046875,80,15.594541910331383,  ,JSON file\n    # HINT: Use os.path.join to create the full path to the output file\n    # HINT: Use os.path.isfile to check if a file is a .txt file\n    #,11.566988945007324,22.359296798706055
21,13147,bigcodebench,BigCodeBench/800,800,codellama_base,513,same_text__bigcodebench__task_0800__gen_00__BigCodeBench_800.npz,True,both_fail,33.758705139160156,72,14.035087719298245,  ,Hint: You can use the collections.Counter module to count the total number of goals and penalties.\n    # Hint: You can use the csv module to write the CSV file.\n    # Hint: You can,9.747888565063477,24.01308822631836
22,13147,bigcodebench,BigCodeBench/1099,1099,codellama_base,512,same_text__bigcodebench__task_1099__gen_00__BigCodeBench_1099.npz,True,both_fail,33.51561737060547,41,8.0078125,  ,# - Use re.sub() to remove URLs\n    # - Use Counter() to count the stopwords\n    # - Use PREDEFINED_STOPWORDS to filter the stopwords\n    # - Use re,12.52757453918457,20.99033546447754
23,13147,bigcodebench,BigCodeBench/202,202,codellama_base,513,same_text__bigcodebench__task_0202__gen_00__BigCodeBench_202.npz,True,both_fail,33.34640121459961,62,12.085769980506823,  ,to convert the string to a dict\n    # Hint: Use the collections.Counter class to count the URLs\n    # Hint: Use the top_n parameter to limit the number of URLs returned\n    # Hint: Use,12.29298210144043,21.055646896362305
24,13147,bigcodebench,BigCodeBench/470,470,codellama_base,513,same_text__bigcodebench__task_0470__gen_00__BigCodeBench_470.npz,True,both_fail,33.07199478149414,54,10.526315789473685,  ,values in myList.\n    # Hint: Use plt.hist() to plot the histogram.\n    # Hint: Use plt.xticks() to align the bin edges with integer values in myList.\n   ,10.977444648742676,22.096864700317383
25,13147,bigcodebench,BigCodeBench/55,55,codellama_base,513,same_text__bigcodebench__task_0055__gen_00__BigCodeBench_55.npz,True,both_fail,32.61442565917969,84,16.374269005847953,  ,"   # Hint: Use the following regex to split each sentence into words:\n    # r""\w+""\n    # Hint: Use the following regex to remove stopwords:\n    # r""\b(?:"" + ""|",11.107563018798828,21.509092330932617
26,13147,bigcodebench,BigCodeBench/642,642,codellama_base,513,same_text__bigcodebench__task_0642__gen_00__BigCodeBench_642.npz,True,both_fail,32.28964614868164,97,18.908382066276804,  ,content\n    # TODO: Use the binascii module to convert the hash to a hexadecimal string\n    # TODO: Return a dictionary with file paths as keys and their SHA256 hashes as values\n   ,10.015467643737793,22.27643394470215
27,13147,bigcodebench,BigCodeBench/1110,1110,codellama_base,513,same_text__bigcodebench__task_1110__gen_00__BigCodeBench_1110.npz,True,both_fail,32.053890228271484,114,22.22222222222222,  ,in the words\n    # frequencies = [Counter(letters).get(letter) for letter in letters]\n    # Hint: Use the following line to get the frequencies of the letters in the words as a dictionary\n    #,10.93327522277832,21.122865676879883
28,13147,bigcodebench,BigCodeBench/349,349,codellama_base,513,same_text__bigcodebench__task_0349__gen_00__BigCodeBench_349.npz,True,both_fail,32.035762786865234,40,7.797270955165692,  ,random module to generate random numbers\n    # Hint: Use the product_list and categories to create the report\n    # Hint: Use the random.randint() function to generate random numbers\n    # Hint: Use the,10.25706958770752,21.78093910217285
29,13147,bigcodebench,BigCodeBench/418,418,codellama_base,513,same_text__bigcodebench__task_0418__gen_00__BigCodeBench_418.npz,True,both_fail,31.91858673095703,120,23.391812865497077,  ,curve\n    # - sklearn.metrics.auc\n    # - matplotlib.pyplot.plot\n    # - matplotlib.pyplot.xlabel\n    # - matplotlib.pyplot.ylabel\n    # -,11.486809730529785,20.434045791625977
30,13147,humanevalplus,HumanEval/100,100,codellama_base,47,same_text__humanevalplus__task_0100__gen_00__HumanEval_100.npz,True,both_fail,31.918153762817383,31,65.95744680851064,  ,"function\n    # Hint: Use a list comprehension\n    # Hint: Use the modulo operator\n    return [n, n + 1, n + 3]\n",9.808666229248047,22.11174964904785
31,13147,bigcodebench,BigCodeBench/870,870,codellama_base,513,same_text__bigcodebench__task_0870__gen_00__BigCodeBench_870.npz,True,both_fail,31.900449752807617,89,17.348927875243664,  ,column\n    # Hint: Use the pandas.DataFrame.dropna() method to drop rows with missing data\n    # Hint: Use the pandas.DataFrame.insert() method to add a column to a DataFrame\n    #,12.807540893554688,19.095195770263672
32,13147,bigcodebench,BigCodeBench/740,740,codellama_base,513,same_text__bigcodebench__task_0740__gen_00__BigCodeBench_740.npz,True,both_fail,31.069522857666016,61,11.89083820662768,  ,int: Use heapq.nsmallest()\n    # Hint: Use heapq.merge()\n    # Hint: Use heapq.merge()\n    # Hint: Use heapq.merge()\n   ,11.48746109008789,19.584333419799805
33,13147,bigcodebench,BigCodeBench/54,54,codellama_base,188,same_text__bigcodebench__task_0054__gen_00__BigCodeBench_54.npz,True,both_fail,30.543155670166016,31,16.48936170212766,  ,task\n    # Hint: Use the CountVectorizer class from sklearn.feature_extraction.text\n    # Hint: Use the regex library to split the text into sentences\n\n    # Split the text into sentences\n,9.681055068969727,20.86436653137207
34,13147,bigcodebench,BigCodeBench/325,325,codellama_base,513,same_text__bigcodebench__task_0325__gen_00__BigCodeBench_325.npz,True,both_fail,30.251556396484375,30,5.847953216374269,  ,task_func\n    # TODO: Implement regex_pattern\n    # TODO: Implement directory_path\n    # TODO: Implement regex_pattern\n    # TODO: Implement directory_path\n    # TODO: Im,8.824666023254395,21.429168701171875
35,13147,bigcodebench,BigCodeBench/843,843,codellama_base,513,same_text__bigcodebench__task_0843__gen_00__BigCodeBench_843.npz,True,both_fail,29.827348709106445,103,20.077972709551656,  ,strings.\n    # Hint: Use the split() function to split a string into a list of words.\n    # Hint: Use the map() function to apply a function to each element of a list.\n    # H,11.286978721618652,18.54261589050293
36,13147,bigcodebench,BigCodeBench/50,50,codellama_base,282,same_text__bigcodebench__task_0050__gen_00__BigCodeBench_50.npz,True,both_fail,29.437606811523438,58,20.56737588652482,  ,: Use the matplotlib.pyplot module.\n    # Hint: Use the DATE_FORMAT constant.\n    # Hint: Use the TIMEZONES constant.\n\n    # Convert the timestamp to a datetime object,9.249675750732422,20.190185546875
37,13147,bigcodebench,BigCodeBench/503,503,codellama_base,513,same_text__bigcodebench__task_0503__gen_00__BigCodeBench_503.npz,True,both_fail,29.427093505859375,126,24.56140350877193,  ,"the numpy.random.rand() function to create a random float in [0.0,1.0).\n    #       Use the pandas.DataFrame.loc[] function to set the values of the DataFrame.\n    #      ",11.603187561035156,17.826156616210938
38,13147,bigcodebench,BigCodeBench/606,606,codellama_base,513,same_text__bigcodebench__task_0606__gen_00__BigCodeBench_606.npz,True,both_fail,29.35487174987793,121,23.586744639376217,  ,function from the numpy package.\n    # Hint: Use the np.std function from the numpy package.\n    # Hint: Use the np.isnan function from the numpy package.\n    # Hint: Use the,10.754881858825684,18.602256774902344
39,13147,bigcodebench,BigCodeBench/550,550,codellama_base,513,same_text__bigcodebench__task_0550__gen_00__BigCodeBench_550.npz,True,both_fail,29.09225082397461,94,18.323586744639375,  ,\n    # Hint: Use pd.DataFrame.rename() to rename the index of the DataFrame.\n    # Hint: Use pd.DataFrame.sort_values() to sort the DataFrame.\n    # Hint,11.746047973632812,17.348493576049805
40,13147,bigcodebench,BigCodeBench/1059,1059,codellama_base,511,same_text__bigcodebench__task_1059__gen_00__BigCodeBench_1059.npz,True,both_fail,28.95968246459961,23,4.500978473581213,  ,  # TODO: Implement task_func()\n    # ...\n    # ...\n    # ...\n    # ...\n    # ...\n    # ...\n    # ...\n    # ...\n    # ...\n   ,8.989458084106445,19.972475051879883
41,13147,bigcodebench,BigCodeBench/69,69,codellama_base,374,same_text__bigcodebench__task_0069__gen_00__BigCodeBench_69.npz,True,both_fail,28.60784912109375,105,28.074866310160427,  ,"a histogram\n    # ax = plt.hist(salaries, bins=100)\n    # Hint: Use the following code to set the title of the histogram\n    # ax.set_title",7.04745626449585,21.562658309936523
42,13147,bigcodebench,BigCodeBench/72,72,codellama_base,419,same_text__bigcodebench__task_0072__gen_00__BigCodeBench_72.npz,True,both_fail,27.538528442382812,108,25.77565632458234,  ,\n    # np.mean()\n    # np.median()\n    # plt.hist()\n    # plt.show()\n\n    # Get the list of files in the directory\n    files = os.list,9.260613441467285,18.28017807006836
43,13147,bigcodebench,BigCodeBench/1034,1034,codellama_base,513,same_text__bigcodebench__task_1034__gen_00__BigCodeBench_1034.npz,True,both_fail,27.35005760192871,22,4.288499025341131,  ,  # TODO: Implement task_func\n    # ...\n    # ...\n    # ...\n    # ...\n    # ...\n    # ...\n    # ...\n    # ...\n    # ...\n   ,8.209613800048828,19.142704010009766
44,13147,bigcodebench,BigCodeBench/754,754,codellama_base,513,same_text__bigcodebench__task_0754__gen_00__BigCodeBench_754.npz,True,both_fail,27.258275985717773,88,17.153996101364523,  ,"functions ""mean"", ""median"", ""min"", ""max"", ""std"" to compute the statistical values.\n    # Hint: Use the datetime function ""datetime.now"" to get the current date and time.\n    #",10.384374618530273,16.87615966796875
45,13147,bigcodebench,BigCodeBench/540,540,codellama_base,513,same_text__bigcodebench__task_0540__gen_00__BigCodeBench_540.npz,True,both_fail,26.506587982177734,123,23.976608187134502,  ,labels.\n    # Hint: Use matplotlib.pyplot.title to set the title of the plot.\n    # Hint: Use matplotlib.pyplot.show to display the plot.\n    # Hint: Use matplotlib,12.271926879882812,14.236900329589844
46,13147,bigcodebench,BigCodeBench/367,367,codellama_base,200,same_text__bigcodebench__task_0367__gen_00__BigCodeBench_367.npz,True,both_fail,26.473751068115234,19,9.5,  ,"  # TODO: Implement task_func\n    # raise NotImplementedError\n    if not all(isinstance(activity, datetime) for activity in activities):\n        raise TypeError(""Activities must",6.526420593261719,19.9495849609375
47,13147,bigcodebench,BigCodeBench/705,705,codellama_base,513,same_text__bigcodebench__task_0705__gen_00__BigCodeBench_705.npz,True,both_fail,26.284746170043945,89,17.348927875243664,  ,.\n    # Hint: Use np.random.seed() to set the random seed to 0.\n    # Hint: Use np.random.normal() to generate a random sample of size 1000 from,9.369773864746094,16.917236328125
48,13147,bigcodebench,BigCodeBench/37,37,codellama_base,511,same_text__bigcodebench__task_0037__gen_00__BigCodeBench_37.npz,True,both_fail,25.564558029174805,19,3.7181996086105675,  ,  # TODO: Implement the function\n    # raise NotImplementedError()\n    # print(df.head(2))\n    # print(target_column)\n    # print(df,5.38723611831665,20.179601669311523
49,13147,bigcodebench,BigCodeBench/31,31,codellama_base,513,same_text__bigcodebench__task_0031__gen_00__BigCodeBench_31.npz,True,both_fail,24.88896942138672,61,11.89083820662768,  ,   # Hint: Use the nltk.FreqDist() function to count the frequency of words.\n    # Hint: Use the nltk.word_tokenize() function to tokenize the text.\n   ,10.39867877960205,14.4925537109375
50,13147,bigcodebench,BigCodeBench/483,483,codellama_base,24,same_text__bigcodebench__task_0483__gen_00__BigCodeBench_483.npz,True,both_fail,23.80294418334961,9,37.5,  ,  # TODO: Implement this function\n    # Hint: Use the helper function below\n    return df\n,5.8764967918396,17.9287052154541
